rustc: rustc 1.86.0 (05f9846f8 2025-03-31)
cargo: cargo 1.86.0 (adf9b6ad1 2025-02-28)
Branch: feature/fast-eq-delete-offload
[1m[32m    Updating[0m crates.io index
[1m[32m Downloading[0m crates ...
[1m[32m  Downloaded[0m atomic v0.6.0
[1m[32m  Downloaded[0m aws-smithy-xml v0.60.9
[1m[32m  Downloaded[0m alloc-stdlib v0.2.2
[1m[32m  Downloaded[0m atoi v2.0.0
[1m[32m  Downloaded[0m alloc-no-stdlib v2.0.4
[1m[32m  Downloaded[0m arrayvec v0.7.6
[1m[32m  Downloaded[0m adler2 v2.0.0
[1m[32m  Downloaded[0m ahash v0.7.8
[1m[32m  Downloaded[0m icu_locid v1.5.0
[1m[32m  Downloaded[0m arrayref v0.3.9
[1m[32m  Downloaded[0m lock_api v0.4.12
[1m[32m  Downloaded[0m aws-credential-types v1.2.3
[1m[32m  Downloaded[0m ahash v0.8.11
[1m[32m  Downloaded[0m aws-runtime v1.5.7
[1m[32m  Downloaded[0m num v0.4.3
[1m[32m  Downloaded[0m crypto-common v0.1.6
[1m[32m  Downloaded[0m mime v0.3.17
[1m[32m  Downloaded[0m lru v0.16.0
[1m[32m  Downloaded[0m arrow-arith v56.1.0
[1m[32m  Downloaded[0m pkg-config v0.3.32
[1m[32m  Downloaded[0m bigdecimal v0.4.8
[1m[32m  Downloaded[0m hyper-util v0.1.11
[1m[32m  Downloaded[0m atomic-waker v1.1.2
[1m[32m  Downloaded[0m autocfg v1.4.0
[1m[32m  Downloaded[0m icu_provider_macros v1.5.0
[1m[32m  Downloaded[0m iana-time-zone v0.1.63
[1m[32m  Downloaded[0m parking_lot_core v0.9.10
[1m[32m  Downloaded[0m allocator-api2 v0.2.21
[1m[32m  Downloaded[0m pin-project v1.1.10
[1m[32m  Downloaded[0m num-iter v0.1.45
[1m[32m  Downloaded[0m integer-encoding v3.0.4
[1m[32m  Downloaded[0m num-conv v0.1.0
[1m[32m  Downloaded[0m ident_case v1.0.1
[1m[32m  Downloaded[0m md-5 v0.10.6
[1m[32m  Downloaded[0m lazy_static v1.5.0
[1m[32m  Downloaded[0m icu_locid_transform v1.5.0
[1m[32m  Downloaded[0m litemap v0.7.5
[1m[32m  Downloaded[0m arrow-ord v56.1.0
[1m[32m  Downloaded[0m outref v0.5.2
[1m[32m  Downloaded[0m ptr_meta v0.1.4
[1m[32m  Downloaded[0m cfg_aliases v0.2.1
[1m[32m  Downloaded[0m ptr_meta_derive v0.1.4
[1m[32m  Downloaded[0m prettyplease v0.2.32
[1m[32m  Downloaded[0m paste v1.0.15
[1m[32m  Downloaded[0m psm v0.1.26
[1m[32m  Downloaded[0m pin-utils v0.1.0
[1m[32m  Downloaded[0m idna_adapter v1.2.0
[1m[32m  Downloaded[0m icu_collections v1.5.0
[1m[32m  Downloaded[0m block-buffer v0.10.4
[1m[32m  Downloaded[0m proc-macro-crate v3.3.0
[1m[32m  Downloaded[0m icu_properties v1.5.1
[1m[32m  Downloaded[0m zerovec-derive v0.10.3
[1m[32m  Downloaded[0m deranged v0.4.0
[1m[32m  Downloaded[0m pkcs8 v0.10.2
[1m[32m  Downloaded[0m pkcs1 v0.7.5
[1m[32m  Downloaded[0m derive-getters v0.5.0
[1m[32m  Downloaded[0m proc-macro2 v1.0.95
[1m[32m  Downloaded[0m zstd v0.13.3
[1m[32m  Downloaded[0m lexical-write-integer v1.0.5
[1m[32m  Downloaded[0m icu_normalizer v1.5.0
[1m[32m  Downloaded[0m num-bigint v0.4.6
[1m[32m  Downloaded[0m libbz2-rs-sys v0.2.1
[1m[32m  Downloaded[0m icu_provider v1.5.0
[1m[32m  Downloaded[0m num-traits v0.2.19
[1m[32m  Downloaded[0m miniz_oxide v0.8.8
[1m[32m  Downloaded[0m flatbuffers v25.2.10
[1m[32m  Downloaded[0m either v1.15.0
[1m[32m  Downloaded[0m quinn v0.11.7
[1m[32m  Downloaded[0m parse-zoneinfo v0.3.1
[1m[32m  Downloaded[0m futures-macro v0.3.31
[1m[32m  Downloaded[0m quick-xml v0.38.0
[1m[32m  Downloaded[0m hmac v0.12.1
[1m[32m  Downloaded[0m itertools v0.14.0
[1m[32m  Downloaded[0m idna v1.1.0
[1m[32m  Downloaded[0m fnv v1.0.7
[1m[32m  Downloaded[0m num-bigint-dig v0.8.4
[1m[32m  Downloaded[0m memchr v2.7.4
[1m[32m  Downloaded[0m lexical-write-float v1.0.5
[1m[32m  Downloaded[0m lexical-util v1.0.6
[1m[32m  Downloaded[0m indexmap v2.11.3
[1m[32m  Downloaded[0m mio v1.0.3
[1m[32m  Downloaded[0m indexmap v1.9.3
[1m[32m  Downloaded[0m crunchy v0.2.3
[1m[32m  Downloaded[0m bytecheck_derive v0.6.12
[1m[32m  Downloaded[0m mime_guess v2.0.5
[1m[32m  Downloaded[0m lz4_flex v0.11.3
[1m[32m  Downloaded[0m log v0.4.27
[1m[32m  Downloaded[0m icu_locid_transform_data v1.5.1
[1m[32m  Downloaded[0m openssl-sys v0.9.108
[1m[32m  Downloaded[0m icu_normalizer_data v1.5.1
[1m[32m  Downloaded[0m pin-project-lite v0.2.16
[1m[32m  Downloaded[0m pem-rfc7468 v0.7.0
[1m[32m  Downloaded[0m lexical-core v1.0.5
[1m[32m  Downloaded[0m jobserver v0.1.33
[1m[32m  Downloaded[0m const-random v0.1.18
[1m[32m  Downloaded[0m aws-smithy-query v0.60.7
[1m[32m  Downloaded[0m pin-project-internal v1.1.10
[1m[32m  Downloaded[0m lexical-parse-integer v1.0.5
[1m[32m  Downloaded[0m ppv-lite86 v0.2.21
[1m[32m  Downloaded[0m powerfmt v0.2.0
[1m[32m  Downloaded[0m phf_shared v0.11.3
[1m[32m  Downloaded[0m phf_generator v0.11.3
[1m[32m  Downloaded[0m phf v0.11.3
[1m[32m  Downloaded[0m percent-encoding v2.3.2
[1m[32m  Downloaded[0m once_cell v1.21.3
[1m[32m  Downloaded[0m num-complex v0.4.6
[1m[32m  Downloaded[0m futures-io v0.3.31
[1m[32m  Downloaded[0m libm v0.2.14
[1m[32m  Downloaded[0m http-body-util v0.1.3
[1m[32m  Downloaded[0m httparse v1.10.1
[1m[32m  Downloaded[0m rustls-native-certs v0.6.3
[1m[32m  Downloaded[0m petgraph v0.8.2
[1m[32m  Downloaded[0m sqlx-macros-core v0.8.5
[1m[32m  Downloaded[0m stacker v0.1.21
[1m[32m  Downloaded[0m libc v0.2.175
[1m[32m  Downloaded[0m crc-catalog v2.4.0
[1m[32m  Downloaded[0m fixedbitset v0.5.7
[1m[32m  Downloaded[0m rustls-pki-types v1.11.0
[1m[32m  Downloaded[0m rustls-pemfile v2.2.0
[1m[32m  Downloaded[0m rustls-native-certs v0.8.1
[1m[32m  Downloaded[0m recursive v0.1.1
[1m[32m  Downloaded[0m linux-raw-sys v0.9.4
[1m[32m  Downloaded[0m crossbeam-queue v0.3.12
[1m[32m  Downloaded[0m slab v0.4.9
[1m[32m  Downloaded[0m siphasher v1.0.1
[1m[32m  Downloaded[0m scopeguard v1.2.0
[1m[32m  Downloaded[0m crc v3.2.1
[1m[32m  Downloaded[0m wyz v0.5.1
[1m[32m  Downloaded[0m serde v1.0.225
[1m[32m  Downloaded[0m unicode-ident v1.0.18
[1m[32m  Downloaded[0m unicode-properties v0.1.3
[1m[32m  Downloaded[0m spin v0.5.2
[1m[32m  Downloaded[0m time-macros v0.2.22
[1m[32m  Downloaded[0m rkyv v0.7.45
[1m[32m  Downloaded[0m aws-smithy-observability v0.1.3
[1m[32m  Downloaded[0m datafusion-physical-expr v50.0.0
[1m[32m  Downloaded[0m webpki-roots v0.26.10
[1m[32m  Downloaded[0m sqlparser v0.58.0
[1m[32m  Downloaded[0m zerofrom v0.1.6
[1m[32m  Downloaded[0m yoke-derive v0.7.5
[1m[32m  Downloaded[0m tempfile v3.19.1
[1m[32m  Downloaded[0m regex-syntax v0.8.6
[1m[32m  Downloaded[0m serde_urlencoded v0.7.1
[1m[32m  Downloaded[0m hashbrown v0.14.5
[1m[32m  Downloaded[0m futures-channel v0.3.31
[1m[32m  Downloaded[0m funty v2.0.0
[1m[32m  Downloaded[0m fs_extra v1.3.0
[1m[32m  Downloaded[0m home v0.5.11
[1m[32m  Downloaded[0m glob v0.3.2
[1m[32m  Downloaded[0m generic-array v0.14.7
[1m[32m  Downloaded[0m datafusion-datasource-parquet v50.0.0
[1m[32m  Downloaded[0m futures-executor v0.3.31
[1m[32m  Downloaded[0m thiserror v2.0.12
[1m[32m  Downloaded[0m synstructure v0.13.2
[1m[32m  Downloaded[0m rust_decimal v1.37.1
[1m[32m  Downloaded[0m tower-layer v0.3.3
[1m[32m  Downloaded[0m yoke v0.7.5
[1m[32m  Downloaded[0m untrusted v0.9.0
[1m[32m  Downloaded[0m hyper-rustls v0.27.5
[1m[32m  Downloaded[0m signature v2.2.0
[1m[32m  Downloaded[0m rustc-hash v2.1.1
[1m[32m  Downloaded[0m serde_derive v1.0.225
[1m[32m  Downloaded[0m serde_repr v0.1.20
[1m[32m  Downloaded[0m serde_core v1.0.225
[1m[32m  Downloaded[0m serde_bytes v0.11.17
[1m[32m  Downloaded[0m hashbrown v0.12.3
[1m[32m  Downloaded[0m arrow-csv v56.1.0
[1m[32m  Downloaded[0m secrecy v0.8.0
[1m[32m  Downloaded[0m darling_core v0.20.11
[1m[32m  Downloaded[0m shlex v1.3.0
[1m[32m  Downloaded[0m quote v1.0.40
[1m[32m  Downloaded[0m write16 v1.0.0
[1m[32m  Downloaded[0m signal-hook-registry v1.4.5
[1m[32m  Downloaded[0m semver v1.0.26
[1m[32m  Downloaded[0m recursive-proc-macro-impl v0.1.1
[1m[32m  Downloaded[0m urlencoding v2.1.3
[1m[32m  Downloaded[0m untrusted v0.7.1
[1m[32m  Downloaded[0m tinyvec v1.9.0
[1m[32m  Downloaded[0m crc32fast v1.4.2
[1m[32m  Downloaded[0m hyper-rustls v0.24.2
[1m[32m  Downloaded[0m tokio-rustls v0.26.2
[1m[32m  Downloaded[0m tokio-native-tls v0.3.1
[1m[32m  Downloaded[0m strum v0.27.1
[1m[32m  Downloaded[0m datafusion-functions-aggregate v50.0.0
[1m[32m  Downloaded[0m thiserror-impl v2.0.12
[1m[32m  Downloaded[0m sync_wrapper v1.0.2
[1m[32m  Downloaded[0m subtle v2.6.1
[1m[32m  Downloaded[0m strsim v0.11.1
[1m[32m  Downloaded[0m base64ct v1.7.3
[1m[32m  Downloaded[0m tap v1.0.1
[1m[32m  Downloaded[0m getrandom v0.3.2
[1m[32m  Downloaded[0m futures-core v0.3.31
[1m[32m  Downloaded[0m half v2.6.0
[1m[32m  Downloaded[0m darling v0.20.11
[1m[32m  Downloaded[0m csv-core v0.1.12
[1m[32m  Downloaded[0m form_urlencoded v1.2.2
[1m[32m  Downloaded[0m foreign-types-shared v0.1.1
[1m[32m  Downloaded[0m foreign-types v0.3.2
[1m[32m  Downloaded[0m equivalent v1.0.2
[1m[32m  Downloaded[0m dotenvy v0.15.7
[1m[32m  Downloaded[0m displaydoc v0.2.5
[1m[32m  Downloaded[0m datafusion-execution v50.0.0
[1m[32m  Downloaded[0m ring v0.17.14
[1m[32m  Downloaded[0m quinn-udp v0.5.12
[1m[32m  Downloaded[0m twox-hash v1.6.3
[1m[32m  Downloaded[0m toml_datetime v0.6.9
[1m[32m  Downloaded[0m tokio-rustls v0.24.1
[1m[32m  Downloaded[0m tinyvec_macros v0.1.1
[1m[32m  Downloaded[0m errno v0.3.11
[1m[32m  Downloaded[0m datafusion-doc v50.0.0
[1m[32m  Downloaded[0m datafusion-physical-plan v50.0.0
[1m[32m  Downloaded[0m bytes-utils v0.1.4
[1m[32m  Downloaded[0m csv v1.3.1
[1m[32m  Downloaded[0m getrandom v0.2.16
[1m[32m  Downloaded[0m zstd-sys v2.0.15+zstd.1.5.7
[1m[32m  Downloaded[0m h2 v0.4.10
[1m[32m  Downloaded[0m syn v2.0.106
[1m[32m  Downloaded[0m hyper v1.6.0
[1m[32m  Downloaded[0m syn v1.0.109
[1m[32m  Downloaded[0m tokio-util v0.7.16
[1m[32m  Downloaded[0m hyper v0.14.32
[1m[32m  Downloaded[0m utf16_iter v1.0.5
[1m[32m  Downloaded[0m unicode-width v0.2.0
[1m[32m  Downloaded[0m zerocopy v0.8.25
[1m[32m  Downloaded[0m bitflags v2.9.0
[1m[32m  Downloaded[0m futures-util v0.3.31
[1m[32m  Downloaded[0m datafusion-datasource v50.0.0
[1m[32m  Downloaded[0m rsa v0.9.8
[1m[32m  Downloaded[0m tokio v1.47.0
[1m[32m  Downloaded[0m tokio-macros v2.5.0
[1m[32m  Downloaded[0m encoding_rs v0.8.35
[1m[32m  Downloaded[0m toml_edit v0.22.26
[1m[32m  Downloaded[0m arrow v56.1.0
[1m[32m  Downloaded[0m unicode-normalization v0.1.24
[1m[32m  Downloaded[0m borsh-derive v1.5.7
[1m[32m  Downloaded[0m time v0.3.41
[1m[32m  Downloaded[0m regex v1.11.1
[1m[32m  Downloaded[0m aws-smithy-async v1.2.5
[1m[32m  Downloaded[0m reqwest v0.12.15
[1m[32m  Downloaded[0m bzip2 v0.5.2
[1m[32m  Downloaded[0m hkdf v0.12.4
[1m[32m  Downloaded[0m datafusion-sql v50.0.0
[1m[32m  Downloaded[0m datafusion v50.0.0
[1m[32m  Downloaded[0m aws-smithy-types v0.33.1
[1m[32m  Downloaded[0m futures v0.3.31
[1m[32m  Downloaded[0m der v0.7.10
[1m[32m  Downloaded[0m datafusion-physical-optimizer v50.0.0
[1m[32m  Downloaded[0m rustix v1.0.7
[1m[32m  Downloaded[0m aws-sigv4 v0.3.1
[1m[32m  Downloaded[0m async-trait v0.1.89
[1m[32m  Downloaded[0m bytecheck v0.6.12
[1m[32m  Downloaded[0m sqlx v0.8.5
[1m[32m  Downloaded[0m darling_macro v0.20.11
[1m[32m  Downloaded[0m rustls-webpki v0.101.7
[1m[32m  Downloaded[0m sqlx-postgres v0.8.5
[1m[32m  Downloaded[0m regex-automata v0.4.9
[1m[32m  Downloaded[0m arrow-string v56.1.0
[1m[32m  Downloaded[0m arrow-row v56.1.0
[1m[32m  Downloaded[0m apache-avro v0.18.0
[1m[32m  Downloaded[0m xmlparser v0.13.6
[1m[32m  Downloaded[0m bon v3.6.3
[1m[32m  Downloaded[0m blake2 v0.10.6
[1m[32m  Downloaded[0m sqlx-core v0.8.5
[1m[32m  Downloaded[0m snap v1.1.1
[1m[32m  Downloaded[0m tracing v0.1.41
[1m[32m  Downloaded[0m sqlx-sqlite v0.8.5
[1m[32m  Downloaded[0m spki v0.7.3
[1m[32m  Downloaded[0m concurrent-queue v2.5.0
[1m[32m  Downloaded[0m socket2 v0.5.9
[1m[32m  Downloaded[0m rustls-webpki v0.103.2
[1m[32m  Downloaded[0m datafusion-functions-nested v50.0.0
[1m[32m  Downloaded[0m try-lock v0.2.5
[1m[32m  Downloaded[0m tower-service v0.3.3
[1m[32m  Downloaded[0m typenum v1.18.0
[1m[32m  Downloaded[0m tinystr v0.7.6
[1m[32m  Downloaded[0m tiny-keccak v2.0.2
[1m[32m  Downloaded[0m time-core v0.1.4
[1m[32m  Downloaded[0m thrift v0.17.0
[1m[32m  Downloaded[0m spin v0.9.8
[1m[32m  Downloaded[0m socket2 v0.6.0
[1m[32m  Downloaded[0m sqlx-mysql v0.8.5
[1m[32m  Downloaded[0m rustls v0.23.27
[1m[32m  Downloaded[0m hyper-tls v0.6.0
[1m[32m  Downloaded[0m dunce v1.0.5
[1m[32m  Downloaded[0m rustls v0.21.12
[1m[32m  Downloaded[0m utf8_iter v1.0.4
[1m[32m  Downloaded[0m rand v0.9.1
[1m[32m  Downloaded[0m seq-macro v0.3.6
[1m[32m  Downloaded[0m rend v0.4.2
[1m[32m  Downloaded[0m radium v0.7.0
[1m[32m  Downloaded[0m bzip2 v0.6.0
[1m[32m  Downloaded[0m hex v0.4.3
[1m[32m  Downloaded[0m hashlink v0.10.0
[1m[32m  Downloaded[0m tokio-stream v0.1.17
[1m[32m  Downloaded[0m digest v0.10.7
[1m[32m  Downloaded[0m derive_builder_macro v0.20.2
[1m[32m  Downloaded[0m derive_builder_core v0.20.2
[1m[32m  Downloaded[0m derive_builder v0.20.2
[1m[32m  Downloaded[0m datafusion-session v50.0.0
[1m[32m  Downloaded[0m datafusion-physical-expr-common v50.0.0
[1m[32m  Downloaded[0m datafusion-physical-expr-adapter v50.0.0
[1m[32m  Downloaded[0m xz2 v0.1.7
[1m[32m  Downloaded[0m ryu v1.0.20
[1m[32m  Downloaded[0m event-listener v5.4.0
[1m[32m  Downloaded[0m datafusion-functions-aggregate-common v50.0.0
[1m[32m  Downloaded[0m twox-hash v2.1.0
[1m[32m  Downloaded[0m rand v0.8.5
[1m[32m  Downloaded[0m hashbrown v0.15.3
[1m[32m  Downloaded[0m crossbeam-utils v0.8.21
[1m[32m  Downloaded[0m h2 v0.3.26
[1m[32m  Downloaded[0m bytemuck v1.23.0
[1m[32m  Downloaded[0m aws-smithy-http v0.62.1
[1m[32m  Downloaded[0m libsqlite3-sys v0.30.1
[1m[32m  Downloaded[0m writeable v0.5.5
[1m[32m  Downloaded[0m arrow-data v56.1.0
[1m[32m  Downloaded[0m const-oid v0.9.6
[1m[32m  Downloaded[0m aws-smithy-http v0.33.1
[1m[32m  Downloaded[0m strum_macros v0.27.1
[1m[32m  Downloaded[0m simdutf8 v0.1.5
[1m[32m  Downloaded[0m sct v0.7.1
[1m[32m  Downloaded[0m http-body v1.0.1
[1m[32m  Downloaded[0m fastrand v2.3.0
[1m[32m  Downloaded[0m datafusion-functions-window-common v50.0.0
[1m[32m  Downloaded[0m datafusion-functions-table v50.0.0
[1m[32m  Downloaded[0m datafusion-catalog-listing v50.0.0
[1m[32m  Downloaded[0m whoami v1.6.0
[1m[32m  Downloaded[0m unicase v2.8.1
[1m[32m  Downloaded[0m static_assertions v1.1.0
[1m[32m  Downloaded[0m smallvec v1.15.0
[1m[32m  Downloaded[0m cmake v0.1.54
[1m[32m  Downloaded[0m cfg-if v1.0.0
[1m[32m  Downloaded[0m same-file v1.0.6
[1m[32m  Downloaded[0m rustversion v1.0.20
[1m[32m  Downloaded[0m humantime v2.2.0
[1m[32m  Downloaded[0m httpdate v1.0.3
[1m[32m  Downloaded[0m http-body v0.4.6
[1m[32m  Downloaded[0m heck v0.5.0
[1m[32m  Downloaded[0m futures-task v0.3.31
[1m[32m  Downloaded[0m futures-sink v0.3.31
[1m[32m  Downloaded[0m foldhash v0.1.5
[1m[32m  Downloaded[0m datafusion-macros v50.0.0
[1m[32m  Downloaded[0m datafusion-common-runtime v50.0.0
[1m[32m  Downloaded[0m want v0.3.1
[1m[32m  Downloaded[0m vsimd v0.8.0
[1m[32m  Downloaded[0m version_check v0.9.5
[1m[32m  Downloaded[0m stringprep v0.1.5
[1m[32m  Downloaded[0m stable_deref_trait v1.2.0
[1m[32m  Downloaded[0m sqlx-macros v0.8.5
[1m[32m  Downloaded[0m sqlparser_derive v0.3.0
[1m[32m  Downloaded[0m sha1 v0.10.6
[1m[32m  Downloaded[0m futures-intrusive v0.5.0
[1m[32m  Downloaded[0m byteorder v1.5.0
[1m[32m  Downloaded[0m aws-smithy-json v0.61.3
[1m[32m  Downloaded[0m chrono-tz-build v0.4.1
[1m[32m  Downloaded[0m rand_core v0.9.3
[1m[32m  Downloaded[0m rand_core v0.6.4
[1m[32m  Downloaded[0m rand_chacha v0.9.0
[1m[32m  Downloaded[0m rand_chacha v0.3.1
[1m[32m  Downloaded[0m datafusion-functions-window v50.0.0
[1m[32m  Downloaded[0m datafusion-catalog v50.0.0
[1m[32m  Downloaded[0m walkdir v2.5.0
[1m[32m  Downloaded[0m rustls-pemfile v1.0.4
[1m[32m  Downloaded[0m serde_with_macros v3.12.0
[1m[32m  Downloaded[0m lzma-sys v0.1.20
[1m[32m  Downloaded[0m aws-types v1.3.7
[1m[32m  Downloaded[0m flume v0.11.1
[1m[32m  Downloaded[0m parquet v56.1.0
[1m[32m  Downloaded[0m zeroize v1.8.1
[1m[32m  Downloaded[0m unicode-bidi v0.3.18
[1m[32m  Downloaded[0m tracing-attributes v0.1.28
[1m[32m  Downloaded[0m datafusion-optimizer v50.0.0
[1m[32m  Downloaded[0m datafusion-expr v50.0.0
[1m[32m  Downloaded[0m datafusion-common v50.0.0
[1m[32m  Downloaded[0m zerofrom-derive v0.1.6
[1m[32m  Downloaded[0m zlib-rs v0.5.1
[1m[32m  Downloaded[0m tracing-futures v0.2.5
[1m[32m  Downloaded[0m aws-sdk-sso v1.66.0
[1m[32m  Downloaded[0m vcpkg v0.2.15
[1m[32m  Downloaded[0m quinn-proto v0.11.11
[1m[32m  Downloaded[0m rustc_version v0.4.1
[1m[32m  Downloaded[0m openssl v0.10.72
[1m[32m  Downloaded[0m object_store v0.12.3
[1m[32m  Downloaded[0m lexical-parse-float v1.0.5
[1m[32m  Downloaded[0m icu_properties_data v1.5.1
[1m[32m  Downloaded[0m cpufeatures v0.2.17
[1m[32m  Downloaded[0m base64-simd v0.8.0
[1m[32m  Downloaded[0m winnow v0.7.9
[1m[32m  Downloaded[0m aws-sigv4 v1.3.1
[1m[32m  Downloaded[0m arrow-schema v56.1.0
[1m[32m  Downloaded[0m constant_time_eq v0.3.1
[1m[32m  Downloaded[0m native-tls v0.2.14
[1m[32m  Downloaded[0m itoa v1.0.15
[1m[32m  Downloaded[0m itoa v0.4.8
[1m[32m  Downloaded[0m ipnet v2.11.0
[1m[32m  Downloaded[0m async-compression v0.4.19
[1m[32m  Downloaded[0m const-random-macro v0.1.16
[1m[32m  Downloaded[0m phf_codegen v0.11.3
[1m[32m  Downloaded[0m parking_lot v0.12.3
[1m[32m  Downloaded[0m parking v2.2.1
[1m[32m  Downloaded[0m ordered-float v5.0.0
[1m[32m  Downloaded[0m num-rational v0.4.2
[1m[32m  Downloaded[0m num-integer v0.1.46
[1m[32m  Downloaded[0m murmur3 v0.5.2
[1m[32m  Downloaded[0m ordered-float v2.10.1
[1m[32m  Downloaded[0m openssl-probe v0.1.6
[1m[32m  Downloaded[0m openssl-macros v0.1.1
[1m[32m  Downloaded[0m libz-rs-sys v0.5.1
[1m[32m  Downloaded[0m ring v0.16.20
[1m[32m  Downloaded[0m rkyv_derive v0.7.45
[1m[32m  Downloaded[0m arrow-json v56.1.0
[1m[32m  Downloaded[0m datafusion-datasource-json v50.0.0
[1m[32m  Downloaded[0m datafusion-datasource-csv v50.0.0
[1m[32m  Downloaded[0m zstd-safe v7.2.4
[1m[32m  Downloaded[0m sha2 v0.10.9
[1m[32m  Downloaded[0m dashmap v6.1.0
[1m[32m  Downloaded[0m base64 v0.21.7
[1m[32m  Downloaded[0m seahash v4.1.0
[1m[32m  Downloaded[0m aws-smithy-types v1.3.1
[1m[32m  Downloaded[0m aws-smithy-runtime-api v1.8.0
[1m[32m  Downloaded[0m tracing-core v0.1.33
[1m[32m  Downloaded[0m aws-sdk-ssooidc v1.67.0
[1m[32m  Downloaded[0m comfy-table v7.1.4
[1m[32m  Downloaded[0m arrow-buffer v56.1.0
[1m[32m  Downloaded[0m borsh v1.5.7
[1m[32m  Downloaded[0m base64 v0.22.1
[1m[32m  Downloaded[0m uuid v1.18.1
[1m[32m  Downloaded[0m datafusion-pruning v50.0.0
[1m[32m  Downloaded[0m bytes v1.10.1
[1m[32m  Downloaded[0m bon-macros v3.6.3
[1m[32m  Downloaded[0m arrow-select v56.1.0
[1m[32m  Downloaded[0m aws-smithy-runtime v1.8.3
[1m[32m  Downloaded[0m aws-smithy-http-client v1.0.1
[1m[32m  Downloaded[0m flate2 v1.1.2
[1m[32m  Downloaded[0m url v2.5.7
[1m[32m  Downloaded[0m cc v1.2.21
[1m[32m  Downloaded[0m aws-config v1.6.2
[1m[32m  Downloaded[0m arrow-cast v56.1.0
[1m[32m  Downloaded[0m datafusion-expr-common v50.0.0
[1m[32m  Downloaded[0m regex-lite v0.1.6
[1m[32m  Downloaded[0m unicode-segmentation v1.12.0
[1m[32m  Downloaded[0m tower v0.5.2
[1m[32m  Downloaded[0m http v0.2.12
[1m[32m  Downloaded[0m arrow-ipc v56.1.0
[1m[32m  Downloaded[0m aho-corasick v1.1.3
[1m[32m  Downloaded[0m http v1.3.1
[1m[32m  Downloaded[0m aws-lc-rs v1.13.0
[1m[32m  Downloaded[0m zerovec v0.10.4
[1m[32m  Downloaded[0m aws-sdk-sts v1.67.0
[1m[32m  Downloaded[0m zerocopy v0.7.35
[1m[32m  Downloaded[0m serde_json v1.0.140
[1m[32m  Downloaded[0m serde_with v3.12.0
[1m[32m  Downloaded[0m blake3 v1.8.2
[1m[32m  Downloaded[0m arrow-array v56.1.0
[1m[32m  Downloaded[0m brotli-decompressor v5.0.0
[1m[32m  Downloaded[0m aws-sdk-s3tables v1.18.0
[1m[32m  Downloaded[0m chrono v0.4.41
[1m[32m  Downloaded[0m datafusion-functions v50.0.0
[1m[32m  Downloaded[0m bitvec v1.0.1
[1m[32m  Downloaded[0m chrono-tz v0.10.3
[1m[32m  Downloaded[0m bzip2-sys v0.1.13+1.0.8
[1m[32m  Downloaded[0m brotli v8.0.1
[1m[32m  Downloaded[0m aws-sdk-glue v1.92.0
[1m[32m  Downloaded[0m aws-lc-sys v0.28.2
[1m[32m   Compiling[0m libc v0.2.175
[1m[32m   Compiling[0m proc-macro2 v1.0.95
[1m[32m   Compiling[0m unicode-ident v1.0.18
[1m[32m   Compiling[0m autocfg v1.4.0
[1m[32m   Compiling[0m cfg-if v1.0.0
[1m[32m   Compiling[0m memchr v2.7.4
[1m[32m   Compiling[0m libm v0.2.14
[1m[32m   Compiling[0m bytes v1.10.1
[1m[32m   Compiling[0m serde_core v1.0.225
[1m[32m   Compiling[0m serde v1.0.225
[1m[32m   Compiling[0m shlex v1.3.0
[1m[32m   Compiling[0m itoa v1.0.15
[1m[32m     Running[0m `/usr/local/rustup/toolchains/1.86.0-aarch64-unknown-linux-gnu/bin/rustc --crate-name build_script_build --edition=2021 /usr/local/cargo/registry/src/index.crates.io-1949cf8c6b5b557f/libc-0.2.175/build.rs --error-format=json --json=diagnostic-rendered-ansi,artifacts,future-incompat --crate-type bin --emit=dep-info,link -C embed-bitcode=no '--allow=clippy::used_underscore_binding' --allow=unused_qualifications '--warn=clippy::unnecessary_semicolon' '--allow=clippy::unnecessary_cast' '--allow=clippy::uninlined_format_args' '--warn=clippy::ptr_as_ptr' '--allow=clippy::non_minimal_cfg' '--allow=clippy::missing_safety_doc' '--warn=clippy::map_unwrap_or' '--warn=clippy::manual_assert' '--allow=clippy::identity_op' '--warn=clippy::explicit_iter_loop' '--allow=clippy::expl_impl_clone_on_copy' --cfg 'feature="default"' --cfg 'feature="std"' --check-cfg 'cfg(docsrs,test)' --check-cfg 'cfg(feature, values("align", "const-extern-fn", "default", "extra_traits", "rustc-dep-of-std", "rustc-std-workspace-core", "std", "use_std"))' -C metadata=b76167ba52b72c8d -C extra-filename=-7e307a3382f5225f --out-dir /work/target/debug/build/libc-7e307a3382f5225f -L dependency=/work/target/debug/deps --cap-lints allow`
[1m[32m     Running[0m `/usr/local/rustup/toolchains/1.86.0-aarch64-unknown-linux-gnu/bin/rustc --crate-name build_script_build --edition=2021 /usr/local/cargo/registry/src/index.crates.io-1949cf8c6b5b557f/proc-macro2-1.0.95/build.rs --error-format=json --json=diagnostic-rendered-ansi,artifacts,future-incompat --crate-type bin --emit=dep-info,link -C embed-bitcode=no --cfg 'feature="default"' --cfg 'feature="proc-macro"' --check-cfg 'cfg(docsrs,test)' --check-cfg 'cfg(feature, values("default", "nightly", "proc-macro", "span-locations"))' -C metadata=a93d6e39e24002fd -C extra-filename=-a554d4393e557f0b --out-dir /work/target/debug/build/proc-macro2-a554d4393e557f0b -L dependency=/work/target/debug/deps --cap-lints allow`
[1m[32m     Running[0m `/usr/local/rustup/toolchains/1.86.0-aarch64-unknown-linux-gnu/bin/rustc --crate-name unicode_ident --edition=2018 /usr/local/cargo/registry/src/index.crates.io-1949cf8c6b5b557f/unicode-ident-1.0.18/src/lib.rs --error-format=json --json=diagnostic-rendered-ansi,artifacts,future-incompat --crate-type lib --emit=dep-info,metadata,link -C embed-bitcode=no --check-cfg 'cfg(docsrs,test)' --check-cfg 'cfg(feature, values())' -C metadata=8f7820cea5f68889 -C extra-filename=-6f26e1eca8f11fd2 --out-dir /work/target/debug/deps -L dependency=/work/target/debug/deps --cap-lints allow`
[1m[32m     Running[0m `/usr/local/rustup/toolchains/1.86.0-aarch64-unknown-linux-gnu/bin/rustc --crate-name autocfg --edition=2015 /usr/local/cargo/registry/src/index.crates.io-1949cf8c6b5b557f/autocfg-1.4.0/src/lib.rs --error-format=json --json=diagnostic-rendered-ansi,artifacts,future-incompat --crate-type lib --emit=dep-info,metadata,link -C embed-bitcode=no --check-cfg 'cfg(docsrs,test)' --check-cfg 'cfg(feature, values())' -C metadata=113e67a6db934268 -C extra-filename=-1c69080fe292cc5c --out-dir /work/target/debug/deps -L dependency=/work/target/debug/deps --cap-lints allow`
[1m[32m     Running[0m `/usr/local/rustup/toolchains/1.86.0-aarch64-unknown-linux-gnu/bin/rustc --crate-name cfg_if --edition=2018 /usr/local/cargo/registry/src/index.crates.io-1949cf8c6b5b557f/cfg-if-1.0.0/src/lib.rs --error-format=json --json=diagnostic-rendered-ansi,artifacts,future-incompat --crate-type lib --emit=dep-info,metadata,link -C embed-bitcode=no -C debuginfo=2 --check-cfg 'cfg(docsrs,test)' --check-cfg 'cfg(feature, values("compiler_builtins", "core", "rustc-dep-of-std"))' -C metadata=c834c671814220c9 -C extra-filename=-3d86f520ef21fd6a --out-dir /work/target/debug/deps -L dependency=/work/target/debug/deps --cap-lints allow`
[1m[32m     Running[0m `/usr/local/rustup/toolchains/1.86.0-aarch64-unknown-linux-gnu/bin/rustc --crate-name memchr --edition=2021 /usr/local/cargo/registry/src/index.crates.io-1949cf8c6b5b557f/memchr-2.7.4/src/lib.rs --error-format=json --json=diagnostic-rendered-ansi,artifacts,future-incompat --crate-type lib --emit=dep-info,metadata,link -C embed-bitcode=no -C debuginfo=2 --cfg 'feature="alloc"' --cfg 'feature="default"' --cfg 'feature="std"' --check-cfg 'cfg(docsrs,test)' --check-cfg 'cfg(feature, values("alloc", "compiler_builtins", "core", "default", "libc", "logging", "rustc-dep-of-std", "std", "use_std"))' -C metadata=7a1e4e2e6a70f6ff -C extra-filename=-43e1c146a71885ce --out-dir /work/target/debug/deps -L dependency=/work/target/debug/deps --cap-lints allow`
[1m[32m     Running[0m `/usr/local/rustup/toolchains/1.86.0-aarch64-unknown-linux-gnu/bin/rustc --crate-name build_script_build --edition=2021 /usr/local/cargo/registry/src/index.crates.io-1949cf8c6b5b557f/libm-0.2.14/build.rs --error-format=json --json=diagnostic-rendered-ansi,artifacts,future-incompat --crate-type bin --emit=dep-info,link -C embed-bitcode=no --warn=unexpected_cfgs --check-cfg 'cfg(feature, values("compiler-builtins"))' --cfg 'feature="arch"' --cfg 'feature="default"' --check-cfg 'cfg(docsrs,test)' --check-cfg 'cfg(feature, values("arch", "default", "force-soft-floats", "unstable", "unstable-float", "unstable-intrinsics", "unstable-public-internals"))' -C metadata=d68567039c0a3018 -C extra-filename=-c9186a934ed6d443 --out-dir /work/target/debug/build/libm-c9186a934ed6d443 -L dependency=/work/target/debug/deps --cap-lints allow`
[1m[32m     Running[0m `/usr/local/rustup/toolchains/1.86.0-aarch64-unknown-linux-gnu/bin/rustc --crate-name build_script_build --edition=2021 /usr/local/cargo/registry/src/index.crates.io-1949cf8c6b5b557f/serde-1.0.225/build.rs --error-format=json --json=diagnostic-rendered-ansi,artifacts,future-incompat --crate-type bin --emit=dep-info,link -C embed-bitcode=no --cfg 'feature="alloc"' --cfg 'feature="default"' --cfg 'feature="derive"' --cfg 'feature="rc"' --cfg 'feature="serde_derive"' --cfg 'feature="std"' --check-cfg 'cfg(docsrs,test)' --check-cfg 'cfg(feature, values("alloc", "default", "derive", "rc", "serde_derive", "std", "unstable"))' -C metadata=bed527f4b91b6fcd -C extra-filename=-a91ff366c61adbd4 --out-dir /work/target/debug/build/serde-a91ff366c61adbd4 -L dependency=/work/target/debug/deps --cap-lints allow`
[1m[32m     Running[0m `/usr/local/rustup/toolchains/1.86.0-aarch64-unknown-linux-gnu/bin/rustc --crate-name build_script_build --edition=2021 /usr/local/cargo/registry/src/index.crates.io-1949cf8c6b5b557f/serde_core-1.0.225/build.rs --error-format=json --json=diagnostic-rendered-ansi,artifacts,future-incompat --crate-type bin --emit=dep-info,link -C embed-bitcode=no --cfg 'feature="alloc"' --cfg 'feature="rc"' --cfg 'feature="result"' --cfg 'feature="std"' --check-cfg 'cfg(docsrs,test)' --check-cfg 'cfg(feature, values("alloc", "default", "rc", "result", "std", "unstable"))' -C metadata=a9c4e1a3e731d733 -C extra-filename=-e4eac521f5deb933 --out-dir /work/target/debug/build/serde_core-e4eac521f5deb933 -L dependency=/work/target/debug/deps --cap-lints allow`
[1m[32m     Running[0m `/usr/local/rustup/toolchains/1.86.0-aarch64-unknown-linux-gnu/bin/rustc --crate-name bytes --edition=2018 /usr/local/cargo/registry/src/index.crates.io-1949cf8c6b5b557f/bytes-1.10.1/src/lib.rs --error-format=json --json=diagnostic-rendered-ansi,artifacts,future-incompat --crate-type lib --emit=dep-info,metadata,link -C embed-bitcode=no -C debuginfo=2 --warn=unexpected_cfgs --check-cfg 'cfg(loom)' --cfg 'feature="default"' --cfg 'feature="std"' --check-cfg 'cfg(docsrs,test)' --check-cfg 'cfg(feature, values("default", "extra-platforms", "serde", "std"))' -C metadata=7b66ad4d6080b5de -C extra-filename=-b7f26ff2edee4da7 --out-dir /work/target/debug/deps -L dependency=/work/target/debug/deps --cap-lints allow`
[1m[32m     Running[0m `/usr/local/rustup/toolchains/1.86.0-aarch64-unknown-linux-gnu/bin/rustc --crate-name itoa --edition=2018 /usr/local/cargo/registry/src/index.crates.io-1949cf8c6b5b557f/itoa-1.0.15/src/lib.rs --error-format=json --json=diagnostic-rendered-ansi,artifacts,future-incompat --crate-type lib --emit=dep-info,metadata,link -C embed-bitcode=no -C debuginfo=2 --check-cfg 'cfg(docsrs,test)' --check-cfg 'cfg(feature, values("no-panic"))' -C metadata=5a777226be90b046 -C extra-filename=-da0e5894b0f1e0a5 --out-dir /work/target/debug/deps -L dependency=/work/target/debug/deps --cap-lints allow`
[1m[32m     Running[0m `/usr/local/rustup/toolchains/1.86.0-aarch64-unknown-linux-gnu/bin/rustc --crate-name shlex --edition=2015 /usr/local/cargo/registry/src/index.crates.io-1949cf8c6b5b557f/shlex-1.3.0/src/lib.rs --error-format=json --json=diagnostic-rendered-ansi,artifacts,future-incompat --crate-type lib --emit=dep-info,metadata,link -C embed-bitcode=no --cfg 'feature="default"' --cfg 'feature="std"' --check-cfg 'cfg(docsrs,test)' --check-cfg 'cfg(feature, values("default", "std"))' -C metadata=dc4f85b09fbdf979 -C extra-filename=-31d9838d48cff85f --out-dir /work/target/debug/deps -L dependency=/work/target/debug/deps --cap-lints allow`
[1m[32m   Compiling[0m version_check v0.9.5
[1m[32m     Running[0m `/usr/local/rustup/toolchains/1.86.0-aarch64-unknown-linux-gnu/bin/rustc --crate-name version_check --edition=2015 /usr/local/cargo/registry/src/index.crates.io-1949cf8c6b5b557f/version_check-0.9.5/src/lib.rs --error-format=json --json=diagnostic-rendered-ansi,artifacts,future-incompat --crate-type lib --emit=dep-info,metadata,link -C embed-bitcode=no --check-cfg 'cfg(docsrs,test)' --check-cfg 'cfg(feature, values())' -C metadata=a0e9709acf68d135 -C extra-filename=-b5510daab1a8c766 --out-dir /work/target/debug/deps -L dependency=/work/target/debug/deps --cap-lints allow`
[1m[32m   Compiling[0m ryu v1.0.20
[1m[32m     Running[0m `/usr/local/rustup/toolchains/1.86.0-aarch64-unknown-linux-gnu/bin/rustc --crate-name ryu --edition=2018 /usr/local/cargo/registry/src/index.crates.io-1949cf8c6b5b557f/ryu-1.0.20/src/lib.rs --error-format=json --json=diagnostic-rendered-ansi,artifacts,future-incompat --crate-type lib --emit=dep-info,metadata,link -C embed-bitcode=no -C debuginfo=2 --check-cfg 'cfg(docsrs,test)' --check-cfg 'cfg(feature, values("no-panic", "small"))' -C metadata=c81fccdd226fb121 -C extra-filename=-fd20ddf8b64a1db0 --out-dir /work/target/debug/deps -L dependency=/work/target/debug/deps --cap-lints allow`
[1m[32m   Compiling[0m pin-project-lite v0.2.16
[1m[32m     Running[0m `/usr/local/rustup/toolchains/1.86.0-aarch64-unknown-linux-gnu/bin/rustc --crate-name pin_project_lite --edition=2018 /usr/local/cargo/registry/src/index.crates.io-1949cf8c6b5b557f/pin-project-lite-0.2.16/src/lib.rs --error-format=json --json=diagnostic-rendered-ansi,artifacts,future-incompat --crate-type lib --emit=dep-info,metadata,link -C embed-bitcode=no -C debuginfo=2 --warn=unreachable_pub --warn=unexpected_cfgs '--warn=clippy::undocumented_unsafe_blocks' '--warn=clippy::transmute_undefined_repr' '--warn=clippy::trailing_empty_array' --warn=single_use_lifetimes --warn=rust_2018_idioms '--warn=clippy::pedantic' --warn=non_ascii_idents '--warn=clippy::inline_asm_x86_att_syntax' --warn=improper_ctypes_definitions --warn=improper_ctypes --warn=deprecated_safe '--warn=clippy::default_union_representation' '--warn=clippy::as_underscore' '--warn=clippy::as_ptr_cast_mut' '--warn=clippy::all' '--allow=clippy::unreadable_literal' '--allow=clippy::type_complexity' '--allow=clippy::too_many_lines' '--allow=clippy::too_many_arguments' '--allow=clippy::struct_field_names' '--allow=clippy::struct_excessive_bools' '--allow=clippy::single_match_else' '--allow=clippy::single_match' '--allow=clippy::similar_names' '--allow=clippy::range_plus_one' '--allow=clippy::nonminimal_bool' '--allow=clippy::naive_bytecount' '--allow=clippy::module_name_repetitions' '--allow=clippy::missing_errors_doc' '--allow=clippy::manual_range_contains' '--allow=clippy::manual_assert' '--allow=clippy::lint_groups_priority' '--allow=clippy::incompatible_msrv' '--allow=clippy::float_cmp' '--allow=clippy::doc_markdown' '--allow=clippy::declare_interior_mutable_const' '--allow=clippy::cast_lossless' '--allow=clippy::borrow_as_ptr' '--allow=clippy::bool_assert_comparison' --check-cfg 'cfg(docsrs,test)' --check-cfg 'cfg(feature, values())' -C metadata=8d64df76f0f31e92 -C extra-filename=-489eb5afe2d3bddf --out-dir /work/target/debug/deps -L dependency=/work/target/debug/deps --cap-lints allow`
[1m[32m   Compiling[0m once_cell v1.21.3
[1m[32m     Running[0m `/usr/local/rustup/toolchains/1.86.0-aarch64-unknown-linux-gnu/bin/rustc --crate-name once_cell --edition=2021 /usr/local/cargo/registry/src/index.crates.io-1949cf8c6b5b557f/once_cell-1.21.3/src/lib.rs --error-format=json --json=diagnostic-rendered-ansi,artifacts,future-incompat --crate-type lib --emit=dep-info,metadata,link -C embed-bitcode=no -C debuginfo=2 --cfg 'feature="alloc"' --cfg 'feature="default"' --cfg 'feature="race"' --cfg 'feature="std"' --check-cfg 'cfg(docsrs,test)' --check-cfg 'cfg(feature, values("alloc", "atomic-polyfill", "critical-section", "default", "parking_lot", "portable-atomic", "race", "std", "unstable"))' -C metadata=951422ca9595d72f -C extra-filename=-b19178b062812169 --out-dir /work/target/debug/deps -L dependency=/work/target/debug/deps --cap-lints allow`
[1m[32m   Compiling[0m num-traits v0.2.19
[1m[32m     Running[0m `/usr/local/rustup/toolchains/1.86.0-aarch64-unknown-linux-gnu/bin/rustc --crate-name build_script_build --edition=2021 /usr/local/cargo/registry/src/index.crates.io-1949cf8c6b5b557f/num-traits-0.2.19/build.rs --error-format=json --json=diagnostic-rendered-ansi,artifacts,future-incompat --crate-type bin --emit=dep-info,link -C embed-bitcode=no --cfg 'feature="i128"' --cfg 'feature="libm"' --cfg 'feature="std"' --check-cfg 'cfg(docsrs,test)' --check-cfg 'cfg(feature, values("default", "i128", "libm", "std"))' -C metadata=13b7fec1ee0f3e9a -C extra-filename=-f64c983c272a665f --out-dir /work/target/debug/build/num-traits-f64c983c272a665f -L dependency=/work/target/debug/deps --extern autocfg=/work/target/debug/deps/libautocfg-1c69080fe292cc5c.rlib --cap-lints allow`
[1m[32m   Compiling[0m allocator-api2 v0.2.21
[1m[32m     Running[0m `/usr/local/rustup/toolchains/1.86.0-aarch64-unknown-linux-gnu/bin/rustc --crate-name allocator_api2 --edition=2018 /usr/local/cargo/registry/src/index.crates.io-1949cf8c6b5b557f/allocator-api2-0.2.21/src/lib.rs --error-format=json --json=diagnostic-rendered-ansi,artifacts,future-incompat --crate-type lib --emit=dep-info,metadata,link -C embed-bitcode=no -C debuginfo=2 --warn=unexpected_cfgs --check-cfg 'cfg(no_global_oom_handling)' --cfg 'feature="alloc"' --check-cfg 'cfg(docsrs,test)' --check-cfg 'cfg(feature, values("alloc", "default", "fresh-rust", "nightly", "serde", "std"))' -C metadata=bf41d23bdbf07177 -C extra-filename=-e178994a0984594a --out-dir /work/target/debug/deps -L dependency=/work/target/debug/deps --cap-lints allow`
[1m[32m   Compiling[0m equivalent v1.0.2
[1m[32m     Running[0m `/usr/local/rustup/toolchains/1.86.0-aarch64-unknown-linux-gnu/bin/rustc --crate-name equivalent --edition=2015 /usr/local/cargo/registry/src/index.crates.io-1949cf8c6b5b557f/equivalent-1.0.2/src/lib.rs --error-format=json --json=diagnostic-rendered-ansi,artifacts,future-incompat --crate-type lib --emit=dep-info,metadata,link -C embed-bitcode=no -C debuginfo=2 --check-cfg 'cfg(docsrs,test)' --check-cfg 'cfg(feature, values())' -C metadata=1aad212f55ca44d5 -C extra-filename=-23a75fce747333ae --out-dir /work/target/debug/deps -L dependency=/work/target/debug/deps --cap-lints allow`
[1m[32m   Compiling[0m futures-core v0.3.31
[1m[32m     Running[0m `/usr/local/rustup/toolchains/1.86.0-aarch64-unknown-linux-gnu/bin/rustc --crate-name futures_core --edition=2018 /usr/local/cargo/registry/src/index.crates.io-1949cf8c6b5b557f/futures-core-0.3.31/src/lib.rs --error-format=json --json=diagnostic-rendered-ansi,artifacts,future-incompat --crate-type lib --emit=dep-info,metadata,link -C embed-bitcode=no -C debuginfo=2 --warn=unreachable_pub --warn=unexpected_cfgs --warn=single_use_lifetimes --warn=rust_2018_idioms --warn=missing_debug_implementations --check-cfg 'cfg(futures_sanitizer)' --cfg 'feature="alloc"' --cfg 'feature="default"' --cfg 'feature="std"' --check-cfg 'cfg(docsrs,test)' --check-cfg 'cfg(feature, values("alloc", "cfg-target-has-atomic", "default", "portable-atomic", "std", "unstable"))' -C metadata=e6db0b1b01b82506 -C extra-filename=-2a3a0b2e17309ffd --out-dir /work/target/debug/deps -L dependency=/work/target/debug/deps --cap-lints allow`
[1m[32m   Compiling[0m log v0.4.27
[1m[32m     Running[0m `/usr/local/rustup/toolchains/1.86.0-aarch64-unknown-linux-gnu/bin/rustc --crate-name log --edition=2021 /usr/local/cargo/registry/src/index.crates.io-1949cf8c6b5b557f/log-0.4.27/src/lib.rs --error-format=json --json=diagnostic-rendered-ansi,artifacts,future-incompat --crate-type lib --emit=dep-info,metadata,link -C embed-bitcode=no -C debuginfo=2 --check-cfg 'cfg(docsrs,test)' --check-cfg 'cfg(feature, values("kv", "kv_serde", "kv_std", "kv_sval", "kv_unstable", "kv_unstable_serde", "kv_unstable_std", "kv_unstable_sval", "max_level_debug", "max_level_error", "max_level_info", "max_level_off", "max_level_trace", "max_level_warn", "release_max_level_debug", "release_max_level_error", "release_max_level_info", "release_max_level_off", "release_max_level_trace", "release_max_level_warn", "serde", "std", "sval", "sval_ref", "value-bag"))' -C metadata=b3131d6d6e8c4481 -C extra-filename=-b9fcf50dffa3f048 --out-dir /work/target/debug/deps -L dependency=/work/target/debug/deps --cap-lints allow`
[1m[32m   Compiling[0m fnv v1.0.7
[1m[32m     Running[0m `/usr/local/rustup/toolchains/1.86.0-aarch64-unknown-linux-gnu/bin/rustc --crate-name fnv --edition=2015 /usr/local/cargo/registry/src/index.crates.io-1949cf8c6b5b557f/fnv-1.0.7/lib.rs --error-format=json --json=diagnostic-rendered-ansi,artifacts,future-incompat --crate-type lib --emit=dep-info,metadata,link -C embed-bitcode=no -C debuginfo=2 --cfg 'feature="default"' --cfg 'feature="std"' --check-cfg 'cfg(docsrs,test)' --check-cfg 'cfg(feature, values("default", "std"))' -C metadata=bd5c13575255ce7e -C extra-filename=-b7b4eec70cbc12ab --out-dir /work/target/debug/deps -L dependency=/work/target/debug/deps --cap-lints allow`
[1m[32m     Running[0m `/work/target/debug/build/libm-c9186a934ed6d443/build-script-build`
[1m[32m   Compiling[0m futures-sink v0.3.31
[1m[32m     Running[0m `/usr/local/rustup/toolchains/1.86.0-aarch64-unknown-linux-gnu/bin/rustc --crate-name futures_sink --edition=2018 /usr/local/cargo/registry/src/index.crates.io-1949cf8c6b5b557f/futures-sink-0.3.31/src/lib.rs --error-format=json --json=diagnostic-rendered-ansi,artifacts,future-incompat --crate-type lib --emit=dep-info,metadata,link -C embed-bitcode=no -C debuginfo=2 --warn=unreachable_pub --warn=unexpected_cfgs --warn=single_use_lifetimes --warn=rust_2018_idioms --warn=missing_debug_implementations --check-cfg 'cfg(futures_sanitizer)' --cfg 'feature="alloc"' --cfg 'feature="default"' --cfg 'feature="std"' --check-cfg 'cfg(docsrs,test)' --check-cfg 'cfg(feature, values("alloc", "default", "std"))' -C metadata=0b4fc6f972f8e828 -C extra-filename=-06a4bc4e92cdd000 --out-dir /work/target/debug/deps -L dependency=/work/target/debug/deps --cap-lints allow`
[1m[32m     Running[0m `/usr/local/rustup/toolchains/1.86.0-aarch64-unknown-linux-gnu/bin/rustc --crate-name libm --edition=2021 /usr/local/cargo/registry/src/index.crates.io-1949cf8c6b5b557f/libm-0.2.14/src/lib.rs --error-format=json --json=diagnostic-rendered-ansi,artifacts,future-incompat --crate-type lib --emit=dep-info,metadata,link -C embed-bitcode=no -C debuginfo=2 --warn=unexpected_cfgs --check-cfg 'cfg(feature, values("compiler-builtins"))' --cfg 'feature="arch"' --cfg 'feature="default"' --check-cfg 'cfg(docsrs,test)' --check-cfg 'cfg(feature, values("arch", "default", "force-soft-floats", "unstable", "unstable-float", "unstable-intrinsics", "unstable-public-internals"))' -C metadata=3c021ac832579d00 -C extra-filename=-47b8d2aaaf677f28 --out-dir /work/target/debug/deps -L dependency=/work/target/debug/deps --cap-lints allow --cfg arch_enabled --check-cfg 'cfg(assert_no_panic)' --check-cfg 'cfg(intrinsics_enabled)' --check-cfg 'cfg(arch_enabled)' --check-cfg 'cfg(optimizations_enabled)' --check-cfg 'cfg(x86_no_sse)' --check-cfg 'cfg(f16_enabled)' --check-cfg 'cfg(f128_enabled)'`
[1m[32m     Running[0m `/work/target/debug/build/proc-macro2-a554d4393e557f0b/build-script-build`
[1m[32m     Running[0m `/work/target/debug/build/libc-7e307a3382f5225f/build-script-build`
[1m[32m     Running[0m `/work/target/debug/build/serde-a91ff366c61adbd4/build-script-build`
[1m[32m     Running[0m `/work/target/debug/build/serde_core-e4eac521f5deb933/build-script-build`
[1m[32m     Running[0m `/usr/local/rustup/toolchains/1.86.0-aarch64-unknown-linux-gnu/bin/rustc --crate-name libc --edition=2021 /usr/local/cargo/registry/src/index.crates.io-1949cf8c6b5b557f/libc-0.2.175/src/lib.rs --error-format=json --json=diagnostic-rendered-ansi,artifacts,future-incompat --crate-type lib --emit=dep-info,metadata,link -C embed-bitcode=no -C debuginfo=2 '--allow=clippy::used_underscore_binding' --allow=unused_qualifications '--warn=clippy::unnecessary_semicolon' '--allow=clippy::unnecessary_cast' '--allow=clippy::uninlined_format_args' '--warn=clippy::ptr_as_ptr' '--allow=clippy::non_minimal_cfg' '--allow=clippy::missing_safety_doc' '--warn=clippy::map_unwrap_or' '--warn=clippy::manual_assert' '--allow=clippy::identity_op' '--warn=clippy::explicit_iter_loop' '--allow=clippy::expl_impl_clone_on_copy' --cfg 'feature="default"' --cfg 'feature="std"' --check-cfg 'cfg(docsrs,test)' --check-cfg 'cfg(feature, values("align", "const-extern-fn", "default", "extra_traits", "rustc-dep-of-std", "rustc-std-workspace-core", "std", "use_std"))' -C metadata=56b05deb39884810 -C extra-filename=-33634091ba1aaaf5 --out-dir /work/target/debug/deps -L dependency=/work/target/debug/deps --cap-lints allow --cfg freebsd11 --cfg libc_const_extern_fn --check-cfg 'cfg(emscripten_old_stat_abi)' --check-cfg 'cfg(espidf_time32)' --check-cfg 'cfg(freebsd10)' --check-cfg 'cfg(freebsd11)' --check-cfg 'cfg(freebsd12)' --check-cfg 'cfg(freebsd13)' --check-cfg 'cfg(freebsd14)' --check-cfg 'cfg(freebsd15)' --check-cfg 'cfg(gnu_file_offset_bits64)' --check-cfg 'cfg(gnu_time_bits64)' --check-cfg 'cfg(libc_const_extern_fn)' --check-cfg 'cfg(libc_deny_warnings)' --check-cfg 'cfg(libc_thread_local)' --check-cfg 'cfg(libc_ctest)' --check-cfg 'cfg(linux_time_bits64)' --check-cfg 'cfg(musl_v1_2_3)' --check-cfg 'cfg(target_os,values("switch","aix","ohos","hurd","rtems","visionos","nuttx","cygwin"))' --check-cfg 'cfg(target_env,values("illumos","wasi","aix","ohos","nto71_iosock","nto80"))' --check-cfg 'cfg(target_arch,values("loongarch64","mips32r6","mips64r6","csky"))'`
[1m[32m     Running[0m `/usr/local/rustup/toolchains/1.86.0-aarch64-unknown-linux-gnu/bin/rustc --crate-name serde_core --edition=2021 /usr/local/cargo/registry/src/index.crates.io-1949cf8c6b5b557f/serde_core-1.0.225/src/lib.rs --error-format=json --json=diagnostic-rendered-ansi,artifacts,future-incompat --crate-type lib --emit=dep-info,metadata,link -C embed-bitcode=no -C debuginfo=2 --cfg 'feature="alloc"' --cfg 'feature="rc"' --cfg 'feature="result"' --cfg 'feature="std"' --check-cfg 'cfg(docsrs,test)' --check-cfg 'cfg(feature, values("alloc", "default", "rc", "result", "std", "unstable"))' -C metadata=80ead74d0ee60813 -C extra-filename=-e78d405ae1a16843 --out-dir /work/target/debug/deps -L dependency=/work/target/debug/deps --cap-lints allow --check-cfg 'cfg(no_core_cstr)' --check-cfg 'cfg(no_core_error)' --check-cfg 'cfg(no_core_net)' --check-cfg 'cfg(no_core_num_saturating)' --check-cfg 'cfg(no_diagnostic_namespace)' --check-cfg 'cfg(no_serde_derive)' --check-cfg 'cfg(no_std_atomic)' --check-cfg 'cfg(no_std_atomic64)' --check-cfg 'cfg(no_target_has_atomic)'`
[1m[32m   Compiling[0m foldhash v0.1.5
[1m[32m     Running[0m `/usr/local/rustup/toolchains/1.86.0-aarch64-unknown-linux-gnu/bin/rustc --crate-name foldhash --edition=2021 /usr/local/cargo/registry/src/index.crates.io-1949cf8c6b5b557f/foldhash-0.1.5/src/lib.rs --error-format=json --json=diagnostic-rendered-ansi,artifacts,future-incompat --crate-type lib --emit=dep-info,metadata,link -C embed-bitcode=no -C debuginfo=2 --check-cfg 'cfg(docsrs,test)' --check-cfg 'cfg(feature, values("default", "std"))' -C metadata=a6622e415592cb0b -C extra-filename=-c0fbacf39535c1a5 --out-dir /work/target/debug/deps -L dependency=/work/target/debug/deps --cap-lints allow`
[1m[32m     Running[0m `/usr/local/rustup/toolchains/1.86.0-aarch64-unknown-linux-gnu/bin/rustc --crate-name proc_macro2 --edition=2021 /usr/local/cargo/registry/src/index.crates.io-1949cf8c6b5b557f/proc-macro2-1.0.95/src/lib.rs --error-format=json --json=diagnostic-rendered-ansi,artifacts,future-incompat --crate-type lib --emit=dep-info,metadata,link -C embed-bitcode=no --cfg 'feature="default"' --cfg 'feature="proc-macro"' --check-cfg 'cfg(docsrs,test)' --check-cfg 'cfg(feature, values("default", "nightly", "proc-macro", "span-locations"))' -C metadata=4d01dca08e2301b6 -C extra-filename=-49fdc668fa64569f --out-dir /work/target/debug/deps -L dependency=/work/target/debug/deps --extern unicode_ident=/work/target/debug/deps/libunicode_ident-6f26e1eca8f11fd2.rmeta --cap-lints allow --cfg wrap_proc_macro --check-cfg 'cfg(fuzzing)' --check-cfg 'cfg(no_is_available)' --check-cfg 'cfg(no_literal_byte_character)' --check-cfg 'cfg(no_literal_c_string)' --check-cfg 'cfg(no_source_text)' --check-cfg 'cfg(proc_macro_span)' --check-cfg 'cfg(procmacro2_backtrace)' --check-cfg 'cfg(procmacro2_nightly_testing)' --check-cfg 'cfg(procmacro2_semver_exempt)' --check-cfg 'cfg(randomize_layout)' --check-cfg 'cfg(span_locations)' --check-cfg 'cfg(super_unstable)' --check-cfg 'cfg(wrap_proc_macro)'`
[1m[32m   Compiling[0m aho-corasick v1.1.3
[1m[32m     Running[0m `/usr/local/rustup/toolchains/1.86.0-aarch64-unknown-linux-gnu/bin/rustc --crate-name aho_corasick --edition=2021 /usr/local/cargo/registry/src/index.crates.io-1949cf8c6b5b557f/aho-corasick-1.1.3/src/lib.rs --error-format=json --json=diagnostic-rendered-ansi,artifacts,future-incompat --crate-type lib --emit=dep-info,metadata,link -C embed-bitcode=no -C debuginfo=2 --cfg 'feature="perf-literal"' --cfg 'feature="std"' --check-cfg 'cfg(docsrs,test)' --check-cfg 'cfg(feature, values("default", "logging", "perf-literal", "std"))' -C metadata=50ba1b5247e5b4b4 -C extra-filename=-95067eed765e3382 --out-dir /work/target/debug/deps -L dependency=/work/target/debug/deps --extern memchr=/work/target/debug/deps/libmemchr-43e1c146a71885ce.rmeta --cap-lints allow`
[1m[32m   Compiling[0m siphasher v1.0.1
[1m[32m     Running[0m `/usr/local/rustup/toolchains/1.86.0-aarch64-unknown-linux-gnu/bin/rustc --crate-name siphasher --edition=2018 /usr/local/cargo/registry/src/index.crates.io-1949cf8c6b5b557f/siphasher-1.0.1/src/lib.rs --error-format=json --json=diagnostic-rendered-ansi,artifacts,future-incompat --crate-type lib --emit=dep-info,metadata,link -C embed-bitcode=no -C debuginfo=2 --cfg 'feature="default"' --cfg 'feature="std"' --check-cfg 'cfg(docsrs,test)' --check-cfg 'cfg(feature, values("default", "serde", "serde_json", "serde_no_std", "serde_std", "std"))' -C metadata=ba8954b23212df15 -C extra-filename=-56d7cc3f9276421a --out-dir /work/target/debug/deps -L dependency=/work/target/debug/deps --cap-lints allow`
[1m[32m   Compiling[0m slab v0.4.9
[1m[32m     Running[0m `/usr/local/rustup/toolchains/1.86.0-aarch64-unknown-linux-gnu/bin/rustc --crate-name build_script_build --edition=2018 /usr/local/cargo/registry/src/index.crates.io-1949cf8c6b5b557f/slab-0.4.9/build.rs --error-format=json --json=diagnostic-rendered-ansi,artifacts,future-incompat --crate-type bin --emit=dep-info,link -C embed-bitcode=no --cfg 'feature="default"' --cfg 'feature="std"' --check-cfg 'cfg(docsrs,test)' --check-cfg 'cfg(feature, values("default", "serde", "std"))' -C metadata=3e3826d88c077b91 -C extra-filename=-e7a16db777a73f06 --out-dir /work/target/debug/build/slab-e7a16db777a73f06 -L dependency=/work/target/debug/deps --extern autocfg=/work/target/debug/deps/libautocfg-1c69080fe292cc5c.rlib --cap-lints allow`
[1m[32m   Compiling[0m pin-utils v0.1.0
[1m[32m     Running[0m `/usr/local/rustup/toolchains/1.86.0-aarch64-unknown-linux-gnu/bin/rustc --crate-name pin_utils --edition=2018 /usr/local/cargo/registry/src/index.crates.io-1949cf8c6b5b557f/pin-utils-0.1.0/src/lib.rs --error-format=json --json=diagnostic-rendered-ansi,artifacts,future-incompat --crate-type lib --emit=dep-info,metadata,link -C embed-bitcode=no -C debuginfo=2 --check-cfg 'cfg(docsrs,test)' --check-cfg 'cfg(feature, values())' -C metadata=4880590b87641be2 -C extra-filename=-5adeda489b1522e2 --out-dir /work/target/debug/deps -L dependency=/work/target/debug/deps --cap-lints allow`
[1m[32m   Compiling[0m regex-syntax v0.8.6
[1m[32m     Running[0m `/usr/local/rustup/toolchains/1.86.0-aarch64-unknown-linux-gnu/bin/rustc --crate-name regex_syntax --edition=2021 /usr/local/cargo/registry/src/index.crates.io-1949cf8c6b5b557f/regex-syntax-0.8.6/src/lib.rs --error-format=json --json=diagnostic-rendered-ansi,artifacts,future-incompat --crate-type lib --emit=dep-info,metadata,link -C embed-bitcode=no --cfg 'feature="std"' --cfg 'feature="unicode"' --cfg 'feature="unicode-age"' --cfg 'feature="unicode-bool"' --cfg 'feature="unicode-case"' --cfg 'feature="unicode-gencat"' --cfg 'feature="unicode-perl"' --cfg 'feature="unicode-script"' --cfg 'feature="unicode-segment"' --check-cfg 'cfg(docsrs,test)' --check-cfg 'cfg(feature, values("arbitrary", "default", "std", "unicode", "unicode-age", "unicode-bool", "unicode-case", "unicode-gencat", "unicode-perl", "unicode-script", "unicode-segment"))' -C metadata=ac3d3748153879c0 -C extra-filename=-2c8745fadbc62180 --out-dir /work/target/debug/deps -L dependency=/work/target/debug/deps --cap-lints allow`
[1m[32m   Compiling[0m rand_core v0.6.4
[1m[32m     Running[0m `/usr/local/rustup/toolchains/1.86.0-aarch64-unknown-linux-gnu/bin/rustc --crate-name rand_core --edition=2018 /usr/local/cargo/registry/src/index.crates.io-1949cf8c6b5b557f/rand_core-0.6.4/src/lib.rs --error-format=json --json=diagnostic-rendered-ansi,artifacts,future-incompat --crate-type lib --emit=dep-info,metadata,link -C embed-bitcode=no --check-cfg 'cfg(docsrs,test)' --check-cfg 'cfg(feature, values("alloc", "getrandom", "serde", "serde1", "std"))' -C metadata=6b2ac74f3cc532fc -C extra-filename=-94554e7f1fc03f27 --out-dir /work/target/debug/deps -L dependency=/work/target/debug/deps --cap-lints allow`
[1m[32m     Running[0m `/work/target/debug/build/num-traits-f64c983c272a665f/build-script-build`
[1m[32m   Compiling[0m hashbrown v0.15.3
[1m[32m     Running[0m `/usr/local/rustup/toolchains/1.86.0-aarch64-unknown-linux-gnu/bin/rustc --crate-name hashbrown --edition=2021 /usr/local/cargo/registry/src/index.crates.io-1949cf8c6b5b557f/hashbrown-0.15.3/src/lib.rs --error-format=json --json=diagnostic-rendered-ansi,artifacts,future-incompat --crate-type lib --emit=dep-info,metadata,link -C embed-bitcode=no -C debuginfo=2 --cfg 'feature="allocator-api2"' --cfg 'feature="default"' --cfg 'feature="default-hasher"' --cfg 'feature="equivalent"' --cfg 'feature="inline-more"' --cfg 'feature="raw-entry"' --check-cfg 'cfg(docsrs,test)' --check-cfg 'cfg(feature, values("alloc", "allocator-api2", "compiler_builtins", "core", "default", "default-hasher", "equivalent", "inline-more", "nightly", "raw-entry", "rayon", "rustc-dep-of-std", "rustc-internal-api", "serde"))' -C metadata=2530c98e9b78c1c6 -C extra-filename=-f46a9b443634d9f9 --out-dir /work/target/debug/deps -L dependency=/work/target/debug/deps --extern allocator_api2=/work/target/debug/deps/liballocator_api2-e178994a0984594a.rmeta --extern equivalent=/work/target/debug/deps/libequivalent-23a75fce747333ae.rmeta --extern foldhash=/work/target/debug/deps/libfoldhash-c0fbacf39535c1a5.rmeta --cap-lints allow`
[1m[32m   Compiling[0m futures-channel v0.3.31
[1m[32m     Running[0m `/usr/local/rustup/toolchains/1.86.0-aarch64-unknown-linux-gnu/bin/rustc --crate-name futures_channel --edition=2018 /usr/local/cargo/registry/src/index.crates.io-1949cf8c6b5b557f/futures-channel-0.3.31/src/lib.rs --error-format=json --json=diagnostic-rendered-ansi,artifacts,future-incompat --crate-type lib --emit=dep-info,metadata,link -C embed-bitcode=no -C debuginfo=2 --warn=unreachable_pub --warn=unexpected_cfgs --warn=single_use_lifetimes --warn=rust_2018_idioms --warn=missing_debug_implementations --check-cfg 'cfg(futures_sanitizer)' --cfg 'feature="alloc"' --cfg 'feature="default"' --cfg 'feature="futures-sink"' --cfg 'feature="sink"' --cfg 'feature="std"' --check-cfg 'cfg(docsrs,test)' --check-cfg 'cfg(feature, values("alloc", "cfg-target-has-atomic", "default", "futures-sink", "sink", "std", "unstable"))' -C metadata=1da038d0f0f303e6 -C extra-filename=-88df6a0f03d53ee4 --out-dir /work/target/debug/deps -L dependency=/work/target/debug/deps --extern futures_core=/work/target/debug/deps/libfutures_core-2a3a0b2e17309ffd.rmeta --extern futures_sink=/work/target/debug/deps/libfutures_sink-06a4bc4e92cdd000.rmeta --cap-lints allow`
[1m[32m   Compiling[0m quote v1.0.40
[1m[32m     Running[0m `/usr/local/rustup/toolchains/1.86.0-aarch64-unknown-linux-gnu/bin/rustc --crate-name quote --edition=2018 /usr/local/cargo/registry/src/index.crates.io-1949cf8c6b5b557f/quote-1.0.40/src/lib.rs --error-format=json --json=diagnostic-rendered-ansi,artifacts,future-incompat --crate-type lib --emit=dep-info,metadata,link -C embed-bitcode=no --cfg 'feature="default"' --cfg 'feature="proc-macro"' --check-cfg 'cfg(docsrs,test)' --check-cfg 'cfg(feature, values("default", "proc-macro"))' -C metadata=dfaa821a5dd59347 -C extra-filename=-38f780051616e59b --out-dir /work/target/debug/deps -L dependency=/work/target/debug/deps --extern proc_macro2=/work/target/debug/deps/libproc_macro2-49fdc668fa64569f.rmeta --cap-lints allow`
[1m[32m     Running[0m `/usr/local/rustup/toolchains/1.86.0-aarch64-unknown-linux-gnu/bin/rustc --crate-name num_traits --edition=2021 /usr/local/cargo/registry/src/index.crates.io-1949cf8c6b5b557f/num-traits-0.2.19/src/lib.rs --error-format=json --json=diagnostic-rendered-ansi,artifacts,future-incompat --crate-type lib --emit=dep-info,metadata,link -C embed-bitcode=no -C debuginfo=2 --cfg 'feature="i128"' --cfg 'feature="libm"' --cfg 'feature="std"' --check-cfg 'cfg(docsrs,test)' --check-cfg 'cfg(feature, values("default", "i128", "libm", "std"))' -C metadata=f344de99369a42ba -C extra-filename=-0c0462975c553d05 --out-dir /work/target/debug/deps -L dependency=/work/target/debug/deps --extern libm=/work/target/debug/deps/liblibm-47b8d2aaaf677f28.rmeta --cap-lints allow --cfg has_total_cmp --check-cfg 'cfg(has_total_cmp)'`
[1m[32m   Compiling[0m jobserver v0.1.33
[1m[32m     Running[0m `/usr/local/rustup/toolchains/1.86.0-aarch64-unknown-linux-gnu/bin/rustc --crate-name jobserver --edition=2021 /usr/local/cargo/registry/src/index.crates.io-1949cf8c6b5b557f/jobserver-0.1.33/src/lib.rs --error-format=json --json=diagnostic-rendered-ansi,artifacts,future-incompat --crate-type lib --emit=dep-info,metadata,link -C embed-bitcode=no --check-cfg 'cfg(docsrs,test)' --check-cfg 'cfg(feature, values())' -C metadata=dfe03a946ef0330e -C extra-filename=-7cace909266259d8 --out-dir /work/target/debug/deps -L dependency=/work/target/debug/deps --extern libc=/work/target/debug/deps/liblibc-33634091ba1aaaf5.rmeta --cap-lints allow`
[1m[32m   Compiling[0m getrandom v0.2.16
[1m[32m     Running[0m `/usr/local/rustup/toolchains/1.86.0-aarch64-unknown-linux-gnu/bin/rustc --crate-name getrandom --edition=2018 /usr/local/cargo/registry/src/index.crates.io-1949cf8c6b5b557f/getrandom-0.2.16/src/lib.rs --error-format=json --json=diagnostic-rendered-ansi,artifacts,future-incompat --crate-type lib --emit=dep-info,metadata,link -C embed-bitcode=no -C debuginfo=2 --cfg 'feature="std"' --check-cfg 'cfg(docsrs,test)' --check-cfg 'cfg(feature, values("compiler_builtins", "core", "custom", "js", "js-sys", "linux_disable_fallback", "rdrand", "rustc-dep-of-std", "std", "test-in-browser", "wasm-bindgen"))' -C metadata=50c7a204c246d734 -C extra-filename=-f46fed3fc4e131a3 --out-dir /work/target/debug/deps -L dependency=/work/target/debug/deps --extern cfg_if=/work/target/debug/deps/libcfg_if-3d86f520ef21fd6a.rmeta --extern libc=/work/target/debug/deps/liblibc-33634091ba1aaaf5.rmeta --cap-lints allow`
[1m[32m   Compiling[0m signal-hook-registry v1.4.5
[1m[32m   Compiling[0m socket2 v0.6.0
[1m[32m     Running[0m `/usr/local/rustup/toolchains/1.86.0-aarch64-unknown-linux-gnu/bin/rustc --crate-name signal_hook_registry --edition=2015 /usr/local/cargo/registry/src/index.crates.io-1949cf8c6b5b557f/signal-hook-registry-1.4.5/src/lib.rs --error-format=json --json=diagnostic-rendered-ansi,artifacts,future-incompat --crate-type lib --emit=dep-info,metadata,link -C embed-bitcode=no -C debuginfo=2 --check-cfg 'cfg(docsrs,test)' --check-cfg 'cfg(feature, values())' -C metadata=61fd9d4a43432491 -C extra-filename=-fd90b2da6e217633 --out-dir /work/target/debug/deps -L dependency=/work/target/debug/deps --extern libc=/work/target/debug/deps/liblibc-33634091ba1aaaf5.rmeta --cap-lints allow`
[1m[32m     Running[0m `/usr/local/rustup/toolchains/1.86.0-aarch64-unknown-linux-gnu/bin/rustc --crate-name socket2 --edition=2021 /usr/local/cargo/registry/src/index.crates.io-1949cf8c6b5b557f/socket2-0.6.0/src/lib.rs --error-format=json --json=diagnostic-rendered-ansi,artifacts,future-incompat --crate-type lib --emit=dep-info,metadata,link -C embed-bitcode=no -C debuginfo=2 --cfg 'feature="all"' --check-cfg 'cfg(docsrs,test)' --check-cfg 'cfg(feature, values("all"))' -C metadata=37bd35706a92dbd3 -C extra-filename=-4da8fc9c33e6ed8e --out-dir /work/target/debug/deps -L dependency=/work/target/debug/deps --extern libc=/work/target/debug/deps/liblibc-33634091ba1aaaf5.rmeta --cap-lints allow`
[1m[32m   Compiling[0m mio v1.0.3
[1m[32m     Running[0m `/usr/local/rustup/toolchains/1.86.0-aarch64-unknown-linux-gnu/bin/rustc --crate-name mio --edition=2021 /usr/local/cargo/registry/src/index.crates.io-1949cf8c6b5b557f/mio-1.0.3/src/lib.rs --error-format=json --json=diagnostic-rendered-ansi,artifacts,future-incompat --crate-type lib --emit=dep-info,metadata,link -C embed-bitcode=no -C debuginfo=2 --warn=unexpected_cfgs --check-cfg 'cfg(mio_unsupported_force_poll_poll)' --check-cfg 'cfg(mio_unsupported_force_waker_pipe)' --cfg 'feature="net"' --cfg 'feature="os-ext"' --cfg 'feature="os-poll"' --check-cfg 'cfg(docsrs,test)' --check-cfg 'cfg(feature, values("default", "log", "net", "os-ext", "os-poll"))' -C metadata=332fd266ba2f1d45 -C extra-filename=-35391971456a4897 --out-dir /work/target/debug/deps -L dependency=/work/target/debug/deps --extern libc=/work/target/debug/deps/liblibc-33634091ba1aaaf5.rmeta --cap-lints allow`
[1m[32m   Compiling[0m phf_shared v0.11.3
[1m[32m     Running[0m `/usr/local/rustup/toolchains/1.86.0-aarch64-unknown-linux-gnu/bin/rustc --crate-name phf_shared --edition=2021 /usr/local/cargo/registry/src/index.crates.io-1949cf8c6b5b557f/phf_shared-0.11.3/src/lib.rs --error-format=json --json=diagnostic-rendered-ansi,artifacts,future-incompat --crate-type lib --emit=dep-info,metadata,link -C embed-bitcode=no --cfg 'feature="default"' --cfg 'feature="std"' --check-cfg 'cfg(docsrs,test)' --check-cfg 'cfg(feature, values("default", "std", "uncased", "unicase"))' -C metadata=c6958eff0a732382 -C extra-filename=-7d46633f6a940527 --out-dir /work/target/debug/deps -L dependency=/work/target/debug/deps --extern siphasher=/work/target/debug/deps/libsiphasher-56d7cc3f9276421a.rmeta --cap-lints allow`
[1m[32m   Compiling[0m rand v0.8.5
[1m[32m     Running[0m `/usr/local/rustup/toolchains/1.86.0-aarch64-unknown-linux-gnu/bin/rustc --crate-name rand --edition=2018 /usr/local/cargo/registry/src/index.crates.io-1949cf8c6b5b557f/rand-0.8.5/src/lib.rs --error-format=json --json=diagnostic-rendered-ansi,artifacts,future-incompat --crate-type lib --emit=dep-info,metadata,link -C embed-bitcode=no --cfg 'feature="small_rng"' --check-cfg 'cfg(docsrs,test)' --check-cfg 'cfg(feature, values("alloc", "default", "getrandom", "libc", "log", "min_const_gen", "nightly", "packed_simd", "rand_chacha", "serde", "serde1", "simd_support", "small_rng", "std", "std_rng"))' -C metadata=b5be91ed8ffc59c7 -C extra-filename=-275c6183e2993ea8 --out-dir /work/target/debug/deps -L dependency=/work/target/debug/deps --extern rand_core=/work/target/debug/deps/librand_core-94554e7f1fc03f27.rmeta --cap-lints allow`
[1m[32m   Compiling[0m futures-io v0.3.31
[1m[32m     Running[0m `/usr/local/rustup/toolchains/1.86.0-aarch64-unknown-linux-gnu/bin/rustc --crate-name futures_io --edition=2018 /usr/local/cargo/registry/src/index.crates.io-1949cf8c6b5b557f/futures-io-0.3.31/src/lib.rs --error-format=json --json=diagnostic-rendered-ansi,artifacts,future-incompat --crate-type lib --emit=dep-info,metadata,link -C embed-bitcode=no -C debuginfo=2 --warn=unreachable_pub --warn=unexpected_cfgs --warn=single_use_lifetimes --warn=rust_2018_idioms --warn=missing_debug_implementations --check-cfg 'cfg(futures_sanitizer)' --cfg 'feature="default"' --cfg 'feature="std"' --check-cfg 'cfg(docsrs,test)' --check-cfg 'cfg(feature, values("default", "std", "unstable"))' -C metadata=d4753ec343b69270 -C extra-filename=-79e971d42e88061a --out-dir /work/target/debug/deps -L dependency=/work/target/debug/deps --cap-lints allow`
[1m[32m   Compiling[0m syn v2.0.106
[1m[32m     Running[0m `/usr/local/rustup/toolchains/1.86.0-aarch64-unknown-linux-gnu/bin/rustc --crate-name syn --edition=2021 /usr/local/cargo/registry/src/index.crates.io-1949cf8c6b5b557f/syn-2.0.106/src/lib.rs --error-format=json --json=diagnostic-rendered-ansi,artifacts,future-incompat --crate-type lib --emit=dep-info,metadata,link -C embed-bitcode=no --cfg 'feature="clone-impls"' --cfg 'feature="default"' --cfg 'feature="derive"' --cfg 'feature="extra-traits"' --cfg 'feature="fold"' --cfg 'feature="full"' --cfg 'feature="parsing"' --cfg 'feature="printing"' --cfg 'feature="proc-macro"' --cfg 'feature="visit"' --cfg 'feature="visit-mut"' --check-cfg 'cfg(docsrs,test)' --check-cfg 'cfg(feature, values("clone-impls", "default", "derive", "extra-traits", "fold", "full", "parsing", "printing", "proc-macro", "test", "visit", "visit-mut"))' -C metadata=a297b343dc5220d3 -C extra-filename=-9373f942e3578afe --out-dir /work/target/debug/deps -L dependency=/work/target/debug/deps --extern proc_macro2=/work/target/debug/deps/libproc_macro2-49fdc668fa64569f.rmeta --extern quote=/work/target/debug/deps/libquote-38f780051616e59b.rmeta --extern unicode_ident=/work/target/debug/deps/libunicode_ident-6f26e1eca8f11fd2.rmeta --cap-lints allow`
[1m[32m   Compiling[0m cc v1.2.21
[1m[32m     Running[0m `/usr/local/rustup/toolchains/1.86.0-aarch64-unknown-linux-gnu/bin/rustc --crate-name cc --edition=2018 /usr/local/cargo/registry/src/index.crates.io-1949cf8c6b5b557f/cc-1.2.21/src/lib.rs --error-format=json --json=diagnostic-rendered-ansi,artifacts,future-incompat --crate-type lib --emit=dep-info,metadata,link -C embed-bitcode=no --cfg 'feature="parallel"' --check-cfg 'cfg(docsrs,test)' --check-cfg 'cfg(feature, values("jobserver", "parallel"))' -C metadata=df19ac51f56ec622 -C extra-filename=-13da0a2c2b32aae7 --out-dir /work/target/debug/deps -L dependency=/work/target/debug/deps --extern jobserver=/work/target/debug/deps/libjobserver-7cace909266259d8.rmeta --extern libc=/work/target/debug/deps/liblibc-33634091ba1aaaf5.rmeta --extern shlex=/work/target/debug/deps/libshlex-31d9838d48cff85f.rmeta --cap-lints allow`
[1m[32m   Compiling[0m futures-task v0.3.31
[1m[32m     Running[0m `/usr/local/rustup/toolchains/1.86.0-aarch64-unknown-linux-gnu/bin/rustc --crate-name futures_task --edition=2018 /usr/local/cargo/registry/src/index.crates.io-1949cf8c6b5b557f/futures-task-0.3.31/src/lib.rs --error-format=json --json=diagnostic-rendered-ansi,artifacts,future-incompat --crate-type lib --emit=dep-info,metadata,link -C embed-bitcode=no -C debuginfo=2 --warn=unreachable_pub --warn=unexpected_cfgs --warn=single_use_lifetimes --warn=rust_2018_idioms --warn=missing_debug_implementations --check-cfg 'cfg(futures_sanitizer)' --cfg 'feature="alloc"' --cfg 'feature="std"' --check-cfg 'cfg(docsrs,test)' --check-cfg 'cfg(feature, values("alloc", "cfg-target-has-atomic", "default", "std", "unstable"))' -C metadata=51b047c1ee163736 -C extra-filename=-28cf6c7d15f75dd5 --out-dir /work/target/debug/deps -L dependency=/work/target/debug/deps --cap-lints allow`
[1m[32m   Compiling[0m num-integer v0.1.46
[1m[32m     Running[0m `/usr/local/rustup/toolchains/1.86.0-aarch64-unknown-linux-gnu/bin/rustc --crate-name num_integer --edition=2018 /usr/local/cargo/registry/src/index.crates.io-1949cf8c6b5b557f/num-integer-0.1.46/src/lib.rs --error-format=json --json=diagnostic-rendered-ansi,artifacts,future-incompat --crate-type lib --emit=dep-info,metadata,link -C embed-bitcode=no -C debuginfo=2 --cfg 'feature="default"' --cfg 'feature="i128"' --cfg 'feature="std"' --check-cfg 'cfg(docsrs,test)' --check-cfg 'cfg(feature, values("default", "i128", "std"))' -C metadata=8339952469f27443 -C extra-filename=-1769e8f989d68225 --out-dir /work/target/debug/deps -L dependency=/work/target/debug/deps --extern num_traits=/work/target/debug/deps/libnum_traits-0c0462975c553d05.rmeta --cap-lints allow`
[1m[32m     Running[0m `/work/target/debug/build/slab-e7a16db777a73f06/build-script-build`
[1m[32m     Running[0m `/usr/local/rustup/toolchains/1.86.0-aarch64-unknown-linux-gnu/bin/rustc --crate-name slab --edition=2018 /usr/local/cargo/registry/src/index.crates.io-1949cf8c6b5b557f/slab-0.4.9/src/lib.rs --error-format=json --json=diagnostic-rendered-ansi,artifacts,future-incompat --crate-type lib --emit=dep-info,metadata,link -C embed-bitcode=no -C debuginfo=2 --cfg 'feature="default"' --cfg 'feature="std"' --check-cfg 'cfg(docsrs,test)' --check-cfg 'cfg(feature, values("default", "serde", "std"))' -C metadata=bbb25d99c356a80b -C extra-filename=-15ce33a5326b04e6 --out-dir /work/target/debug/deps -L dependency=/work/target/debug/deps --cap-lints allow`
[1m[32m   Compiling[0m regex-automata v0.4.9
[1m[32m     Running[0m `/usr/local/rustup/toolchains/1.86.0-aarch64-unknown-linux-gnu/bin/rustc --crate-name regex_automata --edition=2021 /usr/local/cargo/registry/src/index.crates.io-1949cf8c6b5b557f/regex-automata-0.4.9/src/lib.rs --error-format=json --json=diagnostic-rendered-ansi,artifacts,future-incompat --crate-type lib --emit=dep-info,metadata,link -C embed-bitcode=no -C debuginfo=2 --cfg 'feature="alloc"' --cfg 'feature="dfa-onepass"' --cfg 'feature="hybrid"' --cfg 'feature="meta"' --cfg 'feature="nfa-backtrack"' --cfg 'feature="nfa-pikevm"' --cfg 'feature="nfa-thompson"' --cfg 'feature="perf-inline"' --cfg 'feature="perf-literal"' --cfg 'feature="perf-literal-multisubstring"' --cfg 'feature="perf-literal-substring"' --cfg 'feature="std"' --cfg 'feature="syntax"' --cfg 'feature="unicode"' --cfg 'feature="unicode-age"' --cfg 'feature="unicode-bool"' --cfg 'feature="unicode-case"' --cfg 'feature="unicode-gencat"' --cfg 'feature="unicode-perl"' --cfg 'feature="unicode-script"' --cfg 'feature="unicode-segment"' --cfg 'feature="unicode-word-boundary"' --check-cfg 'cfg(docsrs,test)' --check-cfg 'cfg(feature, values("alloc", "default", "dfa", "dfa-build", "dfa-onepass", "dfa-search", "hybrid", "internal-instrument", "internal-instrument-pikevm", "logging", "meta", "nfa", "nfa-backtrack", "nfa-pikevm", "nfa-thompson", "perf", "perf-inline", "perf-literal", "perf-literal-multisubstring", "perf-literal-substring", "std", "syntax", "unicode", "unicode-age", "unicode-bool", "unicode-case", "unicode-gencat", "unicode-perl", "unicode-script", "unicode-segment", "unicode-word-boundary"))' -C metadata=ca48f901763daeab -C extra-filename=-dbe4b7aeb972eb63 --out-dir /work/target/debug/deps -L dependency=/work/target/debug/deps --extern aho_corasick=/work/target/debug/deps/libaho_corasick-95067eed765e3382.rmeta --extern memchr=/work/target/debug/deps/libmemchr-43e1c146a71885ce.rmeta --extern regex_syntax=/work/target/debug/deps/libregex_syntax-2c8745fadbc62180.rmeta --cap-lints allow`
[1m[32m   Compiling[0m num-complex v0.4.6
[1m[32m     Running[0m `/usr/local/rustup/toolchains/1.86.0-aarch64-unknown-linux-gnu/bin/rustc --crate-name num_complex --edition=2021 /usr/local/cargo/registry/src/index.crates.io-1949cf8c6b5b557f/num-complex-0.4.6/src/lib.rs --error-format=json --json=diagnostic-rendered-ansi,artifacts,future-incompat --crate-type lib --emit=dep-info,metadata,link -C embed-bitcode=no -C debuginfo=2 --cfg 'feature="std"' --check-cfg 'cfg(docsrs,test)' --check-cfg 'cfg(feature, values("bytecheck", "bytemuck", "default", "libm", "rand", "rkyv", "serde", "std"))' -C metadata=644b1ad7ff33f88e -C extra-filename=-a938b0f1221b891d --out-dir /work/target/debug/deps -L dependency=/work/target/debug/deps --extern num_traits=/work/target/debug/deps/libnum_traits-0c0462975c553d05.rmeta --cap-lints allow`
[1m[32m   Compiling[0m ahash v0.8.11
[1m[32m     Running[0m `/usr/local/rustup/toolchains/1.86.0-aarch64-unknown-linux-gnu/bin/rustc --crate-name build_script_build --edition=2018 /usr/local/cargo/registry/src/index.crates.io-1949cf8c6b5b557f/ahash-0.8.11/build.rs --error-format=json --json=diagnostic-rendered-ansi,artifacts,future-incompat --crate-type bin --emit=dep-info,link -C embed-bitcode=no --cfg 'feature="getrandom"' --cfg 'feature="runtime-rng"' --check-cfg 'cfg(docsrs,test)' --check-cfg 'cfg(feature, values("atomic-polyfill", "compile-time-rng", "const-random", "default", "getrandom", "nightly-arm-aes", "no-rng", "runtime-rng", "serde", "std"))' -C metadata=fd49c50050ef4490 -C extra-filename=-c33e033642144591 --out-dir /work/target/debug/build/ahash-c33e033642144591 -L dependency=/work/target/debug/deps --extern version_check=/work/target/debug/deps/libversion_check-b5510daab1a8c766.rlib --cap-lints allow`
[1m[32m   Compiling[0m iana-time-zone v0.1.63
[1m[32m     Running[0m `/usr/local/rustup/toolchains/1.86.0-aarch64-unknown-linux-gnu/bin/rustc --crate-name iana_time_zone --edition=2021 /usr/local/cargo/registry/src/index.crates.io-1949cf8c6b5b557f/iana-time-zone-0.1.63/src/lib.rs --error-format=json --json=diagnostic-rendered-ansi,artifacts,future-incompat --crate-type lib --emit=dep-info,metadata,link -C embed-bitcode=no -C debuginfo=2 --cfg 'feature="fallback"' --check-cfg 'cfg(docsrs,test)' --check-cfg 'cfg(feature, values("fallback"))' -C metadata=e291762428483a9f -C extra-filename=-4ce0ecd1b26187dc --out-dir /work/target/debug/deps -L dependency=/work/target/debug/deps --cap-lints allow`
[1m[32m   Compiling[0m zeroize v1.8.1
[1m[32m     Running[0m `/usr/local/rustup/toolchains/1.86.0-aarch64-unknown-linux-gnu/bin/rustc --crate-name zeroize --edition=2021 /usr/local/cargo/registry/src/index.crates.io-1949cf8c6b5b557f/zeroize-1.8.1/src/lib.rs --error-format=json --json=diagnostic-rendered-ansi,artifacts,future-incompat --crate-type lib --emit=dep-info,metadata,link -C embed-bitcode=no -C debuginfo=2 --cfg 'feature="alloc"' --cfg 'feature="default"' --check-cfg 'cfg(docsrs,test)' --check-cfg 'cfg(feature, values("aarch64", "alloc", "default", "derive", "serde", "simd", "std", "zeroize_derive"))' -C metadata=bad84dd4b9a1ea36 -C extra-filename=-adb892c59a9f27ec --out-dir /work/target/debug/deps -L dependency=/work/target/debug/deps --cap-lints allow`
[1m[32m   Compiling[0m phf_generator v0.11.3
[1m[32m     Running[0m `/usr/local/rustup/toolchains/1.86.0-aarch64-unknown-linux-gnu/bin/rustc --crate-name phf_generator --edition=2021 /usr/local/cargo/registry/src/index.crates.io-1949cf8c6b5b557f/phf_generator-0.11.3/src/lib.rs --error-format=json --json=diagnostic-rendered-ansi,artifacts,future-incompat --crate-type lib --emit=dep-info,metadata,link -C embed-bitcode=no --check-cfg 'cfg(docsrs,test)' --check-cfg 'cfg(feature, values("criterion"))' -C metadata=d39e0eced800c1fe -C extra-filename=-7e3d6e5371fe1136 --out-dir /work/target/debug/deps -L dependency=/work/target/debug/deps --extern phf_shared=/work/target/debug/deps/libphf_shared-7d46633f6a940527.rmeta --extern rand=/work/target/debug/deps/librand-275c6183e2993ea8.rmeta --cap-lints allow`
[1m[32m   Compiling[0m zerocopy v0.7.35
[1m[32m     Running[0m `/usr/local/rustup/toolchains/1.86.0-aarch64-unknown-linux-gnu/bin/rustc --crate-name zerocopy --edition=2018 /usr/local/cargo/registry/src/index.crates.io-1949cf8c6b5b557f/zerocopy-0.7.35/src/lib.rs --error-format=json --json=diagnostic-rendered-ansi,artifacts,future-incompat --crate-type lib --emit=dep-info,metadata,link -C embed-bitcode=no -C debuginfo=2 --cfg 'feature="simd"' --check-cfg 'cfg(docsrs,test)' --check-cfg 'cfg(feature, values("__internal_use_only_features_that_work_on_stable", "alloc", "byteorder", "default", "derive", "simd", "simd-nightly", "zerocopy-derive"))' -C metadata=c418ec31986a5440 -C extra-filename=-95928029d98453da --out-dir /work/target/debug/deps -L dependency=/work/target/debug/deps --cap-lints allow`
[1m[32m   Compiling[0m half v2.6.0
[1m[32m     Running[0m `/usr/local/rustup/toolchains/1.86.0-aarch64-unknown-linux-gnu/bin/rustc --crate-name half --edition=2021 /usr/local/cargo/registry/src/index.crates.io-1949cf8c6b5b557f/half-2.6.0/src/lib.rs --error-format=json --json=diagnostic-rendered-ansi,artifacts,future-incompat --crate-type lib --emit=dep-info,metadata,link -C embed-bitcode=no -C debuginfo=2 --cfg 'feature="num-traits"' --check-cfg 'cfg(docsrs,test)' --check-cfg 'cfg(feature, values("alloc", "arbitrary", "bytemuck", "default", "num-traits", "rand_distr", "rkyv", "serde", "std", "use-intrinsics", "zerocopy"))' -C metadata=299e5ad3a64a56e1 -C extra-filename=-a520f488e3de4f67 --out-dir /work/target/debug/deps -L dependency=/work/target/debug/deps --extern cfg_if=/work/target/debug/deps/libcfg_if-3d86f520ef21fd6a.rmeta --extern num_traits=/work/target/debug/deps/libnum_traits-0c0462975c553d05.rmeta --cap-lints allow`
[1m[32m   Compiling[0m tracing-core v0.1.33
[1m[32m     Running[0m `/usr/local/rustup/toolchains/1.86.0-aarch64-unknown-linux-gnu/bin/rustc --crate-name tracing_core --edition=2018 /usr/local/cargo/registry/src/index.crates.io-1949cf8c6b5b557f/tracing-core-0.1.33/src/lib.rs --error-format=json --json=diagnostic-rendered-ansi,artifacts,future-incompat --crate-type lib --emit=dep-info,metadata,link -C embed-bitcode=no -C debuginfo=2 --warn=unexpected_cfgs --check-cfg 'cfg(flaky_tests)' --check-cfg 'cfg(tracing_unstable)' --cfg 'feature="once_cell"' --cfg 'feature="std"' --check-cfg 'cfg(docsrs,test)' --check-cfg 'cfg(feature, values("default", "once_cell", "std", "valuable"))' -C metadata=daef5f32483cc666 -C extra-filename=-5b505ede2a43e494 --out-dir /work/target/debug/deps -L dependency=/work/target/debug/deps --extern once_cell=/work/target/debug/deps/libonce_cell-b19178b062812169.rmeta --cap-lints allow`
[1m[32m   Compiling[0m subtle v2.6.1
[1m[32m     Running[0m `/usr/local/rustup/toolchains/1.86.0-aarch64-unknown-linux-gnu/bin/rustc --crate-name subtle --edition=2018 /usr/local/cargo/registry/src/index.crates.io-1949cf8c6b5b557f/subtle-2.6.1/src/lib.rs --error-format=json --json=diagnostic-rendered-ansi,artifacts,future-incompat --crate-type lib --emit=dep-info,metadata,link -C embed-bitcode=no -C debuginfo=2 --check-cfg 'cfg(docsrs,test)' --check-cfg 'cfg(feature, values("const-generics", "core_hint_black_box", "default", "i128", "nightly", "std"))' -C metadata=d4b8355890242dc6 -C extra-filename=-cec5c82d83114130 --out-dir /work/target/debug/deps -L dependency=/work/target/debug/deps --cap-lints allow`
[1m[32m   Compiling[0m typenum v1.18.0
[1m[32m     Running[0m `/usr/local/rustup/toolchains/1.86.0-aarch64-unknown-linux-gnu/bin/rustc --crate-name build_script_build --edition=2018 /usr/local/cargo/registry/src/index.crates.io-1949cf8c6b5b557f/typenum-1.18.0/build.rs --error-format=json --json=diagnostic-rendered-ansi,artifacts,future-incompat --crate-type bin --emit=dep-info,link -C embed-bitcode=no --check-cfg 'cfg(docsrs,test)' --check-cfg 'cfg(feature, values("const-generics", "force_unix_path_separator", "i128", "no_std", "scale-info", "scale_info", "strict"))' -C metadata=a6bc0be83951f147 -C extra-filename=-0950ee189fec4277 --out-dir /work/target/debug/build/typenum-0950ee189fec4277 -L dependency=/work/target/debug/deps --cap-lints allow`
[1m[32m   Compiling[0m ring v0.17.14
[1m[32m     Running[0m `/usr/local/rustup/toolchains/1.86.0-aarch64-unknown-linux-gnu/bin/rustc --crate-name build_script_build --edition=2021 /usr/local/cargo/registry/src/index.crates.io-1949cf8c6b5b557f/ring-0.17.14/build.rs --error-format=json --json=diagnostic-rendered-ansi,artifacts,future-incompat --crate-type bin --emit=dep-info,link -C embed-bitcode=no --cfg 'feature="alloc"' --cfg 'feature="default"' --cfg 'feature="dev_urandom_fallback"' --cfg 'feature="std"' --check-cfg 'cfg(docsrs,test)' --check-cfg 'cfg(feature, values("alloc", "default", "dev_urandom_fallback", "less-safe-getrandom-custom-or-rdrand", "less-safe-getrandom-espidf", "slow_tests", "std", "test_logging", "unstable-testing-arm-no-hw", "unstable-testing-arm-no-neon", "wasm32_unknown_unknown_js"))' -C metadata=6d8b7959c6d8494a -C extra-filename=-b00b5bf08284a1bf --out-dir /work/target/debug/build/ring-b00b5bf08284a1bf -L dependency=/work/target/debug/deps --extern cc=/work/target/debug/deps/libcc-13da0a2c2b32aae7.rlib --cap-lints allow`
[1m[32m   Compiling[0m generic-array v0.14.7
[1m[32m     Running[0m `/usr/local/rustup/toolchains/1.86.0-aarch64-unknown-linux-gnu/bin/rustc --crate-name build_script_build --edition=2015 /usr/local/cargo/registry/src/index.crates.io-1949cf8c6b5b557f/generic-array-0.14.7/build.rs --error-format=json --json=diagnostic-rendered-ansi,artifacts,future-incompat --crate-type bin --emit=dep-info,link -C embed-bitcode=no --cfg 'feature="more_lengths"' --check-cfg 'cfg(docsrs,test)' --check-cfg 'cfg(feature, values("more_lengths", "serde", "zeroize"))' -C metadata=d19c71e359a4debb -C extra-filename=-c39cef216fbca697 --out-dir /work/target/debug/build/generic-array-c39cef216fbca697 -L dependency=/work/target/debug/deps --extern version_check=/work/target/debug/deps/libversion_check-b5510daab1a8c766.rlib --cap-lints allow`
[1m[32m   Compiling[0m const-oid v0.9.6
[1m[32m     Running[0m `/usr/local/rustup/toolchains/1.86.0-aarch64-unknown-linux-gnu/bin/rustc --crate-name const_oid --edition=2021 /usr/local/cargo/registry/src/index.crates.io-1949cf8c6b5b557f/const-oid-0.9.6/src/lib.rs --error-format=json --json=diagnostic-rendered-ansi,artifacts,future-incompat --crate-type lib --emit=dep-info,metadata,link -C embed-bitcode=no -C debuginfo=2 --check-cfg 'cfg(docsrs,test)' --check-cfg 'cfg(feature, values("arbitrary", "db", "std"))' -C metadata=c207a33eeb934a4f -C extra-filename=-fdf12afda8cc3945 --out-dir /work/target/debug/deps -L dependency=/work/target/debug/deps --cap-lints allow`
[1m[32m   Compiling[0m phf_codegen v0.11.3
[1m[32m     Running[0m `/usr/local/rustup/toolchains/1.86.0-aarch64-unknown-linux-gnu/bin/rustc --crate-name phf_codegen --edition=2021 /usr/local/cargo/registry/src/index.crates.io-1949cf8c6b5b557f/phf_codegen-0.11.3/src/lib.rs --error-format=json --json=diagnostic-rendered-ansi,artifacts,future-incompat --crate-type lib --emit=dep-info,metadata,link -C embed-bitcode=no --check-cfg 'cfg(docsrs,test)' --check-cfg 'cfg(feature, values())' -C metadata=9fb42db0f6110a4a -C extra-filename=-2bab9997626d3a5c --out-dir /work/target/debug/deps -L dependency=/work/target/debug/deps --extern phf_generator=/work/target/debug/deps/libphf_generator-7e3d6e5371fe1136.rmeta --extern phf_shared=/work/target/debug/deps/libphf_shared-7d46633f6a940527.rmeta --cap-lints allow`
[1m[32m   Compiling[0m regex v1.11.1
[1m[32m     Running[0m `/usr/local/rustup/toolchains/1.86.0-aarch64-unknown-linux-gnu/bin/rustc --crate-name regex --edition=2021 /usr/local/cargo/registry/src/index.crates.io-1949cf8c6b5b557f/regex-1.11.1/src/lib.rs --error-format=json --json=diagnostic-rendered-ansi,artifacts,future-incompat --crate-type lib --emit=dep-info,metadata,link -C embed-bitcode=no --cfg 'feature="perf"' --cfg 'feature="perf-backtrack"' --cfg 'feature="perf-cache"' --cfg 'feature="perf-dfa"' --cfg 'feature="perf-inline"' --cfg 'feature="perf-literal"' --cfg 'feature="perf-onepass"' --cfg 'feature="std"' --cfg 'feature="unicode"' --cfg 'feature="unicode-age"' --cfg 'feature="unicode-bool"' --cfg 'feature="unicode-case"' --cfg 'feature="unicode-gencat"' --cfg 'feature="unicode-perl"' --cfg 'feature="unicode-script"' --cfg 'feature="unicode-segment"' --check-cfg 'cfg(docsrs,test)' --check-cfg 'cfg(feature, values("default", "logging", "pattern", "perf", "perf-backtrack", "perf-cache", "perf-dfa", "perf-dfa-full", "perf-inline", "perf-literal", "perf-onepass", "std", "unicode", "unicode-age", "unicode-bool", "unicode-case", "unicode-gencat", "unicode-perl", "unicode-script", "unicode-segment", "unstable", "use_std"))' -C metadata=5c88a46455ab78fb -C extra-filename=-dbfda867d982a0a7 --out-dir /work/target/debug/deps -L dependency=/work/target/debug/deps --extern aho_corasick=/work/target/debug/deps/libaho_corasick-95067eed765e3382.rmeta --extern memchr=/work/target/debug/deps/libmemchr-43e1c146a71885ce.rmeta --extern regex_automata=/work/target/debug/deps/libregex_automata-dbe4b7aeb972eb63.rmeta --extern regex_syntax=/work/target/debug/deps/libregex_syntax-2c8745fadbc62180.rmeta --cap-lints allow`
[1m[32m   Compiling[0m indexmap v2.11.3
[1m[32m     Running[0m `/usr/local/rustup/toolchains/1.86.0-aarch64-unknown-linux-gnu/bin/rustc --crate-name indexmap --edition=2021 /usr/local/cargo/registry/src/index.crates.io-1949cf8c6b5b557f/indexmap-2.11.3/src/lib.rs --error-format=json --json=diagnostic-rendered-ansi,artifacts,future-incompat --crate-type lib --emit=dep-info,metadata,link -C embed-bitcode=no -C debuginfo=2 '--allow=clippy::style' --cfg 'feature="default"' --cfg 'feature="std"' --check-cfg 'cfg(docsrs,test)' --check-cfg 'cfg(feature, values("arbitrary", "borsh", "default", "quickcheck", "rayon", "serde", "std", "sval", "test_debug"))' -C metadata=4dbaab90b2965b5f -C extra-filename=-9a85cd7b101e1bbc --out-dir /work/target/debug/deps -L dependency=/work/target/debug/deps --extern equivalent=/work/target/debug/deps/libequivalent-23a75fce747333ae.rmeta --extern hashbrown=/work/target/debug/deps/libhashbrown-f46a9b443634d9f9.rmeta --cap-lints allow`
[1m[32m     Running[0m `/work/target/debug/build/ahash-c33e033642144591/build-script-build`
[1m[32m   Compiling[0m semver v1.0.26
[1m[32m     Running[0m `/usr/local/rustup/toolchains/1.86.0-aarch64-unknown-linux-gnu/bin/rustc --crate-name build_script_build --edition=2018 /usr/local/cargo/registry/src/index.crates.io-1949cf8c6b5b557f/semver-1.0.26/build.rs --error-format=json --json=diagnostic-rendered-ansi,artifacts,future-incompat --crate-type bin --emit=dep-info,link -C embed-bitcode=no --cfg 'feature="default"' --cfg 'feature="std"' --check-cfg 'cfg(docsrs,test)' --check-cfg 'cfg(feature, values("default", "serde", "std"))' -C metadata=be4afdf4107b1c5c -C extra-filename=-232e04fd7e48e3fa --out-dir /work/target/debug/build/semver-232e04fd7e48e3fa -L dependency=/work/target/debug/deps --cap-lints allow`
[1m[32m   Compiling[0m cmake v0.1.54
[1m[32m     Running[0m `/usr/local/rustup/toolchains/1.86.0-aarch64-unknown-linux-gnu/bin/rustc --crate-name cmake --edition=2021 /usr/local/cargo/registry/src/index.crates.io-1949cf8c6b5b557f/cmake-0.1.54/src/lib.rs --error-format=json --json=diagnostic-rendered-ansi,artifacts,future-incompat --crate-type lib --emit=dep-info,metadata,link -C embed-bitcode=no --check-cfg 'cfg(docsrs,test)' --check-cfg 'cfg(feature, values())' -C metadata=cb6592e10194ac3e -C extra-filename=-47db9ec0aed690b5 --out-dir /work/target/debug/deps -L dependency=/work/target/debug/deps --extern cc=/work/target/debug/deps/libcc-13da0a2c2b32aae7.rmeta --cap-lints allow`
[1m[32m   Compiling[0m serde_derive v1.0.225
[1m[32m     Running[0m `/usr/local/rustup/toolchains/1.86.0-aarch64-unknown-linux-gnu/bin/rustc --crate-name serde_derive --edition=2021 /usr/local/cargo/registry/src/index.crates.io-1949cf8c6b5b557f/serde_derive-1.0.225/src/lib.rs --error-format=json --json=diagnostic-rendered-ansi,artifacts,future-incompat --crate-type proc-macro --emit=dep-info,link -C prefer-dynamic -C embed-bitcode=no --cfg 'feature="default"' --check-cfg 'cfg(docsrs,test)' --check-cfg 'cfg(feature, values("default", "deserialize_in_place"))' -C metadata=21f8b4d22a688d9a -C extra-filename=-224b5868f540403f --out-dir /work/target/debug/deps -L dependency=/work/target/debug/deps --extern proc_macro2=/work/target/debug/deps/libproc_macro2-49fdc668fa64569f.rlib --extern quote=/work/target/debug/deps/libquote-38f780051616e59b.rlib --extern syn=/work/target/debug/deps/libsyn-9373f942e3578afe.rlib --extern proc_macro --cap-lints allow`
[1m[32m   Compiling[0m tokio-macros v2.5.0
[1m[32m     Running[0m `/usr/local/rustup/toolchains/1.86.0-aarch64-unknown-linux-gnu/bin/rustc --crate-name tokio_macros --edition=2021 /usr/local/cargo/registry/src/index.crates.io-1949cf8c6b5b557f/tokio-macros-2.5.0/src/lib.rs --error-format=json --json=diagnostic-rendered-ansi,artifacts,future-incompat --crate-type proc-macro --emit=dep-info,link -C prefer-dynamic -C embed-bitcode=no --check-cfg 'cfg(docsrs,test)' --check-cfg 'cfg(feature, values())' -C metadata=c70f98ff110414d5 -C extra-filename=-d7daa955fcd1f27e --out-dir /work/target/debug/deps -L dependency=/work/target/debug/deps --extern proc_macro2=/work/target/debug/deps/libproc_macro2-49fdc668fa64569f.rlib --extern quote=/work/target/debug/deps/libquote-38f780051616e59b.rlib --extern syn=/work/target/debug/deps/libsyn-9373f942e3578afe.rlib --extern proc_macro --cap-lints allow`
[1m[32m   Compiling[0m futures-macro v0.3.31
[1m[32m     Running[0m `/usr/local/rustup/toolchains/1.86.0-aarch64-unknown-linux-gnu/bin/rustc --crate-name futures_macro --edition=2018 /usr/local/cargo/registry/src/index.crates.io-1949cf8c6b5b557f/futures-macro-0.3.31/src/lib.rs --error-format=json --json=diagnostic-rendered-ansi,artifacts,future-incompat --crate-type proc-macro --emit=dep-info,link -C prefer-dynamic -C embed-bitcode=no --warn=unreachable_pub --warn=unexpected_cfgs --warn=single_use_lifetimes --warn=rust_2018_idioms --warn=missing_debug_implementations --check-cfg 'cfg(futures_sanitizer)' --check-cfg 'cfg(docsrs,test)' --check-cfg 'cfg(feature, values())' -C metadata=43354f56158f8a4c -C extra-filename=-cba00dd371df6534 --out-dir /work/target/debug/deps -L dependency=/work/target/debug/deps --extern proc_macro2=/work/target/debug/deps/libproc_macro2-49fdc668fa64569f.rlib --extern quote=/work/target/debug/deps/libquote-38f780051616e59b.rlib --extern syn=/work/target/debug/deps/libsyn-9373f942e3578afe.rlib --extern proc_macro --cap-lints allow`
[1m[32m   Compiling[0m tracing-attributes v0.1.28
[1m[32m     Running[0m `/usr/local/rustup/toolchains/1.86.0-aarch64-unknown-linux-gnu/bin/rustc --crate-name tracing_attributes --edition=2018 /usr/local/cargo/registry/src/index.crates.io-1949cf8c6b5b557f/tracing-attributes-0.1.28/src/lib.rs --error-format=json --json=diagnostic-rendered-ansi,artifacts,future-incompat --crate-type proc-macro --emit=dep-info,link -C prefer-dynamic -C embed-bitcode=no --warn=unexpected_cfgs --check-cfg 'cfg(flaky_tests)' --check-cfg 'cfg(tracing_unstable)' --check-cfg 'cfg(docsrs,test)' --check-cfg 'cfg(feature, values("async-await"))' -C metadata=20fcb123732a937d -C extra-filename=-071ffa1642b3e254 --out-dir /work/target/debug/deps -L dependency=/work/target/debug/deps --extern proc_macro2=/work/target/debug/deps/libproc_macro2-49fdc668fa64569f.rlib --extern quote=/work/target/debug/deps/libquote-38f780051616e59b.rlib --extern syn=/work/target/debug/deps/libsyn-9373f942e3578afe.rlib --extern proc_macro --cap-lints allow`
[1m[32m   Compiling[0m http v1.3.1
[1m[32m     Running[0m `/usr/local/rustup/toolchains/1.86.0-aarch64-unknown-linux-gnu/bin/rustc --crate-name http --edition=2018 /usr/local/cargo/registry/src/index.crates.io-1949cf8c6b5b557f/http-1.3.1/src/lib.rs --error-format=json --json=diagnostic-rendered-ansi,artifacts,future-incompat --crate-type lib --emit=dep-info,metadata,link -C embed-bitcode=no -C debuginfo=2 --cfg 'feature="default"' --cfg 'feature="std"' --check-cfg 'cfg(docsrs,test)' --check-cfg 'cfg(feature, values("default", "std"))' -C metadata=ccec921299116719 -C extra-filename=-bc84ffa0ce9e08c1 --out-dir /work/target/debug/deps -L dependency=/work/target/debug/deps --extern bytes=/work/target/debug/deps/libbytes-b7f26ff2edee4da7.rmeta --extern fnv=/work/target/debug/deps/libfnv-b7b4eec70cbc12ab.rmeta --extern itoa=/work/target/debug/deps/libitoa-da0e5894b0f1e0a5.rmeta --cap-lints allow`
[1m[32m   Compiling[0m parse-zoneinfo v0.3.1
[1m[32m     Running[0m `/usr/local/rustup/toolchains/1.86.0-aarch64-unknown-linux-gnu/bin/rustc --crate-name parse_zoneinfo --edition=2021 /usr/local/cargo/registry/src/index.crates.io-1949cf8c6b5b557f/parse-zoneinfo-0.3.1/src/lib.rs --error-format=json --json=diagnostic-rendered-ansi,artifacts,future-incompat --crate-type lib --emit=dep-info,metadata,link -C embed-bitcode=no --check-cfg 'cfg(docsrs,test)' --check-cfg 'cfg(feature, values())' -C metadata=c2524653fa00bd39 -C extra-filename=-97453200cffdaf66 --out-dir /work/target/debug/deps -L dependency=/work/target/debug/deps --extern regex=/work/target/debug/deps/libregex-dbfda867d982a0a7.rmeta --cap-lints allow`
[1m[32m     Running[0m `/work/target/debug/build/typenum-0950ee189fec4277/build-script-build`
[1m[32m   Compiling[0m untrusted v0.9.0
[1m[32m     Running[0m `/usr/local/rustup/toolchains/1.86.0-aarch64-unknown-linux-gnu/bin/rustc --crate-name untrusted --edition=2018 /usr/local/cargo/registry/src/index.crates.io-1949cf8c6b5b557f/untrusted-0.9.0/src/lib.rs --error-format=json --json=diagnostic-rendered-ansi,artifacts,future-incompat --crate-type lib --emit=dep-info,metadata,link -C embed-bitcode=no -C debuginfo=2 --check-cfg 'cfg(docsrs,test)' --check-cfg 'cfg(feature, values())' -C metadata=a4bcbe820e12457a -C extra-filename=-ccac08fe448c8f54 --out-dir /work/target/debug/deps -L dependency=/work/target/debug/deps --cap-lints allow`
[1m[32m     Running[0m `/usr/local/rustup/toolchains/1.86.0-aarch64-unknown-linux-gnu/bin/rustc --crate-name typenum --edition=2018 /usr/local/cargo/registry/src/index.crates.io-1949cf8c6b5b557f/typenum-1.18.0/src/lib.rs --error-format=json --json=diagnostic-rendered-ansi,artifacts,future-incompat --crate-type lib --emit=dep-info,metadata,link -C embed-bitcode=no -C debuginfo=2 --check-cfg 'cfg(docsrs,test)' --check-cfg 'cfg(feature, values("const-generics", "force_unix_path_separator", "i128", "no_std", "scale-info", "scale_info", "strict"))' -C metadata=4ff5ee794ede8143 -C extra-filename=-51687d2f5ad949db --out-dir /work/target/debug/deps -L dependency=/work/target/debug/deps --cap-lints allow`
[1m[32m   Compiling[0m fs_extra v1.3.0
[1m[32m     Running[0m `/usr/local/rustup/toolchains/1.86.0-aarch64-unknown-linux-gnu/bin/rustc --crate-name fs_extra --edition=2018 /usr/local/cargo/registry/src/index.crates.io-1949cf8c6b5b557f/fs_extra-1.3.0/src/lib.rs --error-format=json --json=diagnostic-rendered-ansi,artifacts,future-incompat --crate-type lib --emit=dep-info,metadata,link -C embed-bitcode=no --check-cfg 'cfg(docsrs,test)' --check-cfg 'cfg(feature, values())' -C metadata=e6ba6a53517d582e -C extra-filename=-988bcc25d9183fd0 --out-dir /work/target/debug/deps -L dependency=/work/target/debug/deps --cap-lints allow`
[1m[32m     Running[0m `/work/target/debug/build/generic-array-c39cef216fbca697/build-script-build`
[1m[32m   Compiling[0m dunce v1.0.5
[1m[32m     Running[0m `/usr/local/rustup/toolchains/1.86.0-aarch64-unknown-linux-gnu/bin/rustc --crate-name dunce --edition=2021 /usr/local/cargo/registry/src/index.crates.io-1949cf8c6b5b557f/dunce-1.0.5/src/lib.rs --error-format=json --json=diagnostic-rendered-ansi,artifacts,future-incompat --crate-type lib --emit=dep-info,metadata,link -C embed-bitcode=no --check-cfg 'cfg(docsrs,test)' --check-cfg 'cfg(feature, values())' -C metadata=1da9904471657701 -C extra-filename=-01cee995902c0587 --out-dir /work/target/debug/deps -L dependency=/work/target/debug/deps --cap-lints allow`
[1m[32m     Running[0m `/work/target/debug/build/semver-232e04fd7e48e3fa/build-script-build`
[1m[32m     Running[0m `/usr/local/rustup/toolchains/1.86.0-aarch64-unknown-linux-gnu/bin/rustc --crate-name semver --edition=2018 /usr/local/cargo/registry/src/index.crates.io-1949cf8c6b5b557f/semver-1.0.26/src/lib.rs --error-format=json --json=diagnostic-rendered-ansi,artifacts,future-incompat --crate-type lib --emit=dep-info,metadata,link -C embed-bitcode=no --cfg 'feature="default"' --cfg 'feature="std"' --check-cfg 'cfg(docsrs,test)' --check-cfg 'cfg(feature, values("default", "serde", "std"))' -C metadata=f84ed9668305e173 -C extra-filename=-984b03820d79505d --out-dir /work/target/debug/deps -L dependency=/work/target/debug/deps --cap-lints allow --check-cfg 'cfg(no_alloc_crate)' --check-cfg 'cfg(no_const_vec_new)' --check-cfg 'cfg(no_exhaustive_int_match)' --check-cfg 'cfg(no_non_exhaustive)' --check-cfg 'cfg(no_nonzero_bitscan)' --check-cfg 'cfg(no_str_strip_prefix)' --check-cfg 'cfg(no_track_caller)' --check-cfg 'cfg(no_unsafe_op_in_unsafe_fn_lint)' --check-cfg 'cfg(test_node_semver)'`
[1m[32m   Compiling[0m chrono-tz-build v0.4.1
[1m[32m     Running[0m `/usr/local/rustup/toolchains/1.86.0-aarch64-unknown-linux-gnu/bin/rustc --crate-name chrono_tz_build --edition=2021 /usr/local/cargo/registry/src/index.crates.io-1949cf8c6b5b557f/chrono-tz-build-0.4.1/src/lib.rs --error-format=json --json=diagnostic-rendered-ansi,artifacts,future-incompat --crate-type lib --emit=dep-info,metadata,link -C embed-bitcode=no --check-cfg 'cfg(docsrs,test)' --check-cfg 'cfg(feature, values("case-insensitive", "filter-by-regex", "phf_shared", "regex", "uncased"))' -C metadata=e953da9b700ffeb8 -C extra-filename=-786bf8275aad5160 --out-dir /work/target/debug/deps -L dependency=/work/target/debug/deps --extern parse_zoneinfo=/work/target/debug/deps/libparse_zoneinfo-97453200cffdaf66.rmeta --extern phf_codegen=/work/target/debug/deps/libphf_codegen-2bab9997626d3a5c.rmeta --cap-lints allow`
[1m[32m   Compiling[0m serde_json v1.0.140
[1m[32m     Running[0m `/usr/local/rustup/toolchains/1.86.0-aarch64-unknown-linux-gnu/bin/rustc --crate-name build_script_build --edition=2021 /usr/local/cargo/registry/src/index.crates.io-1949cf8c6b5b557f/serde_json-1.0.140/build.rs --error-format=json --json=diagnostic-rendered-ansi,artifacts,future-incompat --crate-type bin --emit=dep-info,link -C embed-bitcode=no --cfg 'feature="alloc"' --cfg 'feature="arbitrary_precision"' --cfg 'feature="default"' --cfg 'feature="raw_value"' --cfg 'feature="std"' --check-cfg 'cfg(docsrs,test)' --check-cfg 'cfg(feature, values("alloc", "arbitrary_precision", "default", "float_roundtrip", "indexmap", "preserve_order", "raw_value", "std", "unbounded_depth"))' -C metadata=64914dd47618ad40 -C extra-filename=-1f75509a9a782c5f --out-dir /work/target/debug/build/serde_json-1f75509a9a782c5f -L dependency=/work/target/debug/deps --cap-lints allow`
[1m[32m   Compiling[0m static_assertions v1.1.0
[1m[32m     Running[0m `/usr/local/rustup/toolchains/1.86.0-aarch64-unknown-linux-gnu/bin/rustc --crate-name static_assertions --edition=2015 /usr/local/cargo/registry/src/index.crates.io-1949cf8c6b5b557f/static_assertions-1.1.0/src/lib.rs --error-format=json --json=diagnostic-rendered-ansi,artifacts,future-incompat --crate-type lib --emit=dep-info,metadata,link -C embed-bitcode=no -C debuginfo=2 --check-cfg 'cfg(docsrs,test)' --check-cfg 'cfg(feature, values("nightly"))' -C metadata=399d760deca712cd -C extra-filename=-bbd866f8d82ca97d --out-dir /work/target/debug/deps -L dependency=/work/target/debug/deps --cap-lints allow`
[1m[32m   Compiling[0m http-body v1.0.1
[1m[32m     Running[0m `/usr/local/rustup/toolchains/1.86.0-aarch64-unknown-linux-gnu/bin/rustc --crate-name http_body --edition=2018 /usr/local/cargo/registry/src/index.crates.io-1949cf8c6b5b557f/http-body-1.0.1/src/lib.rs --error-format=json --json=diagnostic-rendered-ansi,artifacts,future-incompat --crate-type lib --emit=dep-info,metadata,link -C embed-bitcode=no -C debuginfo=2 --check-cfg 'cfg(docsrs,test)' --check-cfg 'cfg(feature, values())' -C metadata=11d23b43304fb666 -C extra-filename=-621718221c729043 --out-dir /work/target/debug/deps -L dependency=/work/target/debug/deps --extern bytes=/work/target/debug/deps/libbytes-b7f26ff2edee4da7.rmeta --extern http=/work/target/debug/deps/libhttp-bc84ffa0ce9e08c1.rmeta --cap-lints allow`
[1m[32m   Compiling[0m aws-lc-sys v0.28.2
[1m[32m     Running[0m `/usr/local/rustup/toolchains/1.86.0-aarch64-unknown-linux-gnu/bin/rustc --crate-name build_script_main --edition=2021 /usr/local/cargo/registry/src/index.crates.io-1949cf8c6b5b557f/aws-lc-sys-0.28.2/builder/main.rs --error-format=json --json=diagnostic-rendered-ansi,artifacts,future-incompat --crate-type bin --emit=dep-info,link -C embed-bitcode=no --cfg 'feature="prebuilt-nasm"' --check-cfg 'cfg(docsrs,test)' --check-cfg 'cfg(feature, values("asan", "bindgen", "prebuilt-nasm", "ssl"))' -C metadata=409864bb807148cc -C extra-filename=-6e04e8aaeffbee4e --out-dir /work/target/debug/build/aws-lc-sys-6e04e8aaeffbee4e -L dependency=/work/target/debug/deps --extern cc=/work/target/debug/deps/libcc-13da0a2c2b32aae7.rlib --extern cmake=/work/target/debug/deps/libcmake-47db9ec0aed690b5.rlib --extern dunce=/work/target/debug/deps/libdunce-01cee995902c0587.rlib --extern fs_extra=/work/target/debug/deps/libfs_extra-988bcc25d9183fd0.rlib --cap-lints allow`
[1m[32m     Running[0m `/work/target/debug/build/ring-b00b5bf08284a1bf/build-script-build`
[1m[32m     Running[0m `/usr/local/rustup/toolchains/1.86.0-aarch64-unknown-linux-gnu/bin/rustc --crate-name generic_array --edition=2015 /usr/local/cargo/registry/src/index.crates.io-1949cf8c6b5b557f/generic-array-0.14.7/src/lib.rs --error-format=json --json=diagnostic-rendered-ansi,artifacts,future-incompat --crate-type lib --emit=dep-info,metadata,link -C embed-bitcode=no -C debuginfo=2 --cfg 'feature="more_lengths"' --check-cfg 'cfg(docsrs,test)' --check-cfg 'cfg(feature, values("more_lengths", "serde", "zeroize"))' -C metadata=f21ebeaca1f7639b -C extra-filename=-d49451644875c7ef --out-dir /work/target/debug/deps -L dependency=/work/target/debug/deps --extern typenum=/work/target/debug/deps/libtypenum-51687d2f5ad949db.rmeta --cap-lints allow --cfg relaxed_coherence`
[1m[32m   Compiling[0m rustc_version v0.4.1
[1m[32m     Running[0m `/usr/local/rustup/toolchains/1.86.0-aarch64-unknown-linux-gnu/bin/rustc --crate-name rustc_version --edition=2018 /usr/local/cargo/registry/src/index.crates.io-1949cf8c6b5b557f/rustc_version-0.4.1/src/lib.rs --error-format=json --json=diagnostic-rendered-ansi,artifacts,future-incompat --crate-type lib --emit=dep-info,metadata,link -C embed-bitcode=no --check-cfg 'cfg(docsrs,test)' --check-cfg 'cfg(feature, values())' -C metadata=8f540dd10fad3959 -C extra-filename=-3fe58f6d0ea50120 --out-dir /work/target/debug/deps -L dependency=/work/target/debug/deps --extern semver=/work/target/debug/deps/libsemver-984b03820d79505d.rmeta --cap-lints allow`
[1m[32m   Compiling[0m chrono-tz v0.10.3
[1m[32m     Running[0m `/usr/local/rustup/toolchains/1.86.0-aarch64-unknown-linux-gnu/bin/rustc --crate-name build_script_build --edition=2021 /usr/local/cargo/registry/src/index.crates.io-1949cf8c6b5b557f/chrono-tz-0.10.3/build.rs --error-format=json --json=diagnostic-rendered-ansi,artifacts,future-incompat --crate-type bin --emit=dep-info,link -C embed-bitcode=no --cfg 'feature="default"' --cfg 'feature="std"' --check-cfg 'cfg(docsrs,test)' --check-cfg 'cfg(feature, values("arbitrary", "case-insensitive", "default", "filter-by-regex", "serde", "std"))' -C metadata=87a1ed9177eff16b -C extra-filename=-86b192701ed2ee88 --out-dir /work/target/debug/build/chrono-tz-86b192701ed2ee88 -L dependency=/work/target/debug/deps --extern chrono_tz_build=/work/target/debug/deps/libchrono_tz_build-786bf8275aad5160.rlib --cap-lints allow`
[1m[32m   Compiling[0m synstructure v0.13.2
[1m[32m     Running[0m `/usr/local/rustup/toolchains/1.86.0-aarch64-unknown-linux-gnu/bin/rustc --crate-name synstructure --edition=2018 /usr/local/cargo/registry/src/index.crates.io-1949cf8c6b5b557f/synstructure-0.13.2/src/lib.rs --error-format=json --json=diagnostic-rendered-ansi,artifacts,future-incompat --crate-type lib --emit=dep-info,metadata,link -C embed-bitcode=no --cfg 'feature="default"' --cfg 'feature="proc-macro"' --check-cfg 'cfg(docsrs,test)' --check-cfg 'cfg(feature, values("default", "proc-macro"))' -C metadata=bb6adcede01a21b1 -C extra-filename=-7268b36aa4e50bb7 --out-dir /work/target/debug/deps -L dependency=/work/target/debug/deps --extern proc_macro2=/work/target/debug/deps/libproc_macro2-49fdc668fa64569f.rmeta --extern quote=/work/target/debug/deps/libquote-38f780051616e59b.rmeta --extern syn=/work/target/debug/deps/libsyn-9373f942e3578afe.rmeta --cap-lints allow`
[1m[32m   Compiling[0m rustls-pki-types v1.11.0
[1m[32m     Running[0m `/usr/local/rustup/toolchains/1.86.0-aarch64-unknown-linux-gnu/bin/rustc --crate-name rustls_pki_types --edition=2021 /usr/local/cargo/registry/src/index.crates.io-1949cf8c6b5b557f/rustls-pki-types-1.11.0/src/lib.rs --error-format=json --json=diagnostic-rendered-ansi,artifacts,future-incompat --crate-type lib --emit=dep-info,metadata,link -C embed-bitcode=no -C debuginfo=2 --cfg 'feature="alloc"' --cfg 'feature="default"' --cfg 'feature="std"' --check-cfg 'cfg(docsrs,test)' --check-cfg 'cfg(feature, values("alloc", "default", "std", "web", "web-time"))' -C metadata=2e817e4edc61effd -C extra-filename=-c8edff32b96bb94f --out-dir /work/target/debug/deps -L dependency=/work/target/debug/deps --cap-lints allow`
[1m[32m   Compiling[0m crypto-common v0.1.6
[1m[32m     Running[0m `/usr/local/rustup/toolchains/1.86.0-aarch64-unknown-linux-gnu/bin/rustc --crate-name crypto_common --edition=2018 /usr/local/cargo/registry/src/index.crates.io-1949cf8c6b5b557f/crypto-common-0.1.6/src/lib.rs --error-format=json --json=diagnostic-rendered-ansi,artifacts,future-incompat --crate-type lib --emit=dep-info,metadata,link -C embed-bitcode=no -C debuginfo=2 --cfg 'feature="std"' --check-cfg 'cfg(docsrs,test)' --check-cfg 'cfg(feature, values("getrandom", "rand_core", "std"))' -C metadata=48e1a4850874d85c -C extra-filename=-03a2293815ac6528 --out-dir /work/target/debug/deps -L dependency=/work/target/debug/deps --extern generic_array=/work/target/debug/deps/libgeneric_array-d49451644875c7ef.rmeta --extern typenum=/work/target/debug/deps/libtypenum-51687d2f5ad949db.rmeta --cap-lints allow`
[1m[32m   Compiling[0m block-buffer v0.10.4
[1m[32m     Running[0m `/usr/local/rustup/toolchains/1.86.0-aarch64-unknown-linux-gnu/bin/rustc --crate-name block_buffer --edition=2018 /usr/local/cargo/registry/src/index.crates.io-1949cf8c6b5b557f/block-buffer-0.10.4/src/lib.rs --error-format=json --json=diagnostic-rendered-ansi,artifacts,future-incompat --crate-type lib --emit=dep-info,metadata,link -C embed-bitcode=no -C debuginfo=2 --check-cfg 'cfg(docsrs,test)' --check-cfg 'cfg(feature, values())' -C metadata=b4e14faf473611d9 -C extra-filename=-78bde17e30c67005 --out-dir /work/target/debug/deps -L dependency=/work/target/debug/deps --extern generic_array=/work/target/debug/deps/libgeneric_array-d49451644875c7ef.rmeta --cap-lints allow`
[1m[32m     Running[0m `/work/target/debug/build/serde_json-1f75509a9a782c5f/build-script-build`
[1m[32m   Compiling[0m aws-lc-rs v1.13.0
[1m[32m     Running[0m `/usr/local/rustup/toolchains/1.86.0-aarch64-unknown-linux-gnu/bin/rustc --crate-name build_script_build --edition=2021 /usr/local/cargo/registry/src/index.crates.io-1949cf8c6b5b557f/aws-lc-rs-1.13.0/build.rs --error-format=json --json=diagnostic-rendered-ansi,artifacts,future-incompat --crate-type bin --emit=dep-info,link -C embed-bitcode=no --cfg 'feature="aws-lc-sys"' --cfg 'feature="prebuilt-nasm"' --check-cfg 'cfg(docsrs,test)' --check-cfg 'cfg(feature, values("alloc", "asan", "aws-lc-sys", "bindgen", "default", "fips", "non-fips", "prebuilt-nasm", "ring-io", "ring-sig-verify", "test_logging", "unstable"))' -C metadata=2808700b378a77f5 -C extra-filename=-c54c645bd195abcf --out-dir /work/target/debug/build/aws-lc-rs-c54c645bd195abcf -L dependency=/work/target/debug/deps --cap-lints allow`
[1m[32m   Compiling[0m tokio v1.47.0
[1m[32m     Running[0m `/usr/local/rustup/toolchains/1.86.0-aarch64-unknown-linux-gnu/bin/rustc --crate-name tokio --edition=2021 /usr/local/cargo/registry/src/index.crates.io-1949cf8c6b5b557f/tokio-1.47.0/src/lib.rs --error-format=json --json=diagnostic-rendered-ansi,artifacts,future-incompat --crate-type lib --emit=dep-info,metadata,link -C embed-bitcode=no -C debuginfo=2 --warn=unexpected_cfgs --check-cfg 'cfg(fuzzing)' --check-cfg 'cfg(loom)' --check-cfg 'cfg(mio_unsupported_force_poll_poll)' --check-cfg 'cfg(tokio_allow_from_blocking_fd)' --check-cfg 'cfg(tokio_internal_mt_counters)' --check-cfg 'cfg(tokio_no_parking_lot)' --check-cfg 'cfg(tokio_no_tuning_tests)' --check-cfg 'cfg(tokio_taskdump)' --check-cfg 'cfg(tokio_unstable)' --check-cfg 'cfg(tokio_uring)' --check-cfg 'cfg(target_os, values("cygwin"))' --cfg 'feature="bytes"' --cfg 'feature="default"' --cfg 'feature="fs"' --cfg 'feature="io-util"' --cfg 'feature="libc"' --cfg 'feature="macros"' --cfg 'feature="mio"' --cfg 'feature="net"' --cfg 'feature="process"' --cfg 'feature="rt"' --cfg 'feature="rt-multi-thread"' --cfg 'feature="signal-hook-registry"' --cfg 'feature="socket2"' --cfg 'feature="sync"' --cfg 'feature="time"' --cfg 'feature="tokio-macros"' --check-cfg 'cfg(docsrs,test)' --check-cfg 'cfg(feature, values("bytes", "default", "fs", "full", "io-std", "io-util", "libc", "macros", "mio", "net", "parking_lot", "process", "rt", "rt-multi-thread", "signal", "signal-hook-registry", "socket2", "sync", "test-util", "time", "tokio-macros", "tracing", "windows-sys"))' -C metadata=053c3465349f2f1f -C extra-filename=-d7b67b7161a91c5d --out-dir /work/target/debug/deps -L dependency=/work/target/debug/deps --extern bytes=/work/target/debug/deps/libbytes-b7f26ff2edee4da7.rmeta --extern libc=/work/target/debug/deps/liblibc-33634091ba1aaaf5.rmeta --extern mio=/work/target/debug/deps/libmio-35391971456a4897.rmeta --extern pin_project_lite=/work/target/debug/deps/libpin_project_lite-489eb5afe2d3bddf.rmeta --extern signal_hook_registry=/work/target/debug/deps/libsignal_hook_registry-fd90b2da6e217633.rmeta --extern socket2=/work/target/debug/deps/libsocket2-4da8fc9c33e6ed8e.rmeta --extern tokio_macros=/work/target/debug/deps/libtokio_macros-d7daa955fcd1f27e.so --cap-lints allow`
[1m[32m   Compiling[0m futures-util v0.3.31
[1m[32m     Running[0m `/usr/local/rustup/toolchains/1.86.0-aarch64-unknown-linux-gnu/bin/rustc --crate-name futures_util --edition=2018 /usr/local/cargo/registry/src/index.crates.io-1949cf8c6b5b557f/futures-util-0.3.31/src/lib.rs --error-format=json --json=diagnostic-rendered-ansi,artifacts,future-incompat --crate-type lib --emit=dep-info,metadata,link -C embed-bitcode=no -C debuginfo=2 --warn=unreachable_pub --warn=unexpected_cfgs --warn=single_use_lifetimes --warn=rust_2018_idioms --warn=missing_debug_implementations --check-cfg 'cfg(futures_sanitizer)' --cfg 'feature="alloc"' --cfg 'feature="async-await"' --cfg 'feature="async-await-macro"' --cfg 'feature="channel"' --cfg 'feature="futures-channel"' --cfg 'feature="futures-io"' --cfg 'feature="futures-macro"' --cfg 'feature="futures-sink"' --cfg 'feature="io"' --cfg 'feature="memchr"' --cfg 'feature="sink"' --cfg 'feature="slab"' --cfg 'feature="std"' --check-cfg 'cfg(docsrs,test)' --check-cfg 'cfg(feature, values("alloc", "async-await", "async-await-macro", "bilock", "cfg-target-has-atomic", "channel", "compat", "default", "futures-channel", "futures-io", "futures-macro", "futures-sink", "futures_01", "io", "io-compat", "memchr", "portable-atomic", "sink", "slab", "std", "tokio-io", "unstable", "write-all-vectored"))' -C metadata=faf8eefbb18214c5 -C extra-filename=-7d4e9e33dc8645e2 --out-dir /work/target/debug/deps -L dependency=/work/target/debug/deps --extern futures_channel=/work/target/debug/deps/libfutures_channel-88df6a0f03d53ee4.rmeta --extern futures_core=/work/target/debug/deps/libfutures_core-2a3a0b2e17309ffd.rmeta --extern futures_io=/work/target/debug/deps/libfutures_io-79e971d42e88061a.rmeta --extern futures_macro=/work/target/debug/deps/libfutures_macro-cba00dd371df6534.so --extern futures_sink=/work/target/debug/deps/libfutures_sink-06a4bc4e92cdd000.rmeta --extern futures_task=/work/target/debug/deps/libfutures_task-28cf6c7d15f75dd5.rmeta --extern memchr=/work/target/debug/deps/libmemchr-43e1c146a71885ce.rmeta --extern pin_project_lite=/work/target/debug/deps/libpin_project_lite-489eb5afe2d3bddf.rmeta --extern pin_utils=/work/target/debug/deps/libpin_utils-5adeda489b1522e2.rmeta --extern slab=/work/target/debug/deps/libslab-15ce33a5326b04e6.rmeta --cap-lints allow`
[1m[32m   Compiling[0m percent-encoding v2.3.2
[1m[32m     Running[0m `/usr/local/rustup/toolchains/1.86.0-aarch64-unknown-linux-gnu/bin/rustc --crate-name percent_encoding --edition=2018 /usr/local/cargo/registry/src/index.crates.io-1949cf8c6b5b557f/percent-encoding-2.3.2/src/lib.rs --error-format=json --json=diagnostic-rendered-ansi,artifacts,future-incompat --crate-type lib --emit=dep-info,metadata,link -C embed-bitcode=no -C debuginfo=2 --cfg 'feature="alloc"' --cfg 'feature="default"' --cfg 'feature="std"' --check-cfg 'cfg(docsrs,test)' --check-cfg 'cfg(feature, values("alloc", "default", "std"))' -C metadata=81a0b45ab3f8e7fc -C extra-filename=-68d8dbd3afa04ab5 --out-dir /work/target/debug/deps -L dependency=/work/target/debug/deps --cap-lints allow`
[1m[32m   Compiling[0m base64 v0.22.1
[1m[32m     Running[0m `/usr/local/rustup/toolchains/1.86.0-aarch64-unknown-linux-gnu/bin/rustc --crate-name base64 --edition=2018 /usr/local/cargo/registry/src/index.crates.io-1949cf8c6b5b557f/base64-0.22.1/src/lib.rs --error-format=json --json=diagnostic-rendered-ansi,artifacts,future-incompat --crate-type lib --emit=dep-info,metadata,link -C embed-bitcode=no -C debuginfo=2 --cfg 'feature="alloc"' --cfg 'feature="default"' --cfg 'feature="std"' --check-cfg 'cfg(docsrs,test)' --check-cfg 'cfg(feature, values("alloc", "default", "std"))' -C metadata=51800a67910ccff5 -C extra-filename=-654283100a0b6a3e --out-dir /work/target/debug/deps -L dependency=/work/target/debug/deps --cap-lints allow`
[1m[32m   Compiling[0m tracing v0.1.41
[1m[32m     Running[0m `/usr/local/rustup/toolchains/1.86.0-aarch64-unknown-linux-gnu/bin/rustc --crate-name tracing --edition=2018 /usr/local/cargo/registry/src/index.crates.io-1949cf8c6b5b557f/tracing-0.1.41/src/lib.rs --error-format=json --json=diagnostic-rendered-ansi,artifacts,future-incompat --crate-type lib --emit=dep-info,metadata,link -C embed-bitcode=no -C debuginfo=2 --warn=unexpected_cfgs --check-cfg 'cfg(flaky_tests)' --check-cfg 'cfg(tracing_unstable)' --cfg 'feature="attributes"' --cfg 'feature="default"' --cfg 'feature="log"' --cfg 'feature="std"' --cfg 'feature="tracing-attributes"' --check-cfg 'cfg(docsrs,test)' --check-cfg 'cfg(feature, values("async-await", "attributes", "default", "log", "log-always", "max_level_debug", "max_level_error", "max_level_info", "max_level_off", "max_level_trace", "max_level_warn", "release_max_level_debug", "release_max_level_error", "release_max_level_info", "release_max_level_off", "release_max_level_trace", "release_max_level_warn", "std", "tracing-attributes", "valuable"))' -C metadata=4ef935e84ea78e51 -C extra-filename=-ab9d44c27d15fd96 --out-dir /work/target/debug/deps -L dependency=/work/target/debug/deps --extern log=/work/target/debug/deps/liblog-b9fcf50dffa3f048.rmeta --extern pin_project_lite=/work/target/debug/deps/libpin_project_lite-489eb5afe2d3bddf.rmeta --extern tracing_attributes=/work/target/debug/deps/libtracing_attributes-071ffa1642b3e254.so --extern tracing_core=/work/target/debug/deps/libtracing_core-5b505ede2a43e494.rmeta --cap-lints allow`
[1m[32m   Compiling[0m zerofrom-derive v0.1.6
[1m[32m     Running[0m `/usr/local/rustup/toolchains/1.86.0-aarch64-unknown-linux-gnu/bin/rustc --crate-name zerofrom_derive --edition=2021 /usr/local/cargo/registry/src/index.crates.io-1949cf8c6b5b557f/zerofrom-derive-0.1.6/src/lib.rs --error-format=json --json=diagnostic-rendered-ansi,artifacts,future-incompat --crate-type proc-macro --emit=dep-info,link -C prefer-dynamic -C embed-bitcode=no --check-cfg 'cfg(docsrs,test)' --check-cfg 'cfg(feature, values())' -C metadata=0792099ff0d11174 -C extra-filename=-4e0f14c8cfe13368 --out-dir /work/target/debug/deps -L dependency=/work/target/debug/deps --extern proc_macro2=/work/target/debug/deps/libproc_macro2-49fdc668fa64569f.rlib --extern quote=/work/target/debug/deps/libquote-38f780051616e59b.rlib --extern syn=/work/target/debug/deps/libsyn-9373f942e3578afe.rlib --extern synstructure=/work/target/debug/deps/libsynstructure-7268b36aa4e50bb7.rlib --extern proc_macro --cap-lints allow`
[1m[32m   Compiling[0m digest v0.10.7
[1m[32m     Running[0m `/usr/local/rustup/toolchains/1.86.0-aarch64-unknown-linux-gnu/bin/rustc --crate-name digest --edition=2018 /usr/local/cargo/registry/src/index.crates.io-1949cf8c6b5b557f/digest-0.10.7/src/lib.rs --error-format=json --json=diagnostic-rendered-ansi,artifacts,future-incompat --crate-type lib --emit=dep-info,metadata,link -C embed-bitcode=no -C debuginfo=2 --cfg 'feature="alloc"' --cfg 'feature="block-buffer"' --cfg 'feature="const-oid"' --cfg 'feature="core-api"' --cfg 'feature="default"' --cfg 'feature="mac"' --cfg 'feature="oid"' --cfg 'feature="std"' --cfg 'feature="subtle"' --check-cfg 'cfg(docsrs,test)' --check-cfg 'cfg(feature, values("alloc", "blobby", "block-buffer", "const-oid", "core-api", "default", "dev", "mac", "oid", "rand_core", "std", "subtle"))' -C metadata=f8b669ea2efa7e65 -C extra-filename=-d240c95a8ab84e71 --out-dir /work/target/debug/deps -L dependency=/work/target/debug/deps --extern block_buffer=/work/target/debug/deps/libblock_buffer-78bde17e30c67005.rmeta --extern const_oid=/work/target/debug/deps/libconst_oid-fdf12afda8cc3945.rmeta --extern crypto_common=/work/target/debug/deps/libcrypto_common-03a2293815ac6528.rmeta --extern subtle=/work/target/debug/deps/libsubtle-cec5c82d83114130.rmeta --cap-lints allow`
[1m[32m     Running[0m `/usr/local/rustup/toolchains/1.86.0-aarch64-unknown-linux-gnu/bin/rustc --crate-name serde --edition=2021 /usr/local/cargo/registry/src/index.crates.io-1949cf8c6b5b557f/serde-1.0.225/src/lib.rs --error-format=json --json=diagnostic-rendered-ansi,artifacts,future-incompat --crate-type lib --emit=dep-info,metadata,link -C embed-bitcode=no -C debuginfo=2 --cfg 'feature="alloc"' --cfg 'feature="default"' --cfg 'feature="derive"' --cfg 'feature="rc"' --cfg 'feature="serde_derive"' --cfg 'feature="std"' --check-cfg 'cfg(docsrs,test)' --check-cfg 'cfg(feature, values("alloc", "default", "derive", "rc", "serde_derive", "std", "unstable"))' -C metadata=a3ad902deb4614a0 -C extra-filename=-40c2de2881464769 --out-dir /work/target/debug/deps -L dependency=/work/target/debug/deps --extern serde_core=/work/target/debug/deps/libserde_core-e78d405ae1a16843.rmeta --extern serde_derive=/work/target/debug/deps/libserde_derive-224b5868f540403f.so --cap-lints allow --check-cfg 'cfg(no_diagnostic_namespace)' --check-cfg 'cfg(no_serde_derive)'`
[1m[32m   Compiling[0m pkg-config v0.3.32
[1m[32m     Running[0m `/usr/local/rustup/toolchains/1.86.0-aarch64-unknown-linux-gnu/bin/rustc --crate-name pkg_config --edition=2018 /usr/local/cargo/registry/src/index.crates.io-1949cf8c6b5b557f/pkg-config-0.3.32/src/lib.rs --error-format=json --json=diagnostic-rendered-ansi,artifacts,future-incompat --crate-type lib --emit=dep-info,metadata,link -C embed-bitcode=no --check-cfg 'cfg(docsrs,test)' --check-cfg 'cfg(feature, values())' -C metadata=4a5a124cb6369500 -C extra-filename=-e6b81fe79bb73097 --out-dir /work/target/debug/deps -L dependency=/work/target/debug/deps --cap-lints allow`
[1m[32m   Compiling[0m yoke-derive v0.7.5
[1m[32m     Running[0m `/usr/local/rustup/toolchains/1.86.0-aarch64-unknown-linux-gnu/bin/rustc --crate-name yoke_derive --edition=2021 /usr/local/cargo/registry/src/index.crates.io-1949cf8c6b5b557f/yoke-derive-0.7.5/src/lib.rs --error-format=json --json=diagnostic-rendered-ansi,artifacts,future-incompat --crate-type proc-macro --emit=dep-info,link -C prefer-dynamic -C embed-bitcode=no --check-cfg 'cfg(docsrs,test)' --check-cfg 'cfg(feature, values())' -C metadata=b2892f562cbd5880 -C extra-filename=-5b7d6772ef9ae7aa --out-dir /work/target/debug/deps -L dependency=/work/target/debug/deps --extern proc_macro2=/work/target/debug/deps/libproc_macro2-49fdc668fa64569f.rlib --extern quote=/work/target/debug/deps/libquote-38f780051616e59b.rlib --extern syn=/work/target/debug/deps/libsyn-9373f942e3578afe.rlib --extern synstructure=/work/target/debug/deps/libsynstructure-7268b36aa4e50bb7.rlib --extern proc_macro --cap-lints allow`
[1m[32m   Compiling[0m stable_deref_trait v1.2.0
[1m[32m     Running[0m `/usr/local/rustup/toolchains/1.86.0-aarch64-unknown-linux-gnu/bin/rustc --crate-name stable_deref_trait --edition=2015 /usr/local/cargo/registry/src/index.crates.io-1949cf8c6b5b557f/stable_deref_trait-1.2.0/src/lib.rs --error-format=json --json=diagnostic-rendered-ansi,artifacts,future-incompat --crate-type lib --emit=dep-info,metadata,link -C embed-bitcode=no -C debuginfo=2 --cfg 'feature="alloc"' --check-cfg 'cfg(docsrs,test)' --check-cfg 'cfg(feature, values("alloc", "default", "std"))' -C metadata=737537bada189eeb -C extra-filename=-6ea37ae420112eee --out-dir /work/target/debug/deps -L dependency=/work/target/debug/deps --cap-lints allow`
[1m[32m   Compiling[0m http-body-util v0.1.3
[1m[32m     Running[0m `/usr/local/rustup/toolchains/1.86.0-aarch64-unknown-linux-gnu/bin/rustc --crate-name http_body_util --edition=2018 /usr/local/cargo/registry/src/index.crates.io-1949cf8c6b5b557f/http-body-util-0.1.3/src/lib.rs --error-format=json --json=diagnostic-rendered-ansi,artifacts,future-incompat --crate-type lib --emit=dep-info,metadata,link -C embed-bitcode=no -C debuginfo=2 --cfg 'feature="default"' --check-cfg 'cfg(docsrs,test)' --check-cfg 'cfg(feature, values("channel", "default", "full"))' -C metadata=b44d84ef3d45f3e5 -C extra-filename=-0cbcb10032179b5c --out-dir /work/target/debug/deps -L dependency=/work/target/debug/deps --extern bytes=/work/target/debug/deps/libbytes-b7f26ff2edee4da7.rmeta --extern futures_core=/work/target/debug/deps/libfutures_core-2a3a0b2e17309ffd.rmeta --extern http=/work/target/debug/deps/libhttp-bc84ffa0ce9e08c1.rmeta --extern http_body=/work/target/debug/deps/libhttp_body-621718221c729043.rmeta --extern pin_project_lite=/work/target/debug/deps/libpin_project_lite-489eb5afe2d3bddf.rmeta --cap-lints allow`
[1m[32m   Compiling[0m lexical-util v1.0.6
[1m[32m     Running[0m `/usr/local/rustup/toolchains/1.86.0-aarch64-unknown-linux-gnu/bin/rustc --crate-name lexical_util --edition=2021 /usr/local/cargo/registry/src/index.crates.io-1949cf8c6b5b557f/lexical-util-1.0.6/src/lib.rs --error-format=json --json=diagnostic-rendered-ansi,artifacts,future-incompat --crate-type lib --emit=dep-info,metadata,link -C embed-bitcode=no -C debuginfo=2 --cfg 'feature="floats"' --cfg 'feature="integers"' --cfg 'feature="parse"' --cfg 'feature="parse-floats"' --cfg 'feature="parse-integers"' --cfg 'feature="write"' --cfg 'feature="write-floats"' --cfg 'feature="write-integers"' --check-cfg 'cfg(docsrs,test)' --check-cfg 'cfg(feature, values("compact", "default", "f128", "f16", "floats", "format", "integers", "lint", "parse", "parse-floats", "parse-integers", "power-of-two", "radix", "std", "write", "write-floats", "write-integers"))' -C metadata=ff5f1dba5c2448d3 -C extra-filename=-d9b40effd5c58a28 --out-dir /work/target/debug/deps -L dependency=/work/target/debug/deps --extern static_assertions=/work/target/debug/deps/libstatic_assertions-bbd866f8d82ca97d.rmeta --cap-lints allow`
[1m[32m     Running[0m `/work/target/debug/build/aws-lc-sys-6e04e8aaeffbee4e/build-script-main`
[1m[32m   Compiling[0m zerovec-derive v0.10.3
[1m[32m     Running[0m `/usr/local/rustup/toolchains/1.86.0-aarch64-unknown-linux-gnu/bin/rustc --crate-name zerovec_derive --edition=2021 /usr/local/cargo/registry/src/index.crates.io-1949cf8c6b5b557f/zerovec-derive-0.10.3/src/lib.rs --error-format=json --json=diagnostic-rendered-ansi,artifacts,future-incompat --crate-type proc-macro --emit=dep-info,link -C prefer-dynamic -C embed-bitcode=no --check-cfg 'cfg(docsrs,test)' --check-cfg 'cfg(feature, values())' -C metadata=0ac15711f201bf2f -C extra-filename=-ed5f772d00326850 --out-dir /work/target/debug/deps -L dependency=/work/target/debug/deps --extern proc_macro2=/work/target/debug/deps/libproc_macro2-49fdc668fa64569f.rlib --extern quote=/work/target/debug/deps/libquote-38f780051616e59b.rlib --extern syn=/work/target/debug/deps/libsyn-9373f942e3578afe.rlib --extern proc_macro --cap-lints allow`
[1m[32m   Compiling[0m smallvec v1.15.0
[1m[32m     Running[0m `/usr/local/rustup/toolchains/1.86.0-aarch64-unknown-linux-gnu/bin/rustc --crate-name smallvec --edition=2018 /usr/local/cargo/registry/src/index.crates.io-1949cf8c6b5b557f/smallvec-1.15.0/src/lib.rs --error-format=json --json=diagnostic-rendered-ansi,artifacts,future-incompat --crate-type lib --emit=dep-info,metadata,link -C embed-bitcode=no -C debuginfo=2 --cfg 'feature="const_generics"' --cfg 'feature="const_new"' --cfg 'feature="serde"' --check-cfg 'cfg(docsrs,test)' --check-cfg 'cfg(feature, values("arbitrary", "bincode", "const_generics", "const_new", "debugger_visualizer", "drain_filter", "drain_keep_rest", "impl_bincode", "malloc_size_of", "may_dangle", "serde", "specialization", "union", "unty", "write"))' -C metadata=6c29e12449c70ec6 -C extra-filename=-4aaa278677b0235a --out-dir /work/target/debug/deps -L dependency=/work/target/debug/deps --extern serde=/work/target/debug/deps/libserde-40c2de2881464769.rmeta --cap-lints allow`
[1m[32m   Compiling[0m tokio-util v0.7.16
[1m[32m     Running[0m `/usr/local/rustup/toolchains/1.86.0-aarch64-unknown-linux-gnu/bin/rustc --crate-name tokio_util --edition=2021 /usr/local/cargo/registry/src/index.crates.io-1949cf8c6b5b557f/tokio-util-0.7.16/src/lib.rs --error-format=json --json=diagnostic-rendered-ansi,artifacts,future-incompat --crate-type lib --emit=dep-info,metadata,link -C embed-bitcode=no -C debuginfo=2 --warn=unexpected_cfgs --check-cfg 'cfg(fuzzing)' --check-cfg 'cfg(loom)' --check-cfg 'cfg(mio_unsupported_force_poll_poll)' --check-cfg 'cfg(tokio_allow_from_blocking_fd)' --check-cfg 'cfg(tokio_internal_mt_counters)' --check-cfg 'cfg(tokio_no_parking_lot)' --check-cfg 'cfg(tokio_no_tuning_tests)' --check-cfg 'cfg(tokio_taskdump)' --check-cfg 'cfg(tokio_unstable)' --check-cfg 'cfg(tokio_uring)' --check-cfg 'cfg(target_os, values("cygwin"))' --cfg 'feature="codec"' --cfg 'feature="default"' --cfg 'feature="io"' --check-cfg 'cfg(docsrs,test)' --check-cfg 'cfg(feature, values("__docs_rs", "codec", "compat", "default", "full", "futures-io", "futures-util", "hashbrown", "io", "io-util", "join-map", "net", "rt", "slab", "time", "tracing"))' -C metadata=30f09a0124ead560 -C extra-filename=-af6ade555c63f2c0 --out-dir /work/target/debug/deps -L dependency=/work/target/debug/deps --extern bytes=/work/target/debug/deps/libbytes-b7f26ff2edee4da7.rmeta --extern futures_core=/work/target/debug/deps/libfutures_core-2a3a0b2e17309ffd.rmeta --extern futures_sink=/work/target/debug/deps/libfutures_sink-06a4bc4e92cdd000.rmeta --extern pin_project_lite=/work/target/debug/deps/libpin_project_lite-489eb5afe2d3bddf.rmeta --extern tokio=/work/target/debug/deps/libtokio-d7b67b7161a91c5d.rmeta --cap-lints allow`
[1m[32m   Compiling[0m either v1.15.0
[1m[32m     Running[0m `/usr/local/rustup/toolchains/1.86.0-aarch64-unknown-linux-gnu/bin/rustc --crate-name either --edition=2021 /usr/local/cargo/registry/src/index.crates.io-1949cf8c6b5b557f/either-1.15.0/src/lib.rs --error-format=json --json=diagnostic-rendered-ansi,artifacts,future-incompat --crate-type lib --emit=dep-info,metadata,link -C embed-bitcode=no -C debuginfo=2 --cfg 'feature="default"' --cfg 'feature="serde"' --cfg 'feature="std"' --cfg 'feature="use_std"' --check-cfg 'cfg(docsrs,test)' --check-cfg 'cfg(feature, values("default", "serde", "std", "use_std"))' -C metadata=191f31ebcd5f880c -C extra-filename=-562436f9042728fb --out-dir /work/target/debug/deps -L dependency=/work/target/debug/deps --extern serde=/work/target/debug/deps/libserde-40c2de2881464769.rmeta --cap-lints allow`
[1m[32m     Running[0m `/usr/local/rustup/toolchains/1.86.0-aarch64-unknown-linux-gnu/bin/rustc --crate-name serde_json --edition=2021 /usr/local/cargo/registry/src/index.crates.io-1949cf8c6b5b557f/serde_json-1.0.140/src/lib.rs --error-format=json --json=diagnostic-rendered-ansi,artifacts,future-incompat --crate-type lib --emit=dep-info,metadata,link -C embed-bitcode=no -C debuginfo=2 --cfg 'feature="alloc"' --cfg 'feature="arbitrary_precision"' --cfg 'feature="default"' --cfg 'feature="raw_value"' --cfg 'feature="std"' --check-cfg 'cfg(docsrs,test)' --check-cfg 'cfg(feature, values("alloc", "arbitrary_precision", "default", "float_roundtrip", "indexmap", "preserve_order", "raw_value", "std", "unbounded_depth"))' -C metadata=5f799fe33e421934 -C extra-filename=-0c1b94d84eed19db --out-dir /work/target/debug/deps -L dependency=/work/target/debug/deps --extern itoa=/work/target/debug/deps/libitoa-da0e5894b0f1e0a5.rmeta --extern memchr=/work/target/debug/deps/libmemchr-43e1c146a71885ce.rmeta --extern ryu=/work/target/debug/deps/libryu-fd20ddf8b64a1db0.rmeta --extern serde=/work/target/debug/deps/libserde-40c2de2881464769.rmeta --cap-lints allow --cfg 'fast_arithmetic="64"' --check-cfg 'cfg(fast_arithmetic, values("32", "64"))'`
[1m[32m   Compiling[0m rustls v0.23.27
[1m[32m     Running[0m `/usr/local/rustup/toolchains/1.86.0-aarch64-unknown-linux-gnu/bin/rustc --crate-name build_script_build --edition=2021 /usr/local/cargo/registry/src/index.crates.io-1949cf8c6b5b557f/rustls-0.23.27/build.rs --error-format=json --json=diagnostic-rendered-ansi,artifacts,future-incompat --crate-type bin --emit=dep-info,link -C embed-bitcode=no --warn=unexpected_cfgs --check-cfg 'cfg(bench)' --check-cfg 'cfg(coverage_nightly)' --check-cfg 'cfg(read_buf)' --cfg 'feature="aws-lc-rs"' --cfg 'feature="aws_lc_rs"' --cfg 'feature="ring"' --cfg 'feature="std"' --cfg 'feature="tls12"' --check-cfg 'cfg(docsrs,test)' --check-cfg 'cfg(feature, values("aws-lc-rs", "aws_lc_rs", "brotli", "custom-provider", "default", "fips", "hashbrown", "log", "logging", "prefer-post-quantum", "read_buf", "ring", "rustversion", "std", "tls12", "zlib"))' -C metadata=44cc0d2204469426 -C extra-filename=-6ee6f1da2bc63c9e --out-dir /work/target/debug/build/rustls-6ee6f1da2bc63c9e -L dependency=/work/target/debug/deps --cap-lints allow`
[1m[32m   Compiling[0m httparse v1.10.1
[1m[32m     Running[0m `/usr/local/rustup/toolchains/1.86.0-aarch64-unknown-linux-gnu/bin/rustc --crate-name build_script_build --edition=2018 /usr/local/cargo/registry/src/index.crates.io-1949cf8c6b5b557f/httparse-1.10.1/build.rs --error-format=json --json=diagnostic-rendered-ansi,artifacts,future-incompat --crate-type bin --emit=dep-info,link -C embed-bitcode=no --warn=unexpected_cfgs --check-cfg 'cfg(httparse_simd)' --check-cfg 'cfg(httparse_simd_target_feature_avx2)' --check-cfg 'cfg(httparse_simd_target_feature_sse42)' --check-cfg 'cfg(httparse_simd_neon_intrinsics)' --cfg 'feature="default"' --cfg 'feature="std"' --check-cfg 'cfg(docsrs,test)' --check-cfg 'cfg(feature, values("default", "std"))' -C metadata=d9a664060c59333f -C extra-filename=-00b8ce0096ec4539 --out-dir /work/target/debug/build/httparse-00b8ce0096ec4539 -L dependency=/work/target/debug/deps --cap-lints allow`
[1m[32m   Compiling[0m form_urlencoded v1.2.2
[1m[32m     Running[0m `/usr/local/rustup/toolchains/1.86.0-aarch64-unknown-linux-gnu/bin/rustc --crate-name form_urlencoded --edition=2018 /usr/local/cargo/registry/src/index.crates.io-1949cf8c6b5b557f/form_urlencoded-1.2.2/src/lib.rs --error-format=json --json=diagnostic-rendered-ansi,artifacts,future-incompat --crate-type lib --emit=dep-info,metadata,link -C embed-bitcode=no -C debuginfo=2 --cfg 'feature="alloc"' --cfg 'feature="default"' --cfg 'feature="std"' --check-cfg 'cfg(docsrs,test)' --check-cfg 'cfg(feature, values("alloc", "default", "std"))' -C metadata=697b571f5d921ac7 -C extra-filename=-15a074f68b3f9381 --out-dir /work/target/debug/deps -L dependency=/work/target/debug/deps --extern percent_encoding=/work/target/debug/deps/libpercent_encoding-68d8dbd3afa04ab5.rmeta --cap-lints allow`
[1m[32m   Compiling[0m displaydoc v0.2.5
[1m[32m     Running[0m `/usr/local/rustup/toolchains/1.86.0-aarch64-unknown-linux-gnu/bin/rustc --crate-name displaydoc --edition=2021 /usr/local/cargo/registry/src/index.crates.io-1949cf8c6b5b557f/displaydoc-0.2.5/src/lib.rs --error-format=json --json=diagnostic-rendered-ansi,artifacts,future-incompat --crate-type proc-macro --emit=dep-info,link -C prefer-dynamic -C embed-bitcode=no --check-cfg 'cfg(docsrs,test)' --check-cfg 'cfg(feature, values("default", "std"))' -C metadata=ccc683ef6e5e1a4d -C extra-filename=-55a7d30d7a863764 --out-dir /work/target/debug/deps -L dependency=/work/target/debug/deps --extern proc_macro2=/work/target/debug/deps/libproc_macro2-49fdc668fa64569f.rlib --extern quote=/work/target/debug/deps/libquote-38f780051616e59b.rlib --extern syn=/work/target/debug/deps/libsyn-9373f942e3578afe.rlib --extern proc_macro --cap-lints allow`
[1m[32m     Running[0m `/work/target/debug/build/chrono-tz-86b192701ed2ee88/build-script-build`
[1m[32m   Compiling[0m atoi v2.0.0
[1m[32m     Running[0m `/usr/local/rustup/toolchains/1.86.0-aarch64-unknown-linux-gnu/bin/rustc --crate-name atoi --edition=2021 /usr/local/cargo/registry/src/index.crates.io-1949cf8c6b5b557f/atoi-2.0.0/src/lib.rs --error-format=json --json=diagnostic-rendered-ansi,artifacts,future-incompat --crate-type lib --emit=dep-info,metadata,link -C embed-bitcode=no -C debuginfo=2 --cfg 'feature="default"' --cfg 'feature="std"' --check-cfg 'cfg(docsrs,test)' --check-cfg 'cfg(feature, values("default", "std"))' -C metadata=d1adfa00c5fbe6ba -C extra-filename=-a318f52d49aab69b --out-dir /work/target/debug/deps -L dependency=/work/target/debug/deps --extern num_traits=/work/target/debug/deps/libnum_traits-0c0462975c553d05.rmeta --cap-lints allow`
[1m[32m   Compiling[0m try-lock v0.2.5
[1m[32m     Running[0m `/usr/local/rustup/toolchains/1.86.0-aarch64-unknown-linux-gnu/bin/rustc --crate-name try_lock --edition=2015 /usr/local/cargo/registry/src/index.crates.io-1949cf8c6b5b557f/try-lock-0.2.5/src/lib.rs --error-format=json --json=diagnostic-rendered-ansi,artifacts,future-incompat --crate-type lib --emit=dep-info,metadata,link -C embed-bitcode=no -C debuginfo=2 --check-cfg 'cfg(docsrs,test)' --check-cfg 'cfg(feature, values())' -C metadata=17738af0d8d2f101 -C extra-filename=-b2c5ed7ada0bee24 --out-dir /work/target/debug/deps -L dependency=/work/target/debug/deps --cap-lints allow`
[1m[32m   Compiling[0m num-bigint v0.4.6
[1m[32m     Running[0m `/usr/local/rustup/toolchains/1.86.0-aarch64-unknown-linux-gnu/bin/rustc --crate-name num_bigint --edition=2021 /usr/local/cargo/registry/src/index.crates.io-1949cf8c6b5b557f/num-bigint-0.4.6/src/lib.rs --error-format=json --json=diagnostic-rendered-ansi,artifacts,future-incompat --crate-type lib --emit=dep-info,metadata,link -C embed-bitcode=no -C debuginfo=2 --cfg 'feature="serde"' --cfg 'feature="std"' --check-cfg 'cfg(docsrs,test)' --check-cfg 'cfg(feature, values("arbitrary", "default", "quickcheck", "rand", "serde", "std"))' -C metadata=f1ea534945f94190 -C extra-filename=-a801c3be0b179c01 --out-dir /work/target/debug/deps -L dependency=/work/target/debug/deps --extern num_integer=/work/target/debug/deps/libnum_integer-1769e8f989d68225.rmeta --extern num_traits=/work/target/debug/deps/libnum_traits-0c0462975c553d05.rmeta --extern serde=/work/target/debug/deps/libserde-40c2de2881464769.rmeta --cap-lints allow`
[1m[32m   Compiling[0m num-iter v0.1.45
[1m[32m     Running[0m `/usr/local/rustup/toolchains/1.86.0-aarch64-unknown-linux-gnu/bin/rustc --crate-name num_iter --edition=2018 /usr/local/cargo/registry/src/index.crates.io-1949cf8c6b5b557f/num-iter-0.1.45/src/lib.rs --error-format=json --json=diagnostic-rendered-ansi,artifacts,future-incompat --crate-type lib --emit=dep-info,metadata,link -C embed-bitcode=no -C debuginfo=2 --cfg 'feature="i128"' --cfg 'feature="std"' --check-cfg 'cfg(docsrs,test)' --check-cfg 'cfg(feature, values("default", "i128", "std"))' -C metadata=851579f0e4038d7e -C extra-filename=-efd81a4d019c6ce7 --out-dir /work/target/debug/deps -L dependency=/work/target/debug/deps --extern num_integer=/work/target/debug/deps/libnum_integer-1769e8f989d68225.rmeta --extern num_traits=/work/target/debug/deps/libnum_traits-0c0462975c553d05.rmeta --cap-lints allow`
[1m[32m     Running[0m `/usr/local/rustup/toolchains/1.86.0-aarch64-unknown-linux-gnu/bin/rustc --crate-name ring --edition=2021 /usr/local/cargo/registry/src/index.crates.io-1949cf8c6b5b557f/ring-0.17.14/src/lib.rs --error-format=json --json=diagnostic-rendered-ansi,artifacts,future-incompat --crate-type lib --emit=dep-info,metadata,link -C embed-bitcode=no -C debuginfo=2 --cfg 'feature="alloc"' --cfg 'feature="default"' --cfg 'feature="dev_urandom_fallback"' --cfg 'feature="std"' --check-cfg 'cfg(docsrs,test)' --check-cfg 'cfg(feature, values("alloc", "default", "dev_urandom_fallback", "less-safe-getrandom-custom-or-rdrand", "less-safe-getrandom-espidf", "slow_tests", "std", "test_logging", "unstable-testing-arm-no-hw", "unstable-testing-arm-no-neon", "wasm32_unknown_unknown_js"))' -C metadata=a21c72e8de7aaa07 -C extra-filename=-d2eb826f5138eb5c --out-dir /work/target/debug/deps -L dependency=/work/target/debug/deps --extern cfg_if=/work/target/debug/deps/libcfg_if-3d86f520ef21fd6a.rmeta --extern getrandom=/work/target/debug/deps/libgetrandom-f46fed3fc4e131a3.rmeta --extern libc=/work/target/debug/deps/liblibc-33634091ba1aaaf5.rmeta --extern untrusted=/work/target/debug/deps/libuntrusted-ccac08fe448c8f54.rmeta --cap-lints allow -L native=/work/target/debug/build/ring-8e0c6db8efc0c12d/out -l static=ring_core_0_17_14_ -l static=ring_core_0_17_14__test`
[1m[32m   Compiling[0m zerofrom v0.1.6
[1m[32m     Running[0m `/usr/local/rustup/toolchains/1.86.0-aarch64-unknown-linux-gnu/bin/rustc --crate-name zerofrom --edition=2021 /usr/local/cargo/registry/src/index.crates.io-1949cf8c6b5b557f/zerofrom-0.1.6/src/lib.rs --error-format=json --json=diagnostic-rendered-ansi,artifacts,future-incompat --crate-type lib --emit=dep-info,metadata,link -C embed-bitcode=no -C debuginfo=2 --cfg 'feature="alloc"' --cfg 'feature="derive"' --check-cfg 'cfg(docsrs,test)' --check-cfg 'cfg(feature, values("alloc", "default", "derive"))' -C metadata=c9888ea2def09825 -C extra-filename=-aa666b5420c8028d --out-dir /work/target/debug/deps -L dependency=/work/target/debug/deps --extern zerofrom_derive=/work/target/debug/deps/libzerofrom_derive-4e0f14c8cfe13368.so --cap-lints allow`
[1m[32m   Compiling[0m tower-service v0.3.3
[1m[32m     Running[0m `/usr/local/rustup/toolchains/1.86.0-aarch64-unknown-linux-gnu/bin/rustc --crate-name tower_service --edition=2018 /usr/local/cargo/registry/src/index.crates.io-1949cf8c6b5b557f/tower-service-0.3.3/src/lib.rs --error-format=json --json=diagnostic-rendered-ansi,artifacts,future-incompat --crate-type lib --emit=dep-info,metadata,link -C embed-bitcode=no -C debuginfo=2 --check-cfg 'cfg(docsrs,test)' --check-cfg 'cfg(feature, values())' -C metadata=24c83c5af105da98 -C extra-filename=-3167d1a01e43302f --out-dir /work/target/debug/deps -L dependency=/work/target/debug/deps --cap-lints allow`
[1m[32m     Running[0m `/work/target/debug/build/httparse-00b8ce0096ec4539/build-script-build`
[1m[32m   Compiling[0m lexical-parse-integer v1.0.5
[1m[32m     Running[0m `/usr/local/rustup/toolchains/1.86.0-aarch64-unknown-linux-gnu/bin/rustc --crate-name lexical_parse_integer --edition=2021 /usr/local/cargo/registry/src/index.crates.io-1949cf8c6b5b557f/lexical-parse-integer-1.0.5/src/lib.rs --error-format=json --json=diagnostic-rendered-ansi,artifacts,future-incompat --crate-type lib --emit=dep-info,metadata,link -C embed-bitcode=no -C debuginfo=2 --check-cfg 'cfg(docsrs,test)' --check-cfg 'cfg(feature, values("compact", "default", "format", "lint", "power-of-two", "radix", "std"))' -C metadata=215c57a0cb6b76b0 -C extra-filename=-a244548e8e44c3d9 --out-dir /work/target/debug/deps -L dependency=/work/target/debug/deps --extern lexical_util=/work/target/debug/deps/liblexical_util-d9b40effd5c58a28.rmeta --extern static_assertions=/work/target/debug/deps/libstatic_assertions-bbd866f8d82ca97d.rmeta --cap-lints allow`
[1m[32m     Running[0m `/usr/local/rustup/toolchains/1.86.0-aarch64-unknown-linux-gnu/bin/rustc --crate-name httparse --edition=2018 /usr/local/cargo/registry/src/index.crates.io-1949cf8c6b5b557f/httparse-1.10.1/src/lib.rs --error-format=json --json=diagnostic-rendered-ansi,artifacts,future-incompat --crate-type lib --emit=dep-info,metadata,link -C embed-bitcode=no -C debuginfo=2 --warn=unexpected_cfgs --check-cfg 'cfg(httparse_simd)' --check-cfg 'cfg(httparse_simd_target_feature_avx2)' --check-cfg 'cfg(httparse_simd_target_feature_sse42)' --check-cfg 'cfg(httparse_simd_neon_intrinsics)' --cfg 'feature="default"' --cfg 'feature="std"' --check-cfg 'cfg(docsrs,test)' --check-cfg 'cfg(feature, values("default", "std"))' -C metadata=ab512ce510f647fb -C extra-filename=-8f79899ba9c7761d --out-dir /work/target/debug/deps -L dependency=/work/target/debug/deps --cap-lints allow --cfg httparse_simd_neon_intrinsics --cfg httparse_simd`
[1m[32m   Compiling[0m want v0.3.1
[1m[32m     Running[0m `/usr/local/rustup/toolchains/1.86.0-aarch64-unknown-linux-gnu/bin/rustc --crate-name want --edition=2018 /usr/local/cargo/registry/src/index.crates.io-1949cf8c6b5b557f/want-0.3.1/src/lib.rs --error-format=json --json=diagnostic-rendered-ansi,artifacts,future-incompat --crate-type lib --emit=dep-info,metadata,link -C embed-bitcode=no -C debuginfo=2 --check-cfg 'cfg(docsrs,test)' --check-cfg 'cfg(feature, values())' -C metadata=714038e2d2082f17 -C extra-filename=-dd1029b07834139a --out-dir /work/target/debug/deps -L dependency=/work/target/debug/deps --extern try_lock=/work/target/debug/deps/libtry_lock-b2c5ed7ada0bee24.rmeta --cap-lints allow`
[1m[32m   Compiling[0m lexical-write-integer v1.0.5
[1m[32m     Running[0m `/usr/local/rustup/toolchains/1.86.0-aarch64-unknown-linux-gnu/bin/rustc --crate-name lexical_write_integer --edition=2021 /usr/local/cargo/registry/src/index.crates.io-1949cf8c6b5b557f/lexical-write-integer-1.0.5/src/lib.rs --error-format=json --json=diagnostic-rendered-ansi,artifacts,future-incompat --crate-type lib --emit=dep-info,metadata,link -C embed-bitcode=no -C debuginfo=2 --check-cfg 'cfg(docsrs,test)' --check-cfg 'cfg(feature, values("compact", "default", "format", "lint", "power-of-two", "radix", "std"))' -C metadata=84f5fd3167809a62 -C extra-filename=-004da0c116ce0a7f --out-dir /work/target/debug/deps -L dependency=/work/target/debug/deps --extern lexical_util=/work/target/debug/deps/liblexical_util-d9b40effd5c58a28.rmeta --extern static_assertions=/work/target/debug/deps/libstatic_assertions-bbd866f8d82ca97d.rmeta --cap-lints allow`
[1m[32m   Compiling[0m yoke v0.7.5
[1m[32m     Running[0m `/usr/local/rustup/toolchains/1.86.0-aarch64-unknown-linux-gnu/bin/rustc --crate-name yoke --edition=2021 /usr/local/cargo/registry/src/index.crates.io-1949cf8c6b5b557f/yoke-0.7.5/src/lib.rs --error-format=json --json=diagnostic-rendered-ansi,artifacts,future-incompat --crate-type lib --emit=dep-info,metadata,link -C embed-bitcode=no -C debuginfo=2 --cfg 'feature="alloc"' --cfg 'feature="default"' --cfg 'feature="derive"' --cfg 'feature="zerofrom"' --check-cfg 'cfg(docsrs,test)' --check-cfg 'cfg(feature, values("alloc", "default", "derive", "serde", "zerofrom"))' -C metadata=6581d7e4c7721240 -C extra-filename=-1d2c6381b4570283 --out-dir /work/target/debug/deps -L dependency=/work/target/debug/deps --extern stable_deref_trait=/work/target/debug/deps/libstable_deref_trait-6ea37ae420112eee.rmeta --extern yoke_derive=/work/target/debug/deps/libyoke_derive-5b7d6772ef9ae7aa.so --extern zerofrom=/work/target/debug/deps/libzerofrom-aa666b5420c8028d.rmeta --cap-lints allow`
[1m[32m   Compiling[0m socket2 v0.5.9
[1m[32m     Running[0m `/usr/local/rustup/toolchains/1.86.0-aarch64-unknown-linux-gnu/bin/rustc --crate-name socket2 --edition=2021 /usr/local/cargo/registry/src/index.crates.io-1949cf8c6b5b557f/socket2-0.5.9/src/lib.rs --error-format=json --json=diagnostic-rendered-ansi,artifacts,future-incompat --crate-type lib --emit=dep-info,metadata,link -C embed-bitcode=no -C debuginfo=2 --cfg 'feature="all"' --check-cfg 'cfg(docsrs,test)' --check-cfg 'cfg(feature, values("all"))' -C metadata=0ebcd41d666c540b -C extra-filename=-7068fc6bc6756dd0 --out-dir /work/target/debug/deps -L dependency=/work/target/debug/deps --extern libc=/work/target/debug/deps/liblibc-33634091ba1aaaf5.rmeta --cap-lints allow`
[1m[32m   Compiling[0m litemap v0.7.5
[1m[32m     Running[0m `/usr/local/rustup/toolchains/1.86.0-aarch64-unknown-linux-gnu/bin/rustc --crate-name litemap --edition=2021 /usr/local/cargo/registry/src/index.crates.io-1949cf8c6b5b557f/litemap-0.7.5/src/lib.rs --error-format=json --json=diagnostic-rendered-ansi,artifacts,future-incompat --crate-type lib --emit=dep-info,metadata,link -C embed-bitcode=no -C debuginfo=2 --cfg 'feature="alloc"' --check-cfg 'cfg(docsrs,test)' --check-cfg 'cfg(feature, values("alloc", "databake", "default", "serde", "testing", "yoke"))' -C metadata=1c93209e5630572f -C extra-filename=-64fec81763898b17 --out-dir /work/target/debug/deps -L dependency=/work/target/debug/deps --cap-lints allow`
[1m[32m   Compiling[0m writeable v0.5.5
[1m[32m     Running[0m `/usr/local/rustup/toolchains/1.86.0-aarch64-unknown-linux-gnu/bin/rustc --crate-name writeable --edition=2021 /usr/local/cargo/registry/src/index.crates.io-1949cf8c6b5b557f/writeable-0.5.5/src/lib.rs --error-format=json --json=diagnostic-rendered-ansi,artifacts,future-incompat --crate-type lib --emit=dep-info,metadata,link -C embed-bitcode=no -C debuginfo=2 --check-cfg 'cfg(docsrs,test)' --check-cfg 'cfg(feature, values("bench", "either"))' -C metadata=3a783e14a0e9c4d0 -C extra-filename=-185a3831d9113684 --out-dir /work/target/debug/deps -L dependency=/work/target/debug/deps --cap-lints allow`
[1m[32m   Compiling[0m getrandom v0.3.2
[1m[32m     Running[0m `/usr/local/rustup/toolchains/1.86.0-aarch64-unknown-linux-gnu/bin/rustc --crate-name build_script_build --edition=2021 /usr/local/cargo/registry/src/index.crates.io-1949cf8c6b5b557f/getrandom-0.3.2/build.rs --error-format=json --json=diagnostic-rendered-ansi,artifacts,future-incompat --crate-type bin --emit=dep-info,link -C embed-bitcode=no --warn=unexpected_cfgs --check-cfg 'cfg(getrandom_backend, values("custom", "efi_rng", "rdrand", "rndr", "linux_getrandom", "linux_raw", "wasm_js"))' --check-cfg 'cfg(getrandom_msan)' --check-cfg 'cfg(getrandom_windows_legacy)' --check-cfg 'cfg(getrandom_test_linux_fallback)' --check-cfg 'cfg(getrandom_test_linux_without_fallback)' --check-cfg 'cfg(getrandom_test_netbsd_fallback)' --check-cfg 'cfg(target_os, values("cygwin"))' --cfg 'feature="std"' --check-cfg 'cfg(docsrs,test)' --check-cfg 'cfg(feature, values("rustc-dep-of-std", "std", "wasm_js"))' -C metadata=97fc0319e234f16a -C extra-filename=-a09a4b9dce4d7a11 --out-dir /work/target/debug/build/getrandom-a09a4b9dce4d7a11 -L dependency=/work/target/debug/deps --cap-lints allow`
[1m[32m   Compiling[0m icu_locid_transform_data v1.5.1
[1m[32m     Running[0m `/usr/local/rustup/toolchains/1.86.0-aarch64-unknown-linux-gnu/bin/rustc --crate-name build_script_build --edition=2021 /usr/local/cargo/registry/src/index.crates.io-1949cf8c6b5b557f/icu_locid_transform_data-1.5.1/build.rs --error-format=json --json=diagnostic-rendered-ansi,artifacts,future-incompat --crate-type bin --emit=dep-info,link -C embed-bitcode=no --check-cfg 'cfg(docsrs,test)' --check-cfg 'cfg(feature, values())' -C metadata=a241b5737731fab4 -C extra-filename=-4dcd3fb86deb17af --out-dir /work/target/debug/build/icu_locid_transform_data-4dcd3fb86deb17af -L dependency=/work/target/debug/deps --cap-lints allow`
[1m[32m   Compiling[0m lexical-parse-float v1.0.5
[1m[32m     Running[0m `/usr/local/rustup/toolchains/1.86.0-aarch64-unknown-linux-gnu/bin/rustc --crate-name lexical_parse_float --edition=2021 /usr/local/cargo/registry/src/index.crates.io-1949cf8c6b5b557f/lexical-parse-float-1.0.5/src/lib.rs --error-format=json --json=diagnostic-rendered-ansi,artifacts,future-incompat --crate-type lib --emit=dep-info,metadata,link -C embed-bitcode=no -C debuginfo=2 --check-cfg 'cfg(docsrs,test)' --check-cfg 'cfg(feature, values("compact", "default", "f128", "f16", "format", "lint", "power-of-two", "radix", "std"))' -C metadata=8dd5454905165bc3 -C extra-filename=-9c5e3f12c1f48dcb --out-dir /work/target/debug/deps -L dependency=/work/target/debug/deps --extern lexical_parse_integer=/work/target/debug/deps/liblexical_parse_integer-a244548e8e44c3d9.rmeta --extern lexical_util=/work/target/debug/deps/liblexical_util-d9b40effd5c58a28.rmeta --extern static_assertions=/work/target/debug/deps/libstatic_assertions-bbd866f8d82ca97d.rmeta --cap-lints allow`
[1m[32m   Compiling[0m lexical-write-float v1.0.5
[1m[32m     Running[0m `/usr/local/rustup/toolchains/1.86.0-aarch64-unknown-linux-gnu/bin/rustc --crate-name lexical_write_float --edition=2021 /usr/local/cargo/registry/src/index.crates.io-1949cf8c6b5b557f/lexical-write-float-1.0.5/src/lib.rs --error-format=json --json=diagnostic-rendered-ansi,artifacts,future-incompat --crate-type lib --emit=dep-info,metadata,link -C embed-bitcode=no -C debuginfo=2 --check-cfg 'cfg(docsrs,test)' --check-cfg 'cfg(feature, values("compact", "default", "f128", "f16", "format", "lint", "power-of-two", "radix", "std"))' -C metadata=0dc1c88e00f4baad -C extra-filename=-5ecd9d8445606c4b --out-dir /work/target/debug/deps -L dependency=/work/target/debug/deps --extern lexical_util=/work/target/debug/deps/liblexical_util-d9b40effd5c58a28.rmeta --extern lexical_write_integer=/work/target/debug/deps/liblexical_write_integer-004da0c116ce0a7f.rmeta --extern static_assertions=/work/target/debug/deps/libstatic_assertions-bbd866f8d82ca97d.rmeta --cap-lints allow`
[1m[32m   Compiling[0m icu_provider_macros v1.5.0
[1m[32m     Running[0m `/usr/local/rustup/toolchains/1.86.0-aarch64-unknown-linux-gnu/bin/rustc --crate-name icu_provider_macros --edition=2021 /usr/local/cargo/registry/src/index.crates.io-1949cf8c6b5b557f/icu_provider_macros-1.5.0/src/lib.rs --error-format=json --json=diagnostic-rendered-ansi,artifacts,future-incompat --crate-type proc-macro --emit=dep-info,link -C prefer-dynamic -C embed-bitcode=no --check-cfg 'cfg(docsrs,test)' --check-cfg 'cfg(feature, values())' -C metadata=5918cd5ab473b93b -C extra-filename=-508460068e05895c --out-dir /work/target/debug/deps -L dependency=/work/target/debug/deps --extern proc_macro2=/work/target/debug/deps/libproc_macro2-49fdc668fa64569f.rlib --extern quote=/work/target/debug/deps/libquote-38f780051616e59b.rlib --extern syn=/work/target/debug/deps/libsyn-9373f942e3578afe.rlib --extern proc_macro --cap-lints allow`
[1m[32m   Compiling[0m zerovec v0.10.4
[1m[32m     Running[0m `/usr/local/rustup/toolchains/1.86.0-aarch64-unknown-linux-gnu/bin/rustc --crate-name zerovec --edition=2021 /usr/local/cargo/registry/src/index.crates.io-1949cf8c6b5b557f/zerovec-0.10.4/src/lib.rs --error-format=json --json=diagnostic-rendered-ansi,artifacts,future-incompat --crate-type lib --emit=dep-info,metadata,link -C embed-bitcode=no -C debuginfo=2 --cfg 'feature="derive"' --cfg 'feature="yoke"' --check-cfg 'cfg(docsrs,test)' --check-cfg 'cfg(feature, values("bench", "databake", "derive", "hashmap", "serde", "std", "yoke"))' -C metadata=828dba4da955fb67 -C extra-filename=-702df5e195d473c7 --out-dir /work/target/debug/deps -L dependency=/work/target/debug/deps --extern yoke=/work/target/debug/deps/libyoke-1d2c6381b4570283.rmeta --extern zerofrom=/work/target/debug/deps/libzerofrom-aa666b5420c8028d.rmeta --extern zerovec_derive=/work/target/debug/deps/libzerovec_derive-ed5f772d00326850.so --cap-lints allow`
[1m[32m   Compiling[0m lock_api v0.4.12
[1m[32m     Running[0m `/usr/local/rustup/toolchains/1.86.0-aarch64-unknown-linux-gnu/bin/rustc --crate-name build_script_build --edition=2021 /usr/local/cargo/registry/src/index.crates.io-1949cf8c6b5b557f/lock_api-0.4.12/build.rs --error-format=json --json=diagnostic-rendered-ansi,artifacts,future-incompat --crate-type bin --emit=dep-info,link -C embed-bitcode=no --cfg 'feature="atomic_usize"' --cfg 'feature="default"' --check-cfg 'cfg(docsrs,test)' --check-cfg 'cfg(feature, values("arc_lock", "atomic_usize", "default", "nightly", "owning_ref", "serde"))' -C metadata=77c630f75c7b501c -C extra-filename=-6cdc62fce77ad202 --out-dir /work/target/debug/build/lock_api-6cdc62fce77ad202 -L dependency=/work/target/debug/deps --extern autocfg=/work/target/debug/deps/libautocfg-1c69080fe292cc5c.rlib --cap-lints allow`
[1m[32m   Compiling[0m unicode-width v0.2.0
[1m[32m     Running[0m `/usr/local/rustup/toolchains/1.86.0-aarch64-unknown-linux-gnu/bin/rustc --crate-name unicode_width --edition=2021 /usr/local/cargo/registry/src/index.crates.io-1949cf8c6b5b557f/unicode-width-0.2.0/src/lib.rs --error-format=json --json=diagnostic-rendered-ansi,artifacts,future-incompat --crate-type lib --emit=dep-info,metadata,link -C embed-bitcode=no -C debuginfo=2 --cfg 'feature="cjk"' --cfg 'feature="default"' --check-cfg 'cfg(docsrs,test)' --check-cfg 'cfg(feature, values("cjk", "compiler_builtins", "core", "default", "no_std", "rustc-dep-of-std", "std"))' -C metadata=b9f653368904b8ff -C extra-filename=-f4f39ef0af0e2973 --out-dir /work/target/debug/deps -L dependency=/work/target/debug/deps --cap-lints allow`
[1m[32m   Compiling[0m icu_properties_data v1.5.1
[1m[32m     Running[0m `/usr/local/rustup/toolchains/1.86.0-aarch64-unknown-linux-gnu/bin/rustc --crate-name build_script_build --edition=2021 /usr/local/cargo/registry/src/index.crates.io-1949cf8c6b5b557f/icu_properties_data-1.5.1/build.rs --error-format=json --json=diagnostic-rendered-ansi,artifacts,future-incompat --crate-type bin --emit=dep-info,link -C embed-bitcode=no --check-cfg 'cfg(docsrs,test)' --check-cfg 'cfg(feature, values())' -C metadata=309c00b2f6dff080 -C extra-filename=-fd90c04062c2bdc4 --out-dir /work/target/debug/build/icu_properties_data-fd90c04062c2bdc4 -L dependency=/work/target/debug/deps --cap-lints allow`
[1m[32m   Compiling[0m unicode-segmentation v1.12.0
[1m[32m     Running[0m `/usr/local/rustup/toolchains/1.86.0-aarch64-unknown-linux-gnu/bin/rustc --crate-name unicode_segmentation --edition=2018 /usr/local/cargo/registry/src/index.crates.io-1949cf8c6b5b557f/unicode-segmentation-1.12.0/src/lib.rs --error-format=json --json=diagnostic-rendered-ansi,artifacts,future-incompat --crate-type lib --emit=dep-info,metadata,link -C embed-bitcode=no -C debuginfo=2 --check-cfg 'cfg(docsrs,test)' --check-cfg 'cfg(feature, values("no_std"))' -C metadata=09654d9f52bdefd2 -C extra-filename=-327c34f04d57bab3 --out-dir /work/target/debug/deps -L dependency=/work/target/debug/deps --cap-lints allow`
[1m[32m   Compiling[0m zerocopy v0.8.25
[1m[32m     Running[0m `/usr/local/rustup/toolchains/1.86.0-aarch64-unknown-linux-gnu/bin/rustc --crate-name build_script_build --edition=2021 /usr/local/cargo/registry/src/index.crates.io-1949cf8c6b5b557f/zerocopy-0.8.25/build.rs --error-format=json --json=diagnostic-rendered-ansi,artifacts,future-incompat --crate-type bin --emit=dep-info,link -C embed-bitcode=no --cfg 'feature="simd"' --check-cfg 'cfg(docsrs,test)' --check-cfg 'cfg(feature, values("__internal_use_only_features_that_work_on_stable", "alloc", "derive", "float-nightly", "simd", "simd-nightly", "std", "zerocopy-derive"))' -C metadata=bd263e10a66b97b7 -C extra-filename=-2daf64cfa776e5c0 --out-dir /work/target/debug/build/zerocopy-2daf64cfa776e5c0 -L dependency=/work/target/debug/deps --cap-lints allow`
[1m[32m   Compiling[0m lexical-core v1.0.5
[1m[32m     Running[0m `/usr/local/rustup/toolchains/1.86.0-aarch64-unknown-linux-gnu/bin/rustc --crate-name lexical_core --edition=2021 /usr/local/cargo/registry/src/index.crates.io-1949cf8c6b5b557f/lexical-core-1.0.5/src/lib.rs --error-format=json --json=diagnostic-rendered-ansi,artifacts,future-incompat --crate-type lib --emit=dep-info,metadata,link -C embed-bitcode=no -C debuginfo=2 --cfg 'feature="floats"' --cfg 'feature="integers"' --cfg 'feature="lexical-parse-float"' --cfg 'feature="lexical-parse-integer"' --cfg 'feature="lexical-write-float"' --cfg 'feature="lexical-write-integer"' --cfg 'feature="parse"' --cfg 'feature="parse-floats"' --cfg 'feature="parse-integers"' --cfg 'feature="write"' --cfg 'feature="write-floats"' --cfg 'feature="write-integers"' --check-cfg 'cfg(docsrs,test)' --check-cfg 'cfg(feature, values("compact", "default", "f128", "f16", "floats", "format", "integers", "lexical-parse-float", "lexical-parse-integer", "lexical-write-float", "lexical-write-integer", "lint", "parse", "parse-floats", "parse-integers", "power-of-two", "radix", "std", "write", "write-floats", "write-integers"))' -C metadata=58215c5f2cb32040 -C extra-filename=-3e3d4cff9cdc290c --out-dir /work/target/debug/deps -L dependency=/work/target/debug/deps --extern lexical_parse_float=/work/target/debug/deps/liblexical_parse_float-9c5e3f12c1f48dcb.rmeta --extern lexical_parse_integer=/work/target/debug/deps/liblexical_parse_integer-a244548e8e44c3d9.rmeta --extern lexical_util=/work/target/debug/deps/liblexical_util-d9b40effd5c58a28.rmeta --extern lexical_write_float=/work/target/debug/deps/liblexical_write_float-5ecd9d8445606c4b.rmeta --extern lexical_write_integer=/work/target/debug/deps/liblexical_write_integer-004da0c116ce0a7f.rmeta --cap-lints allow`
[1m[32m     Running[0m `/work/target/debug/build/getrandom-a09a4b9dce4d7a11/build-script-build`
[1m[32m     Running[0m `/usr/local/rustup/toolchains/1.86.0-aarch64-unknown-linux-gnu/bin/rustc --crate-name getrandom --edition=2021 /usr/local/cargo/registry/src/index.crates.io-1949cf8c6b5b557f/getrandom-0.3.2/src/lib.rs --error-format=json --json=diagnostic-rendered-ansi,artifacts,future-incompat --crate-type lib --emit=dep-info,metadata,link -C embed-bitcode=no -C debuginfo=2 --warn=unexpected_cfgs --check-cfg 'cfg(getrandom_backend, values("custom", "efi_rng", "rdrand", "rndr", "linux_getrandom", "linux_raw", "wasm_js"))' --check-cfg 'cfg(getrandom_msan)' --check-cfg 'cfg(getrandom_windows_legacy)' --check-cfg 'cfg(getrandom_test_linux_fallback)' --check-cfg 'cfg(getrandom_test_linux_without_fallback)' --check-cfg 'cfg(getrandom_test_netbsd_fallback)' --check-cfg 'cfg(target_os, values("cygwin"))' --cfg 'feature="std"' --check-cfg 'cfg(docsrs,test)' --check-cfg 'cfg(feature, values("rustc-dep-of-std", "std", "wasm_js"))' -C metadata=45fbcb61c04e4d12 -C extra-filename=-51884759767b25c9 --out-dir /work/target/debug/deps -L dependency=/work/target/debug/deps --extern cfg_if=/work/target/debug/deps/libcfg_if-3d86f520ef21fd6a.rmeta --extern libc=/work/target/debug/deps/liblibc-33634091ba1aaaf5.rmeta --cap-lints allow`
[1m[32m     Running[0m `/work/target/debug/build/icu_locid_transform_data-4dcd3fb86deb17af/build-script-build`
[1m[32m     Running[0m `/usr/local/rustup/toolchains/1.86.0-aarch64-unknown-linux-gnu/bin/rustc --crate-name icu_locid_transform_data --edition=2021 /usr/local/cargo/registry/src/index.crates.io-1949cf8c6b5b557f/icu_locid_transform_data-1.5.1/src/lib.rs --error-format=json --json=diagnostic-rendered-ansi,artifacts,future-incompat --crate-type lib --emit=dep-info,metadata,link -C embed-bitcode=no -C debuginfo=2 --check-cfg 'cfg(docsrs,test)' --check-cfg 'cfg(feature, values())' -C metadata=206925756f8e6d51 -C extra-filename=-a3aabc0c2a2e8ea4 --out-dir /work/target/debug/deps -L dependency=/work/target/debug/deps --cap-lints allow`
[1m[32m   Compiling[0m icu_normalizer_data v1.5.1
[1m[32m     Running[0m `/usr/local/rustup/toolchains/1.86.0-aarch64-unknown-linux-gnu/bin/rustc --crate-name build_script_build --edition=2021 /usr/local/cargo/registry/src/index.crates.io-1949cf8c6b5b557f/icu_normalizer_data-1.5.1/build.rs --error-format=json --json=diagnostic-rendered-ansi,artifacts,future-incompat --crate-type bin --emit=dep-info,link -C embed-bitcode=no --check-cfg 'cfg(docsrs,test)' --check-cfg 'cfg(feature, values())' -C metadata=a80a79dff564b318 -C extra-filename=-03af4bcd3a5802a5 --out-dir /work/target/debug/build/icu_normalizer_data-03af4bcd3a5802a5 -L dependency=/work/target/debug/deps --cap-lints allow`
[1m[32m   Compiling[0m tinystr v0.7.6
[1m[32m     Running[0m `/usr/local/rustup/toolchains/1.86.0-aarch64-unknown-linux-gnu/bin/rustc --crate-name tinystr --edition=2021 /usr/local/cargo/registry/src/index.crates.io-1949cf8c6b5b557f/tinystr-0.7.6/src/lib.rs --error-format=json --json=diagnostic-rendered-ansi,artifacts,future-incompat --crate-type lib --emit=dep-info,metadata,link -C embed-bitcode=no -C debuginfo=2 --cfg 'feature="alloc"' --cfg 'feature="zerovec"' --check-cfg 'cfg(docsrs,test)' --check-cfg 'cfg(feature, values("alloc", "bench", "databake", "default", "serde", "std", "zerovec"))' -C metadata=879106753e6fc6f9 -C extra-filename=-f4e9f9f0573e8927 --out-dir /work/target/debug/deps -L dependency=/work/target/debug/deps --extern displaydoc=/work/target/debug/deps/libdisplaydoc-55a7d30d7a863764.so --extern zerovec=/work/target/debug/deps/libzerovec-702df5e195d473c7.rmeta --cap-lints allow`
[1m[32m   Compiling[0m comfy-table v7.1.4
[1m[32m     Running[0m `/usr/local/rustup/toolchains/1.86.0-aarch64-unknown-linux-gnu/bin/rustc --crate-name comfy_table --edition=2021 /usr/local/cargo/registry/src/index.crates.io-1949cf8c6b5b557f/comfy-table-7.1.4/src/lib.rs --error-format=json --json=diagnostic-rendered-ansi,artifacts,future-incompat --crate-type lib --emit=dep-info,metadata,link -C embed-bitcode=no -C debuginfo=2 --check-cfg 'cfg(docsrs,test)' --check-cfg 'cfg(feature, values("custom_styling", "debug", "default", "integration_test", "reexport_crossterm", "tty"))' -C metadata=8961c3c58d8f045b -C extra-filename=-0496356df8c190c7 --out-dir /work/target/debug/deps -L dependency=/work/target/debug/deps --extern unicode_segmentation=/work/target/debug/deps/libunicode_segmentation-327c34f04d57bab3.rmeta --extern unicode_width=/work/target/debug/deps/libunicode_width-f4f39ef0af0e2973.rmeta --cap-lints allow`
[1m[32m     Running[0m `/work/target/debug/build/icu_properties_data-fd90c04062c2bdc4/build-script-build`
[1m[32m   Compiling[0m scopeguard v1.2.0
[1m[32m     Running[0m `/usr/local/rustup/toolchains/1.86.0-aarch64-unknown-linux-gnu/bin/rustc --crate-name scopeguard --edition=2015 /usr/local/cargo/registry/src/index.crates.io-1949cf8c6b5b557f/scopeguard-1.2.0/src/lib.rs --error-format=json --json=diagnostic-rendered-ansi,artifacts,future-incompat --crate-type lib --emit=dep-info,metadata,link -C embed-bitcode=no -C debuginfo=2 --check-cfg 'cfg(docsrs,test)' --check-cfg 'cfg(feature, values("default", "use_std"))' -C metadata=ad336201e099a96e -C extra-filename=-ac5a068e49a161a1 --out-dir /work/target/debug/deps -L dependency=/work/target/debug/deps --cap-lints allow`
[1m[32m   Compiling[0m atomic-waker v1.1.2
[1m[32m     Running[0m `/usr/local/rustup/toolchains/1.86.0-aarch64-unknown-linux-gnu/bin/rustc --crate-name atomic_waker --edition=2018 /usr/local/cargo/registry/src/index.crates.io-1949cf8c6b5b557f/atomic-waker-1.1.2/src/lib.rs --error-format=json --json=diagnostic-rendered-ansi,artifacts,future-incompat --crate-type lib --emit=dep-info,metadata,link -C embed-bitcode=no -C debuginfo=2 --check-cfg 'cfg(docsrs,test)' --check-cfg 'cfg(feature, values("portable-atomic"))' -C metadata=e9d8bf33a22109cb -C extra-filename=-7f616f7fe84bddf7 --out-dir /work/target/debug/deps -L dependency=/work/target/debug/deps --cap-lints allow`
[1m[32m     Running[0m `/work/target/debug/build/lock_api-6cdc62fce77ad202/build-script-build`
[1m[32m   Compiling[0m openssl-probe v0.1.6
[1m[32m     Running[0m `/usr/local/rustup/toolchains/1.86.0-aarch64-unknown-linux-gnu/bin/rustc --crate-name openssl_probe --edition=2021 /usr/local/cargo/registry/src/index.crates.io-1949cf8c6b5b557f/openssl-probe-0.1.6/src/lib.rs --error-format=json --json=diagnostic-rendered-ansi,artifacts,future-incompat --crate-type lib --emit=dep-info,metadata,link -C embed-bitcode=no -C debuginfo=2 --check-cfg 'cfg(docsrs,test)' --check-cfg 'cfg(feature, values())' -C metadata=e40f02b041f92707 -C extra-filename=-f21dc1f0eeafbcd9 --out-dir /work/target/debug/deps -L dependency=/work/target/debug/deps --cap-lints allow`
[1m[32m     Running[0m `/usr/local/rustup/toolchains/1.86.0-aarch64-unknown-linux-gnu/bin/rustc --crate-name icu_properties_data --edition=2021 /usr/local/cargo/registry/src/index.crates.io-1949cf8c6b5b557f/icu_properties_data-1.5.1/src/lib.rs --error-format=json --json=diagnostic-rendered-ansi,artifacts,future-incompat --crate-type lib --emit=dep-info,metadata,link -C embed-bitcode=no -C debuginfo=2 --check-cfg 'cfg(docsrs,test)' --check-cfg 'cfg(feature, values())' -C metadata=e44840dadac1e006 -C extra-filename=-e4a73c51738cded1 --out-dir /work/target/debug/deps -L dependency=/work/target/debug/deps --cap-lints allow`
[1m[32m   Compiling[0m icu_collections v1.5.0
[1m[32m     Running[0m `/usr/local/rustup/toolchains/1.86.0-aarch64-unknown-linux-gnu/bin/rustc --crate-name icu_collections --edition=2021 /usr/local/cargo/registry/src/index.crates.io-1949cf8c6b5b557f/icu_collections-1.5.0/src/lib.rs --error-format=json --json=diagnostic-rendered-ansi,artifacts,future-incompat --crate-type lib --emit=dep-info,metadata,link -C embed-bitcode=no -C debuginfo=2 --check-cfg 'cfg(docsrs,test)' --check-cfg 'cfg(feature, values("bench", "databake", "serde", "std"))' -C metadata=92437b629232a9bf -C extra-filename=-f2f9f6eb67df46b6 --out-dir /work/target/debug/deps -L dependency=/work/target/debug/deps --extern displaydoc=/work/target/debug/deps/libdisplaydoc-55a7d30d7a863764.so --extern yoke=/work/target/debug/deps/libyoke-1d2c6381b4570283.rmeta --extern zerofrom=/work/target/debug/deps/libzerofrom-aa666b5420c8028d.rmeta --extern zerovec=/work/target/debug/deps/libzerovec-702df5e195d473c7.rmeta --cap-lints allow`
[1m[32m     Running[0m `/work/target/debug/build/zerocopy-2daf64cfa776e5c0/build-script-build`
[1m[32m   Compiling[0m num-rational v0.4.2
[1m[32m     Running[0m `/usr/local/rustup/toolchains/1.86.0-aarch64-unknown-linux-gnu/bin/rustc --crate-name num_rational --edition=2021 /usr/local/cargo/registry/src/index.crates.io-1949cf8c6b5b557f/num-rational-0.4.2/src/lib.rs --error-format=json --json=diagnostic-rendered-ansi,artifacts,future-incompat --crate-type lib --emit=dep-info,metadata,link -C embed-bitcode=no -C debuginfo=2 --cfg 'feature="num-bigint"' --cfg 'feature="num-bigint-std"' --cfg 'feature="std"' --check-cfg 'cfg(docsrs,test)' --check-cfg 'cfg(feature, values("default", "num-bigint", "num-bigint-std", "serde", "std"))' -C metadata=d6e537b0bc30c1d8 -C extra-filename=-a7c6c39dbc3b986e --out-dir /work/target/debug/deps -L dependency=/work/target/debug/deps --extern num_bigint=/work/target/debug/deps/libnum_bigint-a801c3be0b179c01.rmeta --extern num_integer=/work/target/debug/deps/libnum_integer-1769e8f989d68225.rmeta --extern num_traits=/work/target/debug/deps/libnum_traits-0c0462975c553d05.rmeta --cap-lints allow`
[1m[32m   Compiling[0m icu_locid v1.5.0
[1m[32m     Running[0m `/usr/local/rustup/toolchains/1.86.0-aarch64-unknown-linux-gnu/bin/rustc --crate-name icu_locid --edition=2021 /usr/local/cargo/registry/src/index.crates.io-1949cf8c6b5b557f/icu_locid-1.5.0/src/lib.rs --error-format=json --json=diagnostic-rendered-ansi,artifacts,future-incompat --crate-type lib --emit=dep-info,metadata,link -C embed-bitcode=no -C debuginfo=2 --cfg 'feature="zerovec"' --check-cfg 'cfg(docsrs,test)' --check-cfg 'cfg(feature, values("bench", "databake", "serde", "std", "zerovec"))' -C metadata=43065333ab2dc5be -C extra-filename=-d347026ec9d576dd --out-dir /work/target/debug/deps -L dependency=/work/target/debug/deps --extern displaydoc=/work/target/debug/deps/libdisplaydoc-55a7d30d7a863764.so --extern litemap=/work/target/debug/deps/liblitemap-64fec81763898b17.rmeta --extern tinystr=/work/target/debug/deps/libtinystr-f4e9f9f0573e8927.rmeta --extern writeable=/work/target/debug/deps/libwriteable-185a3831d9113684.rmeta --extern zerovec=/work/target/debug/deps/libzerovec-702df5e195d473c7.rmeta --cap-lints allow`
[1m[32m   Compiling[0m chrono v0.4.41
[1m[32m     Running[0m `/usr/local/rustup/toolchains/1.86.0-aarch64-unknown-linux-gnu/bin/rustc --crate-name chrono --edition=2021 /usr/local/cargo/registry/src/index.crates.io-1949cf8c6b5b557f/chrono-0.4.41/src/lib.rs --error-format=json --json=diagnostic-rendered-ansi,artifacts,future-incompat --crate-type lib --emit=dep-info,metadata,link -C embed-bitcode=no -C debuginfo=2 --cfg 'feature="alloc"' --cfg 'feature="android-tzdata"' --cfg 'feature="clock"' --cfg 'feature="iana-time-zone"' --cfg 'feature="now"' --cfg 'feature="serde"' --cfg 'feature="std"' --cfg 'feature="winapi"' --cfg 'feature="windows-link"' --check-cfg 'cfg(docsrs,test)' --check-cfg 'cfg(feature, values("__internal_bench", "alloc", "android-tzdata", "arbitrary", "clock", "default", "iana-time-zone", "js-sys", "libc", "now", "oldtime", "pure-rust-locales", "rkyv", "rkyv-16", "rkyv-32", "rkyv-64", "rkyv-validation", "serde", "std", "unstable-locales", "wasm-bindgen", "wasmbind", "winapi", "windows-link"))' -C metadata=3eed60bf983c8012 -C extra-filename=-85cc897a59e31a52 --out-dir /work/target/debug/deps -L dependency=/work/target/debug/deps --extern iana_time_zone=/work/target/debug/deps/libiana_time_zone-4ce0ecd1b26187dc.rmeta --extern num_traits=/work/target/debug/deps/libnum_traits-0c0462975c553d05.rmeta --extern serde=/work/target/debug/deps/libserde-40c2de2881464769.rmeta --cap-lints allow`
[1m[32m   Compiling[0m flatbuffers v25.2.10
[1m[32m     Running[0m `/usr/local/rustup/toolchains/1.86.0-aarch64-unknown-linux-gnu/bin/rustc --crate-name build_script_build --edition=2018 /usr/local/cargo/registry/src/index.crates.io-1949cf8c6b5b557f/flatbuffers-25.2.10/build.rs --error-format=json --json=diagnostic-rendered-ansi,artifacts,future-incompat --crate-type bin --emit=dep-info,link -C embed-bitcode=no --check-cfg 'cfg(docsrs,test)' --check-cfg 'cfg(feature, values("default", "serde", "serialize", "std"))' -C metadata=ac0e47d6b391aa2f -C extra-filename=-ae9b2d6fc3a5210f --out-dir /work/target/debug/build/flatbuffers-ae9b2d6fc3a5210f -L dependency=/work/target/debug/deps --extern rustc_version=/work/target/debug/deps/librustc_version-3fe58f6d0ea50120.rlib --cap-lints allow`
[1m[32m     Running[0m `/work/target/debug/build/icu_normalizer_data-03af4bcd3a5802a5/build-script-build`
[1m[32m     Running[0m `/usr/local/rustup/toolchains/1.86.0-aarch64-unknown-linux-gnu/bin/rustc --crate-name lock_api --edition=2021 /usr/local/cargo/registry/src/index.crates.io-1949cf8c6b5b557f/lock_api-0.4.12/src/lib.rs --error-format=json --json=diagnostic-rendered-ansi,artifacts,future-incompat --crate-type lib --emit=dep-info,metadata,link -C embed-bitcode=no -C debuginfo=2 --cfg 'feature="atomic_usize"' --cfg 'feature="default"' --check-cfg 'cfg(docsrs,test)' --check-cfg 'cfg(feature, values("arc_lock", "atomic_usize", "default", "nightly", "owning_ref", "serde"))' -C metadata=f97aee6b32fa9633 -C extra-filename=-9103886146cd5a80 --out-dir /work/target/debug/deps -L dependency=/work/target/debug/deps --extern scopeguard=/work/target/debug/deps/libscopeguard-ac5a068e49a161a1.rmeta --cap-lints allow --cfg has_const_fn_trait_bound`
[1m[32m   Compiling[0m h2 v0.4.10
[1m[32m     Running[0m `/usr/local/rustup/toolchains/1.86.0-aarch64-unknown-linux-gnu/bin/rustc --crate-name h2 --edition=2021 /usr/local/cargo/registry/src/index.crates.io-1949cf8c6b5b557f/h2-0.4.10/src/lib.rs --error-format=json --json=diagnostic-rendered-ansi,artifacts,future-incompat --crate-type lib --emit=dep-info,metadata,link -C embed-bitcode=no -C debuginfo=2 --warn=unexpected_cfgs --check-cfg 'cfg(fuzzing)' --check-cfg 'cfg(docsrs,test)' --check-cfg 'cfg(feature, values("stream", "unstable"))' -C metadata=f6f9d38dcc034448 -C extra-filename=-73c0d45d37943526 --out-dir /work/target/debug/deps -L dependency=/work/target/debug/deps --extern atomic_waker=/work/target/debug/deps/libatomic_waker-7f616f7fe84bddf7.rmeta --extern bytes=/work/target/debug/deps/libbytes-b7f26ff2edee4da7.rmeta --extern fnv=/work/target/debug/deps/libfnv-b7b4eec70cbc12ab.rmeta --extern futures_core=/work/target/debug/deps/libfutures_core-2a3a0b2e17309ffd.rmeta --extern futures_sink=/work/target/debug/deps/libfutures_sink-06a4bc4e92cdd000.rmeta --extern http=/work/target/debug/deps/libhttp-bc84ffa0ce9e08c1.rmeta --extern indexmap=/work/target/debug/deps/libindexmap-9a85cd7b101e1bbc.rmeta --extern slab=/work/target/debug/deps/libslab-15ce33a5326b04e6.rmeta --extern tokio=/work/target/debug/deps/libtokio-d7b67b7161a91c5d.rmeta --extern tokio_util=/work/target/debug/deps/libtokio_util-af6ade555c63f2c0.rmeta --extern tracing=/work/target/debug/deps/libtracing-ab9d44c27d15fd96.rmeta --cap-lints allow`
[1m[32m     Running[0m `/usr/local/rustup/toolchains/1.86.0-aarch64-unknown-linux-gnu/bin/rustc --crate-name icu_normalizer_data --edition=2021 /usr/local/cargo/registry/src/index.crates.io-1949cf8c6b5b557f/icu_normalizer_data-1.5.1/src/lib.rs --error-format=json --json=diagnostic-rendered-ansi,artifacts,future-incompat --crate-type lib --emit=dep-info,metadata,link -C embed-bitcode=no -C debuginfo=2 --check-cfg 'cfg(docsrs,test)' --check-cfg 'cfg(feature, values())' -C metadata=f4f8a491f9d8e929 -C extra-filename=-ef37a4f96cdd0d4a --out-dir /work/target/debug/deps -L dependency=/work/target/debug/deps --cap-lints allow`
[1m[32m     Running[0m `/usr/local/rustup/toolchains/1.86.0-aarch64-unknown-linux-gnu/bin/rustc --crate-name zerocopy --edition=2021 /usr/local/cargo/registry/src/index.crates.io-1949cf8c6b5b557f/zerocopy-0.8.25/src/lib.rs --error-format=json --json=diagnostic-rendered-ansi,artifacts,future-incompat --crate-type lib --emit=dep-info,metadata,link -C embed-bitcode=no -C debuginfo=2 --cfg 'feature="simd"' --check-cfg 'cfg(docsrs,test)' --check-cfg 'cfg(feature, values("__internal_use_only_features_that_work_on_stable", "alloc", "derive", "float-nightly", "simd", "simd-nightly", "std", "zerocopy-derive"))' -C metadata=ab97847dda5c990d -C extra-filename=-7a493a164270ca75 --out-dir /work/target/debug/deps -L dependency=/work/target/debug/deps --cap-lints allow --cfg zerocopy_aarch64_simd_1_59_0 --cfg zerocopy_core_error_1_81_0 --cfg zerocopy_diagnostic_on_unimplemented_1_78_0 --cfg zerocopy_generic_bounds_in_const_fn_1_61_0 --cfg zerocopy_panic_in_const_and_vec_try_reserve_1_57_0 --cfg zerocopy_target_has_atomics_1_60_0 --check-cfg 'cfg(zerocopy_aarch64_simd_1_59_0)' --check-cfg 'cfg(zerocopy_core_error_1_81_0)' --check-cfg 'cfg(zerocopy_diagnostic_on_unimplemented_1_78_0)' --check-cfg 'cfg(zerocopy_generic_bounds_in_const_fn_1_61_0)' --check-cfg 'cfg(zerocopy_panic_in_const_and_vec_try_reserve_1_57_0)' --check-cfg 'cfg(zerocopy_target_has_atomics_1_60_0)' --check-cfg 'cfg(doc_cfg)' --check-cfg 'cfg(kani)' --check-cfg 'cfg(__ZEROCOPY_INTERNAL_USE_ONLY_NIGHTLY_FEATURES_IN_TESTS)' --check-cfg 'cfg(coverage_nightly)'`
[1m[32m   Compiling[0m arrow-schema v56.1.0
[1m[32m     Running[0m `/usr/local/rustup/toolchains/1.86.0-aarch64-unknown-linux-gnu/bin/rustc --crate-name arrow_schema --edition=2021 /usr/local/cargo/registry/src/index.crates.io-1949cf8c6b5b557f/arrow-schema-56.1.0/src/lib.rs --error-format=json --json=diagnostic-rendered-ansi,artifacts,future-incompat --crate-type lib --emit=dep-info,metadata,link -C embed-bitcode=no -C debuginfo=2 --cfg 'feature="canonical_extension_types"' --check-cfg 'cfg(docsrs,test)' --check-cfg 'cfg(feature, values("bitflags", "canonical_extension_types", "ffi", "serde"))' -C metadata=1e3d35639768ed87 -C extra-filename=-93c6cdcbca3cb8f8 --out-dir /work/target/debug/deps -L dependency=/work/target/debug/deps --extern serde=/work/target/debug/deps/libserde-40c2de2881464769.rmeta --extern serde_json=/work/target/debug/deps/libserde_json-0c1b94d84eed19db.rmeta --cap-lints allow`
[1m[32m     Running[0m `/usr/local/rustup/toolchains/1.86.0-aarch64-unknown-linux-gnu/bin/rustc --crate-name ahash --edition=2018 /usr/local/cargo/registry/src/index.crates.io-1949cf8c6b5b557f/ahash-0.8.11/src/lib.rs --error-format=json --json=diagnostic-rendered-ansi,artifacts,future-incompat --crate-type lib --emit=dep-info,metadata,link -C embed-bitcode=no -C debuginfo=2 --cfg 'feature="getrandom"' --cfg 'feature="runtime-rng"' --check-cfg 'cfg(docsrs,test)' --check-cfg 'cfg(feature, values("atomic-polyfill", "compile-time-rng", "const-random", "default", "getrandom", "nightly-arm-aes", "no-rng", "runtime-rng", "serde", "std"))' -C metadata=6f97255fea98b556 -C extra-filename=-c4ca5540cbf09434 --out-dir /work/target/debug/deps -L dependency=/work/target/debug/deps --extern cfg_if=/work/target/debug/deps/libcfg_if-3d86f520ef21fd6a.rmeta --extern getrandom=/work/target/debug/deps/libgetrandom-f46fed3fc4e131a3.rmeta --extern once_cell=/work/target/debug/deps/libonce_cell-b19178b062812169.rmeta --extern zerocopy=/work/target/debug/deps/libzerocopy-95928029d98453da.rmeta --cap-lints allow --cfg 'feature="folded_multiply"'`
[1m[32m   Compiling[0m num v0.4.3
[1m[32m     Running[0m `/usr/local/rustup/toolchains/1.86.0-aarch64-unknown-linux-gnu/bin/rustc --crate-name num --edition=2021 /usr/local/cargo/registry/src/index.crates.io-1949cf8c6b5b557f/num-0.4.3/src/lib.rs --error-format=json --json=diagnostic-rendered-ansi,artifacts,future-incompat --crate-type lib --emit=dep-info,metadata,link -C embed-bitcode=no -C debuginfo=2 --cfg 'feature="num-bigint"' --cfg 'feature="std"' --check-cfg 'cfg(docsrs,test)' --check-cfg 'cfg(feature, values("alloc", "default", "libm", "num-bigint", "rand", "serde", "std"))' -C metadata=8fc5bb39c8679f8b -C extra-filename=-0b52a96930e28eb0 --out-dir /work/target/debug/deps -L dependency=/work/target/debug/deps --extern num_bigint=/work/target/debug/deps/libnum_bigint-a801c3be0b179c01.rmeta --extern num_complex=/work/target/debug/deps/libnum_complex-a938b0f1221b891d.rmeta --extern num_integer=/work/target/debug/deps/libnum_integer-1769e8f989d68225.rmeta --extern num_iter=/work/target/debug/deps/libnum_iter-efd81a4d019c6ce7.rmeta --extern num_rational=/work/target/debug/deps/libnum_rational-a7c6c39dbc3b986e.rmeta --extern num_traits=/work/target/debug/deps/libnum_traits-0c0462975c553d05.rmeta --cap-lints allow`
[1m[32m   Compiling[0m icu_provider v1.5.0
[1m[32m     Running[0m `/usr/local/rustup/toolchains/1.86.0-aarch64-unknown-linux-gnu/bin/rustc --crate-name icu_provider --edition=2021 /usr/local/cargo/registry/src/index.crates.io-1949cf8c6b5b557f/icu_provider-1.5.0/src/lib.rs --error-format=json --json=diagnostic-rendered-ansi,artifacts,future-incompat --crate-type lib --emit=dep-info,metadata,link -C embed-bitcode=no -C debuginfo=2 --cfg 'feature="macros"' --check-cfg 'cfg(docsrs,test)' --check-cfg 'cfg(feature, values("bench", "datagen", "deserialize_bincode_1", "deserialize_json", "deserialize_postcard_1", "experimental", "log_error_context", "logging", "macros", "serde", "std", "sync"))' -C metadata=34aba66d6b1ecab8 -C extra-filename=-8a315ea184aed30f --out-dir /work/target/debug/deps -L dependency=/work/target/debug/deps --extern displaydoc=/work/target/debug/deps/libdisplaydoc-55a7d30d7a863764.so --extern icu_locid=/work/target/debug/deps/libicu_locid-d347026ec9d576dd.rmeta --extern icu_provider_macros=/work/target/debug/deps/libicu_provider_macros-508460068e05895c.so --extern stable_deref_trait=/work/target/debug/deps/libstable_deref_trait-6ea37ae420112eee.rmeta --extern tinystr=/work/target/debug/deps/libtinystr-f4e9f9f0573e8927.rmeta --extern writeable=/work/target/debug/deps/libwriteable-185a3831d9113684.rmeta --extern yoke=/work/target/debug/deps/libyoke-1d2c6381b4570283.rmeta --extern zerofrom=/work/target/debug/deps/libzerofrom-aa666b5420c8028d.rmeta --extern zerovec=/work/target/debug/deps/libzerovec-702df5e195d473c7.rmeta --cap-lints allow`
[1m[32m     Running[0m `/usr/local/rustup/toolchains/1.86.0-aarch64-unknown-linux-gnu/bin/rustc --crate-name phf_shared --edition=2021 /usr/local/cargo/registry/src/index.crates.io-1949cf8c6b5b557f/phf_shared-0.11.3/src/lib.rs --error-format=json --json=diagnostic-rendered-ansi,artifacts,future-incompat --crate-type lib --emit=dep-info,metadata,link -C embed-bitcode=no -C debuginfo=2 --check-cfg 'cfg(docsrs,test)' --check-cfg 'cfg(feature, values("default", "std", "uncased", "unicase"))' -C metadata=a3b6e4ebb2662ed6 -C extra-filename=-ec91fad29bef0c65 --out-dir /work/target/debug/deps -L dependency=/work/target/debug/deps --extern siphasher=/work/target/debug/deps/libsiphasher-56d7cc3f9276421a.rmeta --cap-lints allow`
[1m[32m   Compiling[0m write16 v1.0.0
[1m[32m     Running[0m `/usr/local/rustup/toolchains/1.86.0-aarch64-unknown-linux-gnu/bin/rustc --crate-name write16 --edition=2021 /usr/local/cargo/registry/src/index.crates.io-1949cf8c6b5b557f/write16-1.0.0/src/lib.rs --error-format=json --json=diagnostic-rendered-ansi,artifacts,future-incompat --crate-type lib --emit=dep-info,metadata,link -C embed-bitcode=no -C debuginfo=2 --cfg 'feature="alloc"' --check-cfg 'cfg(docsrs,test)' --check-cfg 'cfg(feature, values("alloc", "arrayvec", "smallvec"))' -C metadata=48103be478f48a05 -C extra-filename=-603014b83c165e4d --out-dir /work/target/debug/deps -L dependency=/work/target/debug/deps --cap-lints allow`
[1m[32m   Compiling[0m utf8_iter v1.0.4
[1m[32m     Running[0m `/usr/local/rustup/toolchains/1.86.0-aarch64-unknown-linux-gnu/bin/rustc --crate-name utf8_iter --edition=2021 /usr/local/cargo/registry/src/index.crates.io-1949cf8c6b5b557f/utf8_iter-1.0.4/src/lib.rs --error-format=json --json=diagnostic-rendered-ansi,artifacts,future-incompat --crate-type lib --emit=dep-info,metadata,link -C embed-bitcode=no -C debuginfo=2 --check-cfg 'cfg(docsrs,test)' --check-cfg 'cfg(feature, values())' -C metadata=26e9eba4d8d0ea5b -C extra-filename=-5aa5bbeedc00feee --out-dir /work/target/debug/deps -L dependency=/work/target/debug/deps --cap-lints allow`
[1m[32m   Compiling[0m utf16_iter v1.0.5
[1m[32m     Running[0m `/usr/local/rustup/toolchains/1.86.0-aarch64-unknown-linux-gnu/bin/rustc --crate-name utf16_iter --edition=2021 /usr/local/cargo/registry/src/index.crates.io-1949cf8c6b5b557f/utf16_iter-1.0.5/src/lib.rs --error-format=json --json=diagnostic-rendered-ansi,artifacts,future-incompat --crate-type lib --emit=dep-info,metadata,link -C embed-bitcode=no -C debuginfo=2 --check-cfg 'cfg(docsrs,test)' --check-cfg 'cfg(feature, values())' -C metadata=d3a0b0eb76cac3d2 -C extra-filename=-c12c059ed6d41fd5 --out-dir /work/target/debug/deps -L dependency=/work/target/debug/deps --cap-lints allow`
[1m[32m   Compiling[0m rustls-native-certs v0.8.1
[1m[32m     Running[0m `/usr/local/rustup/toolchains/1.86.0-aarch64-unknown-linux-gnu/bin/rustc --crate-name rustls_native_certs --edition=2021 /usr/local/cargo/registry/src/index.crates.io-1949cf8c6b5b557f/rustls-native-certs-0.8.1/src/lib.rs --error-format=json --json=diagnostic-rendered-ansi,artifacts,future-incompat --crate-type lib --emit=dep-info,metadata,link -C embed-bitcode=no -C debuginfo=2 --check-cfg 'cfg(docsrs,test)' --check-cfg 'cfg(feature, values())' -C metadata=a6053e504f2f7e1c -C extra-filename=-f4cd54b15151a26a --out-dir /work/target/debug/deps -L dependency=/work/target/debug/deps --extern openssl_probe=/work/target/debug/deps/libopenssl_probe-f21dc1f0eeafbcd9.rmeta --extern pki_types=/work/target/debug/deps/librustls_pki_types-c8edff32b96bb94f.rmeta --cap-lints allow`
[1m[32m   Compiling[0m arrow-buffer v56.1.0
[1m[32m     Running[0m `/usr/local/rustup/toolchains/1.86.0-aarch64-unknown-linux-gnu/bin/rustc --crate-name arrow_buffer --edition=2021 /usr/local/cargo/registry/src/index.crates.io-1949cf8c6b5b557f/arrow-buffer-56.1.0/src/lib.rs --error-format=json --json=diagnostic-rendered-ansi,artifacts,future-incompat --crate-type lib --emit=dep-info,metadata,link -C embed-bitcode=no -C debuginfo=2 --check-cfg 'cfg(docsrs,test)' --check-cfg 'cfg(feature, values("pool"))' -C metadata=f63194f289ccac13 -C extra-filename=-760f855f69522381 --out-dir /work/target/debug/deps -L dependency=/work/target/debug/deps --extern bytes=/work/target/debug/deps/libbytes-b7f26ff2edee4da7.rmeta --extern half=/work/target/debug/deps/libhalf-a520f488e3de4f67.rmeta --extern num=/work/target/debug/deps/libnum-0b52a96930e28eb0.rmeta --cap-lints allow`
[1m[32m     Running[0m `/work/target/debug/build/flatbuffers-ae9b2d6fc3a5210f/build-script-build`
[1m[32m   Compiling[0m ppv-lite86 v0.2.21
[1m[32m     Running[0m `/usr/local/rustup/toolchains/1.86.0-aarch64-unknown-linux-gnu/bin/rustc --crate-name ppv_lite86 --edition=2021 /usr/local/cargo/registry/src/index.crates.io-1949cf8c6b5b557f/ppv-lite86-0.2.21/src/lib.rs --error-format=json --json=diagnostic-rendered-ansi,artifacts,future-incompat --crate-type lib --emit=dep-info,metadata,link -C embed-bitcode=no -C debuginfo=2 --cfg 'feature="simd"' --cfg 'feature="std"' --check-cfg 'cfg(docsrs,test)' --check-cfg 'cfg(feature, values("default", "no_simd", "simd", "std"))' -C metadata=524dd22df9d39322 -C extra-filename=-fac0d0bc103da390 --out-dir /work/target/debug/deps -L dependency=/work/target/debug/deps --extern zerocopy=/work/target/debug/deps/libzerocopy-7a493a164270ca75.rmeta --cap-lints allow`
[1m[32m   Compiling[0m phf v0.11.3
[1m[32m     Running[0m `/usr/local/rustup/toolchains/1.86.0-aarch64-unknown-linux-gnu/bin/rustc --crate-name phf --edition=2021 /usr/local/cargo/registry/src/index.crates.io-1949cf8c6b5b557f/phf-0.11.3/src/lib.rs --error-format=json --json=diagnostic-rendered-ansi,artifacts,future-incompat --crate-type lib --emit=dep-info,metadata,link -C embed-bitcode=no -C debuginfo=2 --check-cfg 'cfg(docsrs,test)' --check-cfg 'cfg(feature, values("default", "macros", "phf_macros", "serde", "std", "uncased", "unicase"))' -C metadata=424b17036a9bcdf9 -C extra-filename=-0d5ff6ccb6ac8fa4 --out-dir /work/target/debug/deps -L dependency=/work/target/debug/deps --extern phf_shared=/work/target/debug/deps/libphf_shared-ec91fad29bef0c65.rmeta --cap-lints allow`
[1m[32m   Compiling[0m twox-hash v1.6.3
[1m[32m     Running[0m `/usr/local/rustup/toolchains/1.86.0-aarch64-unknown-linux-gnu/bin/rustc --crate-name twox_hash --edition=2018 /usr/local/cargo/registry/src/index.crates.io-1949cf8c6b5b557f/twox-hash-1.6.3/src/lib.rs --error-format=json --json=diagnostic-rendered-ansi,artifacts,future-incompat --crate-type lib --emit=dep-info,metadata,link -C embed-bitcode=no -C debuginfo=2 --check-cfg 'cfg(docsrs,test)' --check-cfg 'cfg(feature, values("default", "digest", "digest_0_10", "digest_0_9", "rand", "serde", "serialize", "std"))' -C metadata=6a96c13dfe89eaab -C extra-filename=-05221e7aad31da82 --out-dir /work/target/debug/deps -L dependency=/work/target/debug/deps --extern cfg_if=/work/target/debug/deps/libcfg_if-3d86f520ef21fd6a.rmeta --extern static_assertions=/work/target/debug/deps/libstatic_assertions-bbd866f8d82ca97d.rmeta --cap-lints allow`
[1m[32m   Compiling[0m sync_wrapper v1.0.2
[1m[32m     Running[0m `/usr/local/rustup/toolchains/1.86.0-aarch64-unknown-linux-gnu/bin/rustc --crate-name sync_wrapper --edition=2021 /usr/local/cargo/registry/src/index.crates.io-1949cf8c6b5b557f/sync_wrapper-1.0.2/src/lib.rs --error-format=json --json=diagnostic-rendered-ansi,artifacts,future-incompat --crate-type lib --emit=dep-info,metadata,link -C embed-bitcode=no -C debuginfo=2 --cfg 'feature="futures"' --cfg 'feature="futures-core"' --check-cfg 'cfg(docsrs,test)' --check-cfg 'cfg(feature, values("futures", "futures-core"))' -C metadata=15229bfeb1b3ab76 -C extra-filename=-be66c4569b9c78dc --out-dir /work/target/debug/deps -L dependency=/work/target/debug/deps --extern futures_core=/work/target/debug/deps/libfutures_core-2a3a0b2e17309ffd.rmeta --cap-lints allow`
[1m[32m   Compiling[0m icu_locid_transform v1.5.0
[1m[32m     Running[0m `/usr/local/rustup/toolchains/1.86.0-aarch64-unknown-linux-gnu/bin/rustc --crate-name icu_locid_transform --edition=2021 /usr/local/cargo/registry/src/index.crates.io-1949cf8c6b5b557f/icu_locid_transform-1.5.0/src/lib.rs --error-format=json --json=diagnostic-rendered-ansi,artifacts,future-incompat --crate-type lib --emit=dep-info,metadata,link -C embed-bitcode=no -C debuginfo=2 --cfg 'feature="compiled_data"' --check-cfg 'cfg(docsrs,test)' --check-cfg 'cfg(feature, values("bench", "compiled_data", "datagen", "default", "serde", "std"))' -C metadata=54861b33618d2cc3 -C extra-filename=-01239affc995dfff --out-dir /work/target/debug/deps -L dependency=/work/target/debug/deps --extern displaydoc=/work/target/debug/deps/libdisplaydoc-55a7d30d7a863764.so --extern icu_locid=/work/target/debug/deps/libicu_locid-d347026ec9d576dd.rmeta --extern icu_locid_transform_data=/work/target/debug/deps/libicu_locid_transform_data-a3aabc0c2a2e8ea4.rmeta --extern icu_provider=/work/target/debug/deps/libicu_provider-8a315ea184aed30f.rmeta --extern tinystr=/work/target/debug/deps/libtinystr-f4e9f9f0573e8927.rmeta --extern zerovec=/work/target/debug/deps/libzerovec-702df5e195d473c7.rmeta --cap-lints allow`
[1m[32m   Compiling[0m hyper v1.6.0
[1m[32m     Running[0m `/usr/local/rustup/toolchains/1.86.0-aarch64-unknown-linux-gnu/bin/rustc --crate-name hyper --edition=2021 /usr/local/cargo/registry/src/index.crates.io-1949cf8c6b5b557f/hyper-1.6.0/src/lib.rs --error-format=json --json=diagnostic-rendered-ansi,artifacts,future-incompat --crate-type lib --emit=dep-info,metadata,link -C embed-bitcode=no -C debuginfo=2 --warn=unexpected_cfgs --check-cfg 'cfg(hyper_unstable_tracing)' --check-cfg 'cfg(hyper_unstable_ffi)' --cfg 'feature="client"' --cfg 'feature="default"' --cfg 'feature="http1"' --cfg 'feature="http2"' --check-cfg 'cfg(docsrs,test)' --check-cfg 'cfg(feature, values("capi", "client", "default", "ffi", "full", "http1", "http2", "nightly", "server", "tracing"))' -C metadata=bbf886a95a04913e -C extra-filename=-128b69b8d6b0c4b6 --out-dir /work/target/debug/deps -L dependency=/work/target/debug/deps --extern bytes=/work/target/debug/deps/libbytes-b7f26ff2edee4da7.rmeta --extern futures_channel=/work/target/debug/deps/libfutures_channel-88df6a0f03d53ee4.rmeta --extern futures_util=/work/target/debug/deps/libfutures_util-7d4e9e33dc8645e2.rmeta --extern h2=/work/target/debug/deps/libh2-73c0d45d37943526.rmeta --extern http=/work/target/debug/deps/libhttp-bc84ffa0ce9e08c1.rmeta --extern http_body=/work/target/debug/deps/libhttp_body-621718221c729043.rmeta --extern httparse=/work/target/debug/deps/libhttparse-8f79899ba9c7761d.rmeta --extern itoa=/work/target/debug/deps/libitoa-da0e5894b0f1e0a5.rmeta --extern pin_project_lite=/work/target/debug/deps/libpin_project_lite-489eb5afe2d3bddf.rmeta --extern smallvec=/work/target/debug/deps/libsmallvec-4aaa278677b0235a.rmeta --extern tokio=/work/target/debug/deps/libtokio-d7b67b7161a91c5d.rmeta --extern want=/work/target/debug/deps/libwant-dd1029b07834139a.rmeta --cap-lints allow`
[1m[32m   Compiling[0m csv-core v0.1.12
[1m[32m     Running[0m `/usr/local/rustup/toolchains/1.86.0-aarch64-unknown-linux-gnu/bin/rustc --crate-name csv_core --edition=2018 /usr/local/cargo/registry/src/index.crates.io-1949cf8c6b5b557f/csv-core-0.1.12/src/lib.rs --error-format=json --json=diagnostic-rendered-ansi,artifacts,future-incompat --crate-type lib --emit=dep-info,metadata,link -C embed-bitcode=no -C debuginfo=2 --cfg 'feature="default"' --check-cfg 'cfg(docsrs,test)' --check-cfg 'cfg(feature, values("default", "libc"))' -C metadata=ff6d77b80695a7e8 -C extra-filename=-3fb1a9b7acb9c599 --out-dir /work/target/debug/deps -L dependency=/work/target/debug/deps --extern memchr=/work/target/debug/deps/libmemchr-43e1c146a71885ce.rmeta --cap-lints allow`
[1m[32m   Compiling[0m tower-layer v0.3.3
[1m[32m     Running[0m `/usr/local/rustup/toolchains/1.86.0-aarch64-unknown-linux-gnu/bin/rustc --crate-name tower_layer --edition=2018 /usr/local/cargo/registry/src/index.crates.io-1949cf8c6b5b557f/tower-layer-0.3.3/src/lib.rs --error-format=json --json=diagnostic-rendered-ansi,artifacts,future-incompat --crate-type lib --emit=dep-info,metadata,link -C embed-bitcode=no -C debuginfo=2 --check-cfg 'cfg(docsrs,test)' --check-cfg 'cfg(feature, values())' -C metadata=f2d2ca313775858d -C extra-filename=-183c8eb51c434014 --out-dir /work/target/debug/deps -L dependency=/work/target/debug/deps --cap-lints allow`
[1m[32m   Compiling[0m parking_lot_core v0.9.10
[1m[32m     Running[0m `/usr/local/rustup/toolchains/1.86.0-aarch64-unknown-linux-gnu/bin/rustc --crate-name build_script_build --edition=2021 /usr/local/cargo/registry/src/index.crates.io-1949cf8c6b5b557f/parking_lot_core-0.9.10/build.rs --error-format=json --json=diagnostic-rendered-ansi,artifacts,future-incompat --crate-type bin --emit=dep-info,link -C embed-bitcode=no --check-cfg 'cfg(docsrs,test)' --check-cfg 'cfg(feature, values("backtrace", "deadlock_detection", "nightly", "petgraph", "thread-id"))' -C metadata=f25dee8332f3837c -C extra-filename=-cf927fcfae0be37a --out-dir /work/target/debug/build/parking_lot_core-cf927fcfae0be37a -L dependency=/work/target/debug/deps --cap-lints allow`
[1m[32m   Compiling[0m simdutf8 v0.1.5
[1m[32m     Running[0m `/usr/local/rustup/toolchains/1.86.0-aarch64-unknown-linux-gnu/bin/rustc --crate-name simdutf8 --edition=2018 /usr/local/cargo/registry/src/index.crates.io-1949cf8c6b5b557f/simdutf8-0.1.5/src/lib.rs --error-format=json --json=diagnostic-rendered-ansi,artifacts,future-incompat --crate-type lib --emit=dep-info,metadata,link -C embed-bitcode=no -C debuginfo=2 --check-cfg 'cfg(docsrs,test)' --check-cfg 'cfg(feature, values("aarch64_neon", "aarch64_neon_prefetch", "default", "hints", "public_imp", "std"))' -C metadata=bcc09dca7b0ff496 -C extra-filename=-26f60240de48a049 --out-dir /work/target/debug/deps -L dependency=/work/target/debug/deps --cap-lints allow`
[1m[32m   Compiling[0m arrow-data v56.1.0
[1m[32m     Running[0m `/usr/local/rustup/toolchains/1.86.0-aarch64-unknown-linux-gnu/bin/rustc --crate-name arrow_data --edition=2021 /usr/local/cargo/registry/src/index.crates.io-1949cf8c6b5b557f/arrow-data-56.1.0/src/lib.rs --error-format=json --json=diagnostic-rendered-ansi,artifacts,future-incompat --crate-type lib --emit=dep-info,metadata,link -C embed-bitcode=no -C debuginfo=2 --check-cfg 'cfg(docsrs,test)' --check-cfg 'cfg(feature, values("ffi", "force_validate"))' -C metadata=52e325b8aacde220 -C extra-filename=-c007ed7ec79ae020 --out-dir /work/target/debug/deps -L dependency=/work/target/debug/deps --extern arrow_buffer=/work/target/debug/deps/libarrow_buffer-760f855f69522381.rmeta --extern arrow_schema=/work/target/debug/deps/libarrow_schema-93c6cdcbca3cb8f8.rmeta --extern half=/work/target/debug/deps/libhalf-a520f488e3de4f67.rmeta --extern num=/work/target/debug/deps/libnum-0b52a96930e28eb0.rmeta --cap-lints allow`
[1m[32m     Running[0m `/usr/local/rustup/toolchains/1.86.0-aarch64-unknown-linux-gnu/bin/rustc --crate-name chrono_tz --edition=2021 /usr/local/cargo/registry/src/index.crates.io-1949cf8c6b5b557f/chrono-tz-0.10.3/src/lib.rs --error-format=json --json=diagnostic-rendered-ansi,artifacts,future-incompat --crate-type lib --emit=dep-info,metadata,link -C embed-bitcode=no -C debuginfo=2 --cfg 'feature="default"' --cfg 'feature="std"' --check-cfg 'cfg(docsrs,test)' --check-cfg 'cfg(feature, values("arbitrary", "case-insensitive", "default", "filter-by-regex", "serde", "std"))' -C metadata=2e02e9abe64de80f -C extra-filename=-95438c2c3f4c2fc8 --out-dir /work/target/debug/deps -L dependency=/work/target/debug/deps --extern chrono=/work/target/debug/deps/libchrono-85cc897a59e31a52.rmeta --extern phf=/work/target/debug/deps/libphf-0d5ff6ccb6ac8fa4.rmeta --cap-lints allow`
[1m[32m   Compiling[0m lz4_flex v0.11.3
[1m[32m     Running[0m `/usr/local/rustup/toolchains/1.86.0-aarch64-unknown-linux-gnu/bin/rustc --crate-name lz4_flex --edition=2021 /usr/local/cargo/registry/src/index.crates.io-1949cf8c6b5b557f/lz4_flex-0.11.3/src/lib.rs --error-format=json --json=diagnostic-rendered-ansi,artifacts,future-incompat --crate-type lib --emit=dep-info,metadata,link -C embed-bitcode=no -C debuginfo=2 --cfg 'feature="frame"' --cfg 'feature="std"' --check-cfg 'cfg(docsrs,test)' --check-cfg 'cfg(feature, values("default", "frame", "nightly", "safe-decode", "safe-encode", "std"))' -C metadata=42240c70a81a3487 -C extra-filename=-aabf97b021ca5493 --out-dir /work/target/debug/deps -L dependency=/work/target/debug/deps --extern twox_hash=/work/target/debug/deps/libtwox_hash-05221e7aad31da82.rmeta --cap-lints allow`
[1m[32m   Compiling[0m thiserror v2.0.12
[1m[32m     Running[0m `/usr/local/rustup/toolchains/1.86.0-aarch64-unknown-linux-gnu/bin/rustc --crate-name build_script_build --edition=2021 /usr/local/cargo/registry/src/index.crates.io-1949cf8c6b5b557f/thiserror-2.0.12/build.rs --error-format=json --json=diagnostic-rendered-ansi,artifacts,future-incompat --crate-type bin --emit=dep-info,link -C embed-bitcode=no --cfg 'feature="default"' --cfg 'feature="std"' --check-cfg 'cfg(docsrs,test)' --check-cfg 'cfg(feature, values("default", "std"))' -C metadata=7422af38fbb3e071 -C extra-filename=-b213f6267b0b67a6 --out-dir /work/target/debug/build/thiserror-b213f6267b0b67a6 -L dependency=/work/target/debug/deps --cap-lints allow`
[1m[32m   Compiling[0m thiserror-impl v2.0.12
[1m[32m     Running[0m `/usr/local/rustup/toolchains/1.86.0-aarch64-unknown-linux-gnu/bin/rustc --crate-name thiserror_impl --edition=2021 /usr/local/cargo/registry/src/index.crates.io-1949cf8c6b5b557f/thiserror-impl-2.0.12/src/lib.rs --error-format=json --json=diagnostic-rendered-ansi,artifacts,future-incompat --crate-type proc-macro --emit=dep-info,link -C prefer-dynamic -C embed-bitcode=no --check-cfg 'cfg(docsrs,test)' --check-cfg 'cfg(feature, values())' -C metadata=82679115b98a8f87 -C extra-filename=-cef27fabc588ccca --out-dir /work/target/debug/deps -L dependency=/work/target/debug/deps --extern proc_macro2=/work/target/debug/deps/libproc_macro2-49fdc668fa64569f.rlib --extern quote=/work/target/debug/deps/libquote-38f780051616e59b.rlib --extern syn=/work/target/debug/deps/libsyn-9373f942e3578afe.rlib --extern proc_macro --cap-lints allow`
[1m[32m   Compiling[0m icu_properties v1.5.1
[1m[32m     Running[0m `/usr/local/rustup/toolchains/1.86.0-aarch64-unknown-linux-gnu/bin/rustc --crate-name icu_properties --edition=2021 /usr/local/cargo/registry/src/index.crates.io-1949cf8c6b5b557f/icu_properties-1.5.1/src/lib.rs --error-format=json --json=diagnostic-rendered-ansi,artifacts,future-incompat --crate-type lib --emit=dep-info,metadata,link -C embed-bitcode=no -C debuginfo=2 --cfg 'feature="compiled_data"' --cfg 'feature="default"' --check-cfg 'cfg(docsrs,test)' --check-cfg 'cfg(feature, values("bidi", "compiled_data", "datagen", "default", "serde", "std"))' -C metadata=2ecb6f828a994c33 -C extra-filename=-f430f4f810c80f96 --out-dir /work/target/debug/deps -L dependency=/work/target/debug/deps --extern displaydoc=/work/target/debug/deps/libdisplaydoc-55a7d30d7a863764.so --extern icu_collections=/work/target/debug/deps/libicu_collections-f2f9f6eb67df46b6.rmeta --extern icu_locid_transform=/work/target/debug/deps/libicu_locid_transform-01239affc995dfff.rmeta --extern icu_properties_data=/work/target/debug/deps/libicu_properties_data-e4a73c51738cded1.rmeta --extern icu_provider=/work/target/debug/deps/libicu_provider-8a315ea184aed30f.rmeta --extern tinystr=/work/target/debug/deps/libtinystr-f4e9f9f0573e8927.rmeta --extern zerovec=/work/target/debug/deps/libzerovec-702df5e195d473c7.rmeta --cap-lints allow`
[1m[32m   Compiling[0m tower v0.5.2
[1m[32m     Running[0m `/usr/local/rustup/toolchains/1.86.0-aarch64-unknown-linux-gnu/bin/rustc --crate-name tower --edition=2018 /usr/local/cargo/registry/src/index.crates.io-1949cf8c6b5b557f/tower-0.5.2/src/lib.rs --error-format=json --json=diagnostic-rendered-ansi,artifacts,future-incompat --crate-type lib --emit=dep-info,metadata,link -C embed-bitcode=no -C debuginfo=2 --cfg 'feature="__common"' --cfg 'feature="futures-core"' --cfg 'feature="futures-util"' --cfg 'feature="pin-project-lite"' --cfg 'feature="sync_wrapper"' --cfg 'feature="timeout"' --cfg 'feature="tokio"' --cfg 'feature="util"' --check-cfg 'cfg(docsrs,test)' --check-cfg 'cfg(feature, values("__common", "balance", "buffer", "discover", "filter", "full", "futures-core", "futures-util", "hdrhistogram", "hedge", "indexmap", "limit", "load", "load-shed", "log", "make", "pin-project-lite", "ready-cache", "reconnect", "retry", "slab", "spawn-ready", "steer", "sync_wrapper", "timeout", "tokio", "tokio-stream", "tokio-util", "tracing", "util"))' -C metadata=b8aec1b8e72af30d -C extra-filename=-af999eb7a5397078 --out-dir /work/target/debug/deps -L dependency=/work/target/debug/deps --extern futures_core=/work/target/debug/deps/libfutures_core-2a3a0b2e17309ffd.rmeta --extern futures_util=/work/target/debug/deps/libfutures_util-7d4e9e33dc8645e2.rmeta --extern pin_project_lite=/work/target/debug/deps/libpin_project_lite-489eb5afe2d3bddf.rmeta --extern sync_wrapper=/work/target/debug/deps/libsync_wrapper-be66c4569b9c78dc.rmeta --extern tokio=/work/target/debug/deps/libtokio-d7b67b7161a91c5d.rmeta --extern tower_layer=/work/target/debug/deps/libtower_layer-183c8eb51c434014.rmeta --extern tower_service=/work/target/debug/deps/libtower_service-3167d1a01e43302f.rmeta --cap-lints allow`
[1m[32m   Compiling[0m paste v1.0.15
[1m[32m     Running[0m `/usr/local/rustup/toolchains/1.86.0-aarch64-unknown-linux-gnu/bin/rustc --crate-name build_script_build --edition=2018 /usr/local/cargo/registry/src/index.crates.io-1949cf8c6b5b557f/paste-1.0.15/build.rs --error-format=json --json=diagnostic-rendered-ansi,artifacts,future-incompat --crate-type bin --emit=dep-info,link -C embed-bitcode=no --check-cfg 'cfg(docsrs,test)' --check-cfg 'cfg(feature, values())' -C metadata=484e49d8dc253a08 -C extra-filename=-f353d30e16653817 --out-dir /work/target/debug/build/paste-f353d30e16653817 -L dependency=/work/target/debug/deps --cap-lints allow`
[1m[32m   Compiling[0m hyper-util v0.1.11
[1m[32m     Running[0m `/usr/local/rustup/toolchains/1.86.0-aarch64-unknown-linux-gnu/bin/rustc --crate-name hyper_util --edition=2021 /usr/local/cargo/registry/src/index.crates.io-1949cf8c6b5b557f/hyper-util-0.1.11/src/lib.rs --error-format=json --json=diagnostic-rendered-ansi,artifacts,future-incompat --crate-type lib --emit=dep-info,metadata,link -C embed-bitcode=no -C debuginfo=2 --cfg 'feature="client"' --cfg 'feature="client-legacy"' --cfg 'feature="default"' --cfg 'feature="http1"' --cfg 'feature="http2"' --cfg 'feature="tokio"' --check-cfg 'cfg(docsrs,test)' --check-cfg 'cfg(feature, values("__internal_happy_eyeballs_tests", "client", "client-legacy", "default", "full", "http1", "http2", "server", "server-auto", "server-graceful", "service", "tokio", "tracing"))' -C metadata=c73d6dc98e622c5e -C extra-filename=-184ca92796623609 --out-dir /work/target/debug/deps -L dependency=/work/target/debug/deps --extern bytes=/work/target/debug/deps/libbytes-b7f26ff2edee4da7.rmeta --extern futures_channel=/work/target/debug/deps/libfutures_channel-88df6a0f03d53ee4.rmeta --extern futures_util=/work/target/debug/deps/libfutures_util-7d4e9e33dc8645e2.rmeta --extern http=/work/target/debug/deps/libhttp-bc84ffa0ce9e08c1.rmeta --extern http_body=/work/target/debug/deps/libhttp_body-621718221c729043.rmeta --extern hyper=/work/target/debug/deps/libhyper-128b69b8d6b0c4b6.rmeta --extern libc=/work/target/debug/deps/liblibc-33634091ba1aaaf5.rmeta --extern pin_project_lite=/work/target/debug/deps/libpin_project_lite-489eb5afe2d3bddf.rmeta --extern socket2=/work/target/debug/deps/libsocket2-7068fc6bc6756dd0.rmeta --extern tokio=/work/target/debug/deps/libtokio-d7b67b7161a91c5d.rmeta --extern tower_service=/work/target/debug/deps/libtower_service-3167d1a01e43302f.rmeta --extern tracing=/work/target/debug/deps/libtracing-ab9d44c27d15fd96.rmeta --cap-lints allow`
[1m[32m   Compiling[0m zstd-sys v2.0.15+zstd.1.5.7
[1m[32m     Running[0m `/usr/local/rustup/toolchains/1.86.0-aarch64-unknown-linux-gnu/bin/rustc --crate-name build_script_build --edition=2018 /usr/local/cargo/registry/src/index.crates.io-1949cf8c6b5b557f/zstd-sys-2.0.15+zstd.1.5.7/build.rs --error-format=json --json=diagnostic-rendered-ansi,artifacts,future-incompat --crate-type bin --emit=dep-info,link -C embed-bitcode=no --allow=non_upper_case_globals --cfg 'feature="std"' --check-cfg 'cfg(docsrs,test)' --check-cfg 'cfg(feature, values("bindgen", "debug", "default", "experimental", "fat-lto", "legacy", "no_asm", "no_wasm_shim", "non-cargo", "pkg-config", "seekable", "std", "thin", "thin-lto", "zdict_builder", "zstdmt"))' -C metadata=ee99cd58a550b126 -C extra-filename=-38682ecf4d233ca4 --out-dir /work/target/debug/build/zstd-sys-38682ecf4d233ca4 -L dependency=/work/target/debug/deps --extern cc=/work/target/debug/deps/libcc-13da0a2c2b32aae7.rlib --extern pkg_config=/work/target/debug/deps/libpkg_config-e6b81fe79bb73097.rlib --cap-lints allow`
[1m[32m   Compiling[0m bitflags v2.9.0
[1m[32m     Running[0m `/usr/local/rustup/toolchains/1.86.0-aarch64-unknown-linux-gnu/bin/rustc --crate-name bitflags --edition=2021 /usr/local/cargo/registry/src/index.crates.io-1949cf8c6b5b557f/bitflags-2.9.0/src/lib.rs --error-format=json --json=diagnostic-rendered-ansi,artifacts,future-incompat --crate-type lib --emit=dep-info,metadata,link -C embed-bitcode=no -C debuginfo=2 --cfg 'feature="serde"' --cfg 'feature="std"' --check-cfg 'cfg(docsrs,test)' --check-cfg 'cfg(feature, values("arbitrary", "bytemuck", "compiler_builtins", "core", "example_generated", "rustc-dep-of-std", "serde", "std"))' -C metadata=c9e0ea2524001162 -C extra-filename=-e43ce81c7956362b --out-dir /work/target/debug/deps -L dependency=/work/target/debug/deps --extern serde=/work/target/debug/deps/libserde-40c2de2881464769.rmeta --cap-lints allow`
[1m[32m     Running[0m `/work/target/debug/build/parking_lot_core-cf927fcfae0be37a/build-script-build`
[1m[32m     Running[0m `/usr/local/rustup/toolchains/1.86.0-aarch64-unknown-linux-gnu/bin/rustc --crate-name parking_lot_core --edition=2021 /usr/local/cargo/registry/src/index.crates.io-1949cf8c6b5b557f/parking_lot_core-0.9.10/src/lib.rs --error-format=json --json=diagnostic-rendered-ansi,artifacts,future-incompat --crate-type lib --emit=dep-info,metadata,link -C embed-bitcode=no -C debuginfo=2 --check-cfg 'cfg(docsrs,test)' --check-cfg 'cfg(feature, values("backtrace", "deadlock_detection", "nightly", "petgraph", "thread-id"))' -C metadata=be6675d01cafd1f9 -C extra-filename=-f42a534ceb4ceeca --out-dir /work/target/debug/deps -L dependency=/work/target/debug/deps --extern cfg_if=/work/target/debug/deps/libcfg_if-3d86f520ef21fd6a.rmeta --extern libc=/work/target/debug/deps/liblibc-33634091ba1aaaf5.rmeta --extern smallvec=/work/target/debug/deps/libsmallvec-4aaa278677b0235a.rmeta --cap-lints allow`
[1m[32m   Compiling[0m sqlparser_derive v0.3.0
[1m[32m     Running[0m `/usr/local/rustup/toolchains/1.86.0-aarch64-unknown-linux-gnu/bin/rustc --crate-name sqlparser_derive --edition=2021 /usr/local/cargo/registry/src/index.crates.io-1949cf8c6b5b557f/sqlparser_derive-0.3.0/src/lib.rs --error-format=json --json=diagnostic-rendered-ansi,artifacts,future-incompat --crate-type proc-macro --emit=dep-info,link -C prefer-dynamic -C embed-bitcode=no --check-cfg 'cfg(docsrs,test)' --check-cfg 'cfg(feature, values())' -C metadata=31d5c4b63927a014 -C extra-filename=-a37a3078c2cc68d6 --out-dir /work/target/debug/deps -L dependency=/work/target/debug/deps --extern proc_macro2=/work/target/debug/deps/libproc_macro2-49fdc668fa64569f.rlib --extern quote=/work/target/debug/deps/libquote-38f780051616e59b.rlib --extern syn=/work/target/debug/deps/libsyn-9373f942e3578afe.rlib --extern proc_macro --cap-lints allow`
[1m[32m     Running[0m `/work/target/debug/build/thiserror-b213f6267b0b67a6/build-script-build`
[1m[32m   Compiling[0m zstd-safe v7.2.4
[1m[32m     Running[0m `/usr/local/rustup/toolchains/1.86.0-aarch64-unknown-linux-gnu/bin/rustc --crate-name build_script_build --edition=2018 /usr/local/cargo/registry/src/index.crates.io-1949cf8c6b5b557f/zstd-safe-7.2.4/build.rs --error-format=json --json=diagnostic-rendered-ansi,artifacts,future-incompat --crate-type bin --emit=dep-info,link -C embed-bitcode=no --allow=non_upper_case_globals --cfg 'feature="std"' --check-cfg 'cfg(docsrs,test)' --check-cfg 'cfg(feature, values("arrays", "bindgen", "debug", "default", "doc-cfg", "experimental", "fat-lto", "legacy", "no_asm", "pkg-config", "seekable", "std", "thin", "thin-lto", "zdict_builder", "zstdmt"))' -C metadata=20d52574a35133ac -C extra-filename=-ae653e5f388737a3 --out-dir /work/target/debug/build/zstd-safe-ae653e5f388737a3 -L dependency=/work/target/debug/deps --cap-lints allow`
[1m[32m   Compiling[0m byteorder v1.5.0
[1m[32m     Running[0m `/usr/local/rustup/toolchains/1.86.0-aarch64-unknown-linux-gnu/bin/rustc --crate-name byteorder --edition=2021 /usr/local/cargo/registry/src/index.crates.io-1949cf8c6b5b557f/byteorder-1.5.0/src/lib.rs --error-format=json --json=diagnostic-rendered-ansi,artifacts,future-incompat --crate-type lib --emit=dep-info,metadata,link -C embed-bitcode=no -C debuginfo=2 --cfg 'feature="default"' --cfg 'feature="std"' --check-cfg 'cfg(docsrs,test)' --check-cfg 'cfg(feature, values("default", "i128", "std"))' -C metadata=f5ee86d4c5253d4f -C extra-filename=-8ff8374bf7425247 --out-dir /work/target/debug/deps -L dependency=/work/target/debug/deps --cap-lints allow`
[1m[32m   Compiling[0m icu_normalizer v1.5.0
[1m[32m     Running[0m `/usr/local/rustup/toolchains/1.86.0-aarch64-unknown-linux-gnu/bin/rustc --crate-name icu_normalizer --edition=2021 /usr/local/cargo/registry/src/index.crates.io-1949cf8c6b5b557f/icu_normalizer-1.5.0/src/lib.rs --error-format=json --json=diagnostic-rendered-ansi,artifacts,future-incompat --crate-type lib --emit=dep-info,metadata,link -C embed-bitcode=no -C debuginfo=2 --cfg 'feature="compiled_data"' --cfg 'feature="default"' --check-cfg 'cfg(docsrs,test)' --check-cfg 'cfg(feature, values("compiled_data", "datagen", "default", "experimental", "serde", "std"))' -C metadata=e0062ec0994ad20a -C extra-filename=-c8f6850cb17b3d23 --out-dir /work/target/debug/deps -L dependency=/work/target/debug/deps --extern displaydoc=/work/target/debug/deps/libdisplaydoc-55a7d30d7a863764.so --extern icu_collections=/work/target/debug/deps/libicu_collections-f2f9f6eb67df46b6.rmeta --extern icu_normalizer_data=/work/target/debug/deps/libicu_normalizer_data-ef37a4f96cdd0d4a.rmeta --extern icu_properties=/work/target/debug/deps/libicu_properties-f430f4f810c80f96.rmeta --extern icu_provider=/work/target/debug/deps/libicu_provider-8a315ea184aed30f.rmeta --extern smallvec=/work/target/debug/deps/libsmallvec-4aaa278677b0235a.rmeta --extern utf16_iter=/work/target/debug/deps/libutf16_iter-c12c059ed6d41fd5.rmeta --extern utf8_iter=/work/target/debug/deps/libutf8_iter-5aa5bbeedc00feee.rmeta --extern write16=/work/target/debug/deps/libwrite16-603014b83c165e4d.rmeta --extern zerovec=/work/target/debug/deps/libzerovec-702df5e195d473c7.rmeta --cap-lints allow`
[1m[32m   Compiling[0m rand_core v0.9.3
[1m[32m     Running[0m `/usr/local/rustup/toolchains/1.86.0-aarch64-unknown-linux-gnu/bin/rustc --crate-name rand_core --edition=2021 /usr/local/cargo/registry/src/index.crates.io-1949cf8c6b5b557f/rand_core-0.9.3/src/lib.rs --error-format=json --json=diagnostic-rendered-ansi,artifacts,future-incompat --crate-type lib --emit=dep-info,metadata,link -C embed-bitcode=no -C debuginfo=2 --cfg 'feature="os_rng"' --cfg 'feature="std"' --check-cfg 'cfg(docsrs,test)' --check-cfg 'cfg(feature, values("os_rng", "serde", "std"))' -C metadata=955c227032f5d1eb -C extra-filename=-6e3070bb471df079 --out-dir /work/target/debug/deps -L dependency=/work/target/debug/deps --extern getrandom=/work/target/debug/deps/libgetrandom-51884759767b25c9.rmeta --cap-lints allow`
[1m[32m   Compiling[0m parking_lot v0.12.3
[1m[32m     Running[0m `/usr/local/rustup/toolchains/1.86.0-aarch64-unknown-linux-gnu/bin/rustc --crate-name parking_lot --edition=2021 /usr/local/cargo/registry/src/index.crates.io-1949cf8c6b5b557f/parking_lot-0.12.3/src/lib.rs --error-format=json --json=diagnostic-rendered-ansi,artifacts,future-incompat --crate-type lib --emit=dep-info,metadata,link -C embed-bitcode=no -C debuginfo=2 --cfg 'feature="default"' --check-cfg 'cfg(docsrs,test)' --check-cfg 'cfg(feature, values("arc_lock", "deadlock_detection", "default", "hardware-lock-elision", "nightly", "owning_ref", "send_guard", "serde"))' -C metadata=9938f88b773ffc89 -C extra-filename=-d94659161a08da67 --out-dir /work/target/debug/deps -L dependency=/work/target/debug/deps --extern lock_api=/work/target/debug/deps/liblock_api-9103886146cd5a80.rmeta --extern parking_lot_core=/work/target/debug/deps/libparking_lot_core-f42a534ceb4ceeca.rmeta --cap-lints allow`
[1m[32m   Compiling[0m futures-executor v0.3.31
[1m[32m     Running[0m `/usr/local/rustup/toolchains/1.86.0-aarch64-unknown-linux-gnu/bin/rustc --crate-name futures_executor --edition=2018 /usr/local/cargo/registry/src/index.crates.io-1949cf8c6b5b557f/futures-executor-0.3.31/src/lib.rs --error-format=json --json=diagnostic-rendered-ansi,artifacts,future-incompat --crate-type lib --emit=dep-info,metadata,link -C embed-bitcode=no -C debuginfo=2 --warn=unreachable_pub --warn=unexpected_cfgs --warn=single_use_lifetimes --warn=rust_2018_idioms --warn=missing_debug_implementations --check-cfg 'cfg(futures_sanitizer)' --cfg 'feature="default"' --cfg 'feature="std"' --check-cfg 'cfg(docsrs,test)' --check-cfg 'cfg(feature, values("default", "num_cpus", "std", "thread-pool"))' -C metadata=9ec52bccb32b838c -C extra-filename=-4e4704f512f9cb01 --out-dir /work/target/debug/deps -L dependency=/work/target/debug/deps --extern futures_core=/work/target/debug/deps/libfutures_core-2a3a0b2e17309ffd.rmeta --extern futures_task=/work/target/debug/deps/libfutures_task-28cf6c7d15f75dd5.rmeta --extern futures_util=/work/target/debug/deps/libfutures_util-7d4e9e33dc8645e2.rmeta --cap-lints allow`
[1m[32m     Running[0m `/work/target/debug/build/paste-f353d30e16653817/build-script-build`
[1m[32m     Running[0m `/usr/local/rustup/toolchains/1.86.0-aarch64-unknown-linux-gnu/bin/rustc --crate-name paste --edition=2018 /usr/local/cargo/registry/src/index.crates.io-1949cf8c6b5b557f/paste-1.0.15/src/lib.rs --error-format=json --json=diagnostic-rendered-ansi,artifacts,future-incompat --crate-type proc-macro --emit=dep-info,link -C prefer-dynamic -C embed-bitcode=no --check-cfg 'cfg(docsrs,test)' --check-cfg 'cfg(feature, values())' -C metadata=31d97059f568a9f5 -C extra-filename=-afb10c11da142ed0 --out-dir /work/target/debug/deps -L dependency=/work/target/debug/deps --extern proc_macro --cap-lints allow --check-cfg 'cfg(no_literal_fromstr)' --check-cfg 'cfg(feature, values("protocol_feature_paste"))'`
[1m[32m     Running[0m `/usr/local/rustup/toolchains/1.86.0-aarch64-unknown-linux-gnu/bin/rustc --crate-name num_integer --edition=2018 /usr/local/cargo/registry/src/index.crates.io-1949cf8c6b5b557f/num-integer-0.1.46/src/lib.rs --error-format=json --json=diagnostic-rendered-ansi,artifacts,future-incompat --crate-type lib --emit=dep-info,metadata,link -C embed-bitcode=no --cfg 'feature="i128"' --cfg 'feature="std"' --check-cfg 'cfg(docsrs,test)' --check-cfg 'cfg(feature, values("default", "i128", "std"))' -C metadata=5b5a5f8561dcf47e -C extra-filename=-361c2beb5cfc8bda --out-dir /work/target/debug/deps -L dependency=/work/target/debug/deps --extern num_traits=/work/target/debug/deps/libnum_traits-0c0462975c553d05.rmeta --cap-lints allow`
[1m[32m   Compiling[0m idna_adapter v1.2.0
[1m[32m     Running[0m `/usr/local/rustup/toolchains/1.86.0-aarch64-unknown-linux-gnu/bin/rustc --crate-name idna_adapter --edition=2021 /usr/local/cargo/registry/src/index.crates.io-1949cf8c6b5b557f/idna_adapter-1.2.0/src/lib.rs --error-format=json --json=diagnostic-rendered-ansi,artifacts,future-incompat --crate-type lib --emit=dep-info,metadata,link -C embed-bitcode=no -C debuginfo=2 --cfg 'feature="compiled_data"' --check-cfg 'cfg(docsrs,test)' --check-cfg 'cfg(feature, values("compiled_data"))' -C metadata=e1b68815a0534639 -C extra-filename=-98e2eda4a0cad4f5 --out-dir /work/target/debug/deps -L dependency=/work/target/debug/deps --extern icu_normalizer=/work/target/debug/deps/libicu_normalizer-c8f6850cb17b3d23.rmeta --extern icu_properties=/work/target/debug/deps/libicu_properties-f430f4f810c80f96.rmeta --cap-lints allow`
[1m[32m   Compiling[0m unicase v2.8.1
[1m[32m     Running[0m `/usr/local/rustup/toolchains/1.86.0-aarch64-unknown-linux-gnu/bin/rustc --crate-name unicase --edition=2018 /usr/local/cargo/registry/src/index.crates.io-1949cf8c6b5b557f/unicase-2.8.1/src/lib.rs --error-format=json --json=diagnostic-rendered-ansi,artifacts,future-incompat --crate-type lib --emit=dep-info,metadata,link -C embed-bitcode=no -C debuginfo=2 --check-cfg 'cfg(docsrs,test)' --check-cfg 'cfg(feature, values("nightly"))' -C metadata=3c93434b627560bc -C extra-filename=-89a04ff7051f2752 --out-dir /work/target/debug/deps -L dependency=/work/target/debug/deps --cap-lints allow`
[1m[32m   Compiling[0m adler2 v2.0.0
[1m[32m     Running[0m `/usr/local/rustup/toolchains/1.86.0-aarch64-unknown-linux-gnu/bin/rustc --crate-name adler2 --edition=2021 /usr/local/cargo/registry/src/index.crates.io-1949cf8c6b5b557f/adler2-2.0.0/src/lib.rs --error-format=json --json=diagnostic-rendered-ansi,artifacts,future-incompat --crate-type lib --emit=dep-info,metadata,link -C embed-bitcode=no -C debuginfo=2 --check-cfg 'cfg(docsrs,test)' --check-cfg 'cfg(feature, values("compiler_builtins", "core", "default", "rustc-dep-of-std", "std"))' -C metadata=b495ef3a2d1e555a -C extra-filename=-2f81339dd8c32ae6 --out-dir /work/target/debug/deps -L dependency=/work/target/debug/deps --cap-lints allow`
[1m[32m     Running[0m `/usr/local/rustup/toolchains/1.86.0-aarch64-unknown-linux-gnu/bin/rustc --crate-name regex_syntax --edition=2021 /usr/local/cargo/registry/src/index.crates.io-1949cf8c6b5b557f/regex-syntax-0.8.6/src/lib.rs --error-format=json --json=diagnostic-rendered-ansi,artifacts,future-incompat --crate-type lib --emit=dep-info,metadata,link -C embed-bitcode=no -C debuginfo=2 --cfg 'feature="default"' --cfg 'feature="std"' --cfg 'feature="unicode"' --cfg 'feature="unicode-age"' --cfg 'feature="unicode-bool"' --cfg 'feature="unicode-case"' --cfg 'feature="unicode-gencat"' --cfg 'feature="unicode-perl"' --cfg 'feature="unicode-script"' --cfg 'feature="unicode-segment"' --check-cfg 'cfg(docsrs,test)' --check-cfg 'cfg(feature, values("arbitrary", "default", "std", "unicode", "unicode-age", "unicode-bool", "unicode-case", "unicode-gencat", "unicode-perl", "unicode-script", "unicode-segment"))' -C metadata=181c41752300eb59 -C extra-filename=-1e8a369a74e060a6 --out-dir /work/target/debug/deps -L dependency=/work/target/debug/deps --cap-lints allow`
[1m[32m   Compiling[0m rand_chacha v0.9.0
[1m[32m     Running[0m `/usr/local/rustup/toolchains/1.86.0-aarch64-unknown-linux-gnu/bin/rustc --crate-name rand_chacha --edition=2021 /usr/local/cargo/registry/src/index.crates.io-1949cf8c6b5b557f/rand_chacha-0.9.0/src/lib.rs --error-format=json --json=diagnostic-rendered-ansi,artifacts,future-incompat --crate-type lib --emit=dep-info,metadata,link -C embed-bitcode=no -C debuginfo=2 --cfg 'feature="std"' --check-cfg 'cfg(docsrs,test)' --check-cfg 'cfg(feature, values("default", "os_rng", "serde", "std"))' -C metadata=23c8b7cd9ad31b6d -C extra-filename=-1d211b35ee0678a9 --out-dir /work/target/debug/deps -L dependency=/work/target/debug/deps --extern ppv_lite86=/work/target/debug/deps/libppv_lite86-fac0d0bc103da390.rmeta --extern rand_core=/work/target/debug/deps/librand_core-6e3070bb471df079.rmeta --cap-lints allow`
[1m[32m     Running[0m `/work/target/debug/build/zstd-sys-38682ecf4d233ca4/build-script-build`
[1m[32m   Compiling[0m arrow-array v56.1.0
[1m[32m     Running[0m `/usr/local/rustup/toolchains/1.86.0-aarch64-unknown-linux-gnu/bin/rustc --crate-name arrow_array --edition=2021 /usr/local/cargo/registry/src/index.crates.io-1949cf8c6b5b557f/arrow-array-56.1.0/src/lib.rs --error-format=json --json=diagnostic-rendered-ansi,artifacts,future-incompat --crate-type lib --emit=dep-info,metadata,link -C embed-bitcode=no -C debuginfo=2 --cfg 'feature="chrono-tz"' --check-cfg 'cfg(docsrs,test)' --check-cfg 'cfg(feature, values("chrono-tz", "ffi", "force_validate"))' -C metadata=219d8d6ae5d9726b -C extra-filename=-5c51dbbdd5dea3b7 --out-dir /work/target/debug/deps -L dependency=/work/target/debug/deps --extern ahash=/work/target/debug/deps/libahash-c4ca5540cbf09434.rmeta --extern arrow_buffer=/work/target/debug/deps/libarrow_buffer-760f855f69522381.rmeta --extern arrow_data=/work/target/debug/deps/libarrow_data-c007ed7ec79ae020.rmeta --extern arrow_schema=/work/target/debug/deps/libarrow_schema-93c6cdcbca3cb8f8.rmeta --extern chrono=/work/target/debug/deps/libchrono-85cc897a59e31a52.rmeta --extern chrono_tz=/work/target/debug/deps/libchrono_tz-95438c2c3f4c2fc8.rmeta --extern half=/work/target/debug/deps/libhalf-a520f488e3de4f67.rmeta --extern hashbrown=/work/target/debug/deps/libhashbrown-f46a9b443634d9f9.rmeta --extern num=/work/target/debug/deps/libnum-0b52a96930e28eb0.rmeta --cap-lints allow`
[1m[32m   Compiling[0m serde_urlencoded v0.7.1
[1m[32m     Running[0m `/usr/local/rustup/toolchains/1.86.0-aarch64-unknown-linux-gnu/bin/rustc --crate-name serde_urlencoded --edition=2018 /usr/local/cargo/registry/src/index.crates.io-1949cf8c6b5b557f/serde_urlencoded-0.7.1/src/lib.rs --error-format=json --json=diagnostic-rendered-ansi,artifacts,future-incompat --crate-type lib --emit=dep-info,metadata,link -C embed-bitcode=no -C debuginfo=2 --check-cfg 'cfg(docsrs,test)' --check-cfg 'cfg(feature, values())' -C metadata=14aff9d028f2bc03 -C extra-filename=-5add6978f4f0eef5 --out-dir /work/target/debug/deps -L dependency=/work/target/debug/deps --extern form_urlencoded=/work/target/debug/deps/libform_urlencoded-15a074f68b3f9381.rmeta --extern itoa=/work/target/debug/deps/libitoa-da0e5894b0f1e0a5.rmeta --extern ryu=/work/target/debug/deps/libryu-fd20ddf8b64a1db0.rmeta --extern serde=/work/target/debug/deps/libserde-40c2de2881464769.rmeta --cap-lints allow`
[1m[32m   Compiling[0m idna v1.1.0
[1m[32m     Running[0m `/usr/local/rustup/toolchains/1.86.0-aarch64-unknown-linux-gnu/bin/rustc --crate-name idna --edition=2018 /usr/local/cargo/registry/src/index.crates.io-1949cf8c6b5b557f/idna-1.1.0/src/lib.rs --error-format=json --json=diagnostic-rendered-ansi,artifacts,future-incompat --crate-type lib --emit=dep-info,metadata,link -C embed-bitcode=no -C debuginfo=2 --cfg 'feature="alloc"' --cfg 'feature="compiled_data"' --cfg 'feature="std"' --check-cfg 'cfg(docsrs,test)' --check-cfg 'cfg(feature, values("alloc", "compiled_data", "default", "std"))' -C metadata=9db7a8da53726d67 -C extra-filename=-b4a2bfa873f72459 --out-dir /work/target/debug/deps -L dependency=/work/target/debug/deps --extern idna_adapter=/work/target/debug/deps/libidna_adapter-98e2eda4a0cad4f5.rmeta --extern smallvec=/work/target/debug/deps/libsmallvec-4aaa278677b0235a.rmeta --extern utf8_iter=/work/target/debug/deps/libutf8_iter-5aa5bbeedc00feee.rmeta --cap-lints allow`
[1m[32m   Compiling[0m mime_guess v2.0.5
[1m[32m     Running[0m `/usr/local/rustup/toolchains/1.86.0-aarch64-unknown-linux-gnu/bin/rustc --crate-name build_script_build --edition=2015 /usr/local/cargo/registry/src/index.crates.io-1949cf8c6b5b557f/mime_guess-2.0.5/build.rs --error-format=json --json=diagnostic-rendered-ansi,artifacts,future-incompat --crate-type bin --emit=dep-info,link -C embed-bitcode=no --check-cfg 'cfg(docsrs,test)' --check-cfg 'cfg(feature, values("default", "rev-mappings"))' -C metadata=6467d67850f04973 -C extra-filename=-ae1c8b7caf7b7d46 --out-dir /work/target/debug/build/mime_guess-ae1c8b7caf7b7d46 -L dependency=/work/target/debug/deps --extern unicase=/work/target/debug/deps/libunicase-89a04ff7051f2752.rlib --cap-lints allow`
[1m[32m   Compiling[0m md-5 v0.10.6
[1m[32m   Compiling[0m psm v0.1.26
[1m[32m     Running[0m `/usr/local/rustup/toolchains/1.86.0-aarch64-unknown-linux-gnu/bin/rustc --crate-name build_script_build --edition=2021 /usr/local/cargo/registry/src/index.crates.io-1949cf8c6b5b557f/psm-0.1.26/build.rs --error-format=json --json=diagnostic-rendered-ansi,artifacts,future-incompat --crate-type bin --emit=dep-info,link -C embed-bitcode=no --check-cfg 'cfg(docsrs,test)' --check-cfg 'cfg(feature, values())' -C metadata=296ebe0de10f9ee3 -C extra-filename=-93e8c842c5cb1004 --out-dir /work/target/debug/build/psm-93e8c842c5cb1004 -L dependency=/work/target/debug/deps --extern cc=/work/target/debug/deps/libcc-13da0a2c2b32aae7.rlib --cap-lints allow`
[1m[32m     Running[0m `/usr/local/rustup/toolchains/1.86.0-aarch64-unknown-linux-gnu/bin/rustc --crate-name md5 --edition=2018 /usr/local/cargo/registry/src/index.crates.io-1949cf8c6b5b557f/md-5-0.10.6/src/lib.rs --error-format=json --json=diagnostic-rendered-ansi,artifacts,future-incompat --crate-type lib --emit=dep-info,metadata,link -C embed-bitcode=no -C debuginfo=2 --cfg 'feature="default"' --cfg 'feature="std"' --check-cfg 'cfg(docsrs,test)' --check-cfg 'cfg(feature, values("asm", "default", "force-soft", "loongarch64_asm", "md5-asm", "oid", "std"))' -C metadata=c25986d452be8bba -C extra-filename=-0acf50ca0f8c3a3d --out-dir /work/target/debug/deps -L dependency=/work/target/debug/deps --extern cfg_if=/work/target/debug/deps/libcfg_if-3d86f520ef21fd6a.rmeta --extern digest=/work/target/debug/deps/libdigest-d240c95a8ab84e71.rmeta --cap-lints allow`
[1m[32m     Running[0m `/usr/local/rustup/toolchains/1.86.0-aarch64-unknown-linux-gnu/bin/rustc --crate-name thiserror --edition=2021 /usr/local/cargo/registry/src/index.crates.io-1949cf8c6b5b557f/thiserror-2.0.12/src/lib.rs --error-format=json --json=diagnostic-rendered-ansi,artifacts,future-incompat --crate-type lib --emit=dep-info,metadata,link -C embed-bitcode=no -C debuginfo=2 --cfg 'feature="default"' --cfg 'feature="std"' --check-cfg 'cfg(docsrs,test)' --check-cfg 'cfg(feature, values("default", "std"))' -C metadata=582615db0f3614e1 -C extra-filename=-78cc097649a50b84 --out-dir /work/target/debug/deps -L dependency=/work/target/debug/deps --extern thiserror_impl=/work/target/debug/deps/libthiserror_impl-cef27fabc588ccca.so --cap-lints allow --check-cfg 'cfg(error_generic_member_access)' --check-cfg 'cfg(thiserror_nightly_testing)' --check-cfg 'cfg(thiserror_no_backtrace_type)'`
[1m[32m   Compiling[0m miniz_oxide v0.8.8
[1m[32m     Running[0m `/usr/local/rustup/toolchains/1.86.0-aarch64-unknown-linux-gnu/bin/rustc --crate-name miniz_oxide --edition=2021 /usr/local/cargo/registry/src/index.crates.io-1949cf8c6b5b557f/miniz_oxide-0.8.8/src/lib.rs --error-format=json --json=diagnostic-rendered-ansi,artifacts,future-incompat --crate-type lib --emit=dep-info,metadata,link -C embed-bitcode=no -C debuginfo=2 --warn=unexpected_cfgs --check-cfg 'cfg(fuzzing)' --cfg 'feature="default"' --cfg 'feature="with-alloc"' --check-cfg 'cfg(docsrs,test)' --check-cfg 'cfg(feature, values("alloc", "block-boundary", "compiler_builtins", "core", "default", "rustc-dep-of-std", "serde", "simd", "simd-adler32", "std", "with-alloc"))' -C metadata=973985a5b74bd21e -C extra-filename=-06f94ec6dfff3c63 --out-dir /work/target/debug/deps -L dependency=/work/target/debug/deps --extern adler2=/work/target/debug/deps/libadler2-2f81339dd8c32ae6.rmeta --cap-lints allow`
[1m[32m   Compiling[0m rand v0.9.1
[1m[32m     Running[0m `/usr/local/rustup/toolchains/1.86.0-aarch64-unknown-linux-gnu/bin/rustc --crate-name rand --edition=2021 /usr/local/cargo/registry/src/index.crates.io-1949cf8c6b5b557f/rand-0.9.1/src/lib.rs --error-format=json --json=diagnostic-rendered-ansi,artifacts,future-incompat --crate-type lib --emit=dep-info,metadata,link -C embed-bitcode=no -C debuginfo=2 --cfg 'feature="alloc"' --cfg 'feature="default"' --cfg 'feature="os_rng"' --cfg 'feature="small_rng"' --cfg 'feature="std"' --cfg 'feature="std_rng"' --cfg 'feature="thread_rng"' --check-cfg 'cfg(docsrs,test)' --check-cfg 'cfg(feature, values("alloc", "default", "log", "nightly", "os_rng", "serde", "simd_support", "small_rng", "std", "std_rng", "thread_rng", "unbiased"))' -C metadata=80288bfd10177a51 -C extra-filename=-a678609889908172 --out-dir /work/target/debug/deps -L dependency=/work/target/debug/deps --extern rand_chacha=/work/target/debug/deps/librand_chacha-1d211b35ee0678a9.rmeta --extern rand_core=/work/target/debug/deps/librand_core-6e3070bb471df079.rmeta --cap-lints allow`
[1m[32m     Running[0m `/usr/local/rustup/toolchains/1.86.0-aarch64-unknown-linux-gnu/bin/rustc --crate-name num_bigint --edition=2021 /usr/local/cargo/registry/src/index.crates.io-1949cf8c6b5b557f/num-bigint-0.4.6/src/lib.rs --error-format=json --json=diagnostic-rendered-ansi,artifacts,future-incompat --crate-type lib --emit=dep-info,metadata,link -C embed-bitcode=no --cfg 'feature="std"' --check-cfg 'cfg(docsrs,test)' --check-cfg 'cfg(feature, values("arbitrary", "default", "quickcheck", "rand", "serde", "std"))' -C metadata=a3e3b59d41f9cf0b -C extra-filename=-faef904ce1bbccd0 --out-dir /work/target/debug/deps -L dependency=/work/target/debug/deps --extern num_integer=/work/target/debug/deps/libnum_integer-361c2beb5cfc8bda.rmeta --extern num_traits=/work/target/debug/deps/libnum_traits-0c0462975c553d05.rmeta --cap-lints allow`
[1m[32m     Running[0m `/usr/local/rustup/toolchains/1.86.0-aarch64-unknown-linux-gnu/bin/rustc --crate-name regex_automata --edition=2021 /usr/local/cargo/registry/src/index.crates.io-1949cf8c6b5b557f/regex-automata-0.4.9/src/lib.rs --error-format=json --json=diagnostic-rendered-ansi,artifacts,future-incompat --crate-type lib --emit=dep-info,metadata,link -C embed-bitcode=no -C debuginfo=2 --cfg 'feature="alloc"' --cfg 'feature="dfa-onepass"' --cfg 'feature="hybrid"' --cfg 'feature="meta"' --cfg 'feature="nfa-backtrack"' --cfg 'feature="nfa-pikevm"' --cfg 'feature="nfa-thompson"' --cfg 'feature="perf-inline"' --cfg 'feature="perf-literal"' --cfg 'feature="perf-literal-multisubstring"' --cfg 'feature="perf-literal-substring"' --cfg 'feature="std"' --cfg 'feature="syntax"' --cfg 'feature="unicode"' --cfg 'feature="unicode-age"' --cfg 'feature="unicode-bool"' --cfg 'feature="unicode-case"' --cfg 'feature="unicode-gencat"' --cfg 'feature="unicode-perl"' --cfg 'feature="unicode-script"' --cfg 'feature="unicode-segment"' --cfg 'feature="unicode-word-boundary"' --check-cfg 'cfg(docsrs,test)' --check-cfg 'cfg(feature, values("alloc", "default", "dfa", "dfa-build", "dfa-onepass", "dfa-search", "hybrid", "internal-instrument", "internal-instrument-pikevm", "logging", "meta", "nfa", "nfa-backtrack", "nfa-pikevm", "nfa-thompson", "perf", "perf-inline", "perf-literal", "perf-literal-multisubstring", "perf-literal-substring", "std", "syntax", "unicode", "unicode-age", "unicode-bool", "unicode-case", "unicode-gencat", "unicode-perl", "unicode-script", "unicode-segment", "unicode-word-boundary"))' -C metadata=702325f24bb057ea -C extra-filename=-b57cdc8c881edcd8 --out-dir /work/target/debug/deps -L dependency=/work/target/debug/deps --extern aho_corasick=/work/target/debug/deps/libaho_corasick-95067eed765e3382.rmeta --extern memchr=/work/target/debug/deps/libmemchr-43e1c146a71885ce.rmeta --extern regex_syntax=/work/target/debug/deps/libregex_syntax-1e8a369a74e060a6.rmeta --cap-lints allow`
[1m[32m   Compiling[0m async-trait v0.1.89
[1m[32m     Running[0m `/usr/local/rustup/toolchains/1.86.0-aarch64-unknown-linux-gnu/bin/rustc --crate-name async_trait --edition=2021 /usr/local/cargo/registry/src/index.crates.io-1949cf8c6b5b557f/async-trait-0.1.89/src/lib.rs --error-format=json --json=diagnostic-rendered-ansi,artifacts,future-incompat --crate-type proc-macro --emit=dep-info,link -C prefer-dynamic -C embed-bitcode=no --check-cfg 'cfg(docsrs,test)' --check-cfg 'cfg(feature, values())' -C metadata=ca61869e8455daec -C extra-filename=-d0fe424747ac3921 --out-dir /work/target/debug/deps -L dependency=/work/target/debug/deps --extern proc_macro2=/work/target/debug/deps/libproc_macro2-49fdc668fa64569f.rlib --extern quote=/work/target/debug/deps/libquote-38f780051616e59b.rlib --extern syn=/work/target/debug/deps/libsyn-9373f942e3578afe.rlib --extern proc_macro --cap-lints allow`
[1m[32m   Compiling[0m url v2.5.7
[1m[32m     Running[0m `/usr/local/rustup/toolchains/1.86.0-aarch64-unknown-linux-gnu/bin/rustc --crate-name url --edition=2018 /usr/local/cargo/registry/src/index.crates.io-1949cf8c6b5b557f/url-2.5.7/src/lib.rs --error-format=json --json=diagnostic-rendered-ansi,artifacts,future-incompat --crate-type lib --emit=dep-info,metadata,link -C embed-bitcode=no -C debuginfo=2 --cfg 'feature="default"' --cfg 'feature="serde"' --cfg 'feature="std"' --check-cfg 'cfg(docsrs,test)' --check-cfg 'cfg(feature, values("debugger_visualizer", "default", "expose_internals", "serde", "std"))' -C metadata=79ffe2512f37b721 -C extra-filename=-5862d104b722478d --out-dir /work/target/debug/deps -L dependency=/work/target/debug/deps --extern form_urlencoded=/work/target/debug/deps/libform_urlencoded-15a074f68b3f9381.rmeta --extern idna=/work/target/debug/deps/libidna-b4a2bfa873f72459.rmeta --extern percent_encoding=/work/target/debug/deps/libpercent_encoding-68d8dbd3afa04ab5.rmeta --extern serde=/work/target/debug/deps/libserde-40c2de2881464769.rmeta --cap-lints allow`
[1m[32m   Compiling[0m stacker v0.1.21
[1m[32m     Running[0m `/usr/local/rustup/toolchains/1.86.0-aarch64-unknown-linux-gnu/bin/rustc --crate-name build_script_build --edition=2021 /usr/local/cargo/registry/src/index.crates.io-1949cf8c6b5b557f/stacker-0.1.21/build.rs --error-format=json --json=diagnostic-rendered-ansi,artifacts,future-incompat --crate-type bin --emit=dep-info,link -C embed-bitcode=no --check-cfg 'cfg(docsrs,test)' --check-cfg 'cfg(feature, values())' -C metadata=d30bf1aa22092442 -C extra-filename=-f6dda0e2cdb6ea1c --out-dir /work/target/debug/build/stacker-f6dda0e2cdb6ea1c -L dependency=/work/target/debug/deps --extern cc=/work/target/debug/deps/libcc-13da0a2c2b32aae7.rlib --cap-lints allow`
[1m[32m   Compiling[0m zlib-rs v0.5.1
[1m[32m     Running[0m `/usr/local/rustup/toolchains/1.86.0-aarch64-unknown-linux-gnu/bin/rustc --crate-name zlib_rs --edition=2021 /usr/local/cargo/registry/src/index.crates.io-1949cf8c6b5b557f/zlib-rs-0.5.1/src/lib.rs --error-format=json --json=diagnostic-rendered-ansi,artifacts,future-incompat --crate-type lib --emit=dep-info,metadata,link -C embed-bitcode=no -C debuginfo=2 --cfg 'feature="rust-allocator"' --cfg 'feature="std"' --check-cfg 'cfg(docsrs,test)' --check-cfg 'cfg(feature, values("ZLIB_DEBUG", "__internal-fuzz", "__internal-fuzz-disable-checksum", "__internal-test", "arbitrary", "c-allocator", "default", "quickcheck", "rust-allocator", "std"))' -C metadata=cbe7c1be804f765d -C extra-filename=-dbd67fb7a2d61b79 --out-dir /work/target/debug/deps -L dependency=/work/target/debug/deps --cap-lints allow`
[1m[32m   Compiling[0m arrow-select v56.1.0
[1m[32m     Running[0m `/usr/local/rustup/toolchains/1.86.0-aarch64-unknown-linux-gnu/bin/rustc --crate-name arrow_select --edition=2021 /usr/local/cargo/registry/src/index.crates.io-1949cf8c6b5b557f/arrow-select-56.1.0/src/lib.rs --error-format=json --json=diagnostic-rendered-ansi,artifacts,future-incompat --crate-type lib --emit=dep-info,metadata,link -C embed-bitcode=no -C debuginfo=2 --check-cfg 'cfg(docsrs,test)' --check-cfg 'cfg(feature, values())' -C metadata=94566aea32d05005 -C extra-filename=-f8ab4e5979887506 --out-dir /work/target/debug/deps -L dependency=/work/target/debug/deps --extern ahash=/work/target/debug/deps/libahash-c4ca5540cbf09434.rmeta --extern arrow_array=/work/target/debug/deps/libarrow_array-5c51dbbdd5dea3b7.rmeta --extern arrow_buffer=/work/target/debug/deps/libarrow_buffer-760f855f69522381.rmeta --extern arrow_data=/work/target/debug/deps/libarrow_data-c007ed7ec79ae020.rmeta --extern arrow_schema=/work/target/debug/deps/libarrow_schema-93c6cdcbca3cb8f8.rmeta --extern num=/work/target/debug/deps/libnum-0b52a96930e28eb0.rmeta --cap-lints allow`
[1m[32m     Running[0m `/work/target/debug/build/mime_guess-ae1c8b7caf7b7d46/build-script-build`
[1m[32m   Compiling[0m alloc-no-stdlib v2.0.4
[1m[32m     Running[0m `/usr/local/rustup/toolchains/1.86.0-aarch64-unknown-linux-gnu/bin/rustc --crate-name alloc_no_stdlib --edition=2015 /usr/local/cargo/registry/src/index.crates.io-1949cf8c6b5b557f/alloc-no-stdlib-2.0.4/src/lib.rs --error-format=json --json=diagnostic-rendered-ansi,artifacts,future-incompat --crate-type lib --emit=dep-info,metadata,link -C embed-bitcode=no -C debuginfo=2 --check-cfg 'cfg(docsrs,test)' --check-cfg 'cfg(feature, values("unsafe"))' -C metadata=b29b45686da47952 -C extra-filename=-6ef44570f2d0f087 --out-dir /work/target/debug/deps -L dependency=/work/target/debug/deps --cap-lints allow`
[1m[32m   Compiling[0m mime v0.3.17
[1m[32m     Running[0m `/usr/local/rustup/toolchains/1.86.0-aarch64-unknown-linux-gnu/bin/rustc --crate-name mime --edition=2015 /usr/local/cargo/registry/src/index.crates.io-1949cf8c6b5b557f/mime-0.3.17/src/lib.rs --error-format=json --json=diagnostic-rendered-ansi,artifacts,future-incompat --crate-type lib --emit=dep-info,metadata,link -C embed-bitcode=no -C debuginfo=2 --check-cfg 'cfg(docsrs,test)' --check-cfg 'cfg(feature, values())' -C metadata=3e471de0c4ecf7d5 -C extra-filename=-7ef63734cfc9451b --out-dir /work/target/debug/deps -L dependency=/work/target/debug/deps --cap-lints allow`
[1m[32m     Running[0m `/usr/local/rustup/toolchains/1.86.0-aarch64-unknown-linux-gnu/bin/rustc --crate-name num_rational --edition=2021 /usr/local/cargo/registry/src/index.crates.io-1949cf8c6b5b557f/num-rational-0.4.2/src/lib.rs --error-format=json --json=diagnostic-rendered-ansi,artifacts,future-incompat --crate-type lib --emit=dep-info,metadata,link -C embed-bitcode=no -C debuginfo=2 --cfg 'feature="num-bigint"' --cfg 'feature="num-bigint-std"' --cfg 'feature="std"' --check-cfg 'cfg(docsrs,test)' --check-cfg 'cfg(feature, values("default", "num-bigint", "num-bigint-std", "serde", "std"))' -C metadata=2b74da675b860250 -C extra-filename=-459ff10c4b1404a0 --out-dir /work/target/debug/deps -L dependency=/work/target/debug/deps --extern num_bigint=/work/target/debug/deps/libnum_bigint-faef904ce1bbccd0.rmeta --extern num_integer=/work/target/debug/deps/libnum_integer-361c2beb5cfc8bda.rmeta --extern num_traits=/work/target/debug/deps/libnum_traits-0c0462975c553d05.rmeta --cap-lints allow`
[1m[32m     Running[0m `/work/target/debug/build/psm-93e8c842c5cb1004/build-script-build`
[1m[32m     Running[0m `/usr/local/rustup/toolchains/1.86.0-aarch64-unknown-linux-gnu/bin/rustc --crate-name regex --edition=2021 /usr/local/cargo/registry/src/index.crates.io-1949cf8c6b5b557f/regex-1.11.1/src/lib.rs --error-format=json --json=diagnostic-rendered-ansi,artifacts,future-incompat --crate-type lib --emit=dep-info,metadata,link -C embed-bitcode=no -C debuginfo=2 --cfg 'feature="default"' --cfg 'feature="perf"' --cfg 'feature="perf-backtrack"' --cfg 'feature="perf-cache"' --cfg 'feature="perf-dfa"' --cfg 'feature="perf-inline"' --cfg 'feature="perf-literal"' --cfg 'feature="perf-onepass"' --cfg 'feature="std"' --cfg 'feature="unicode"' --cfg 'feature="unicode-age"' --cfg 'feature="unicode-bool"' --cfg 'feature="unicode-case"' --cfg 'feature="unicode-gencat"' --cfg 'feature="unicode-perl"' --cfg 'feature="unicode-script"' --cfg 'feature="unicode-segment"' --check-cfg 'cfg(docsrs,test)' --check-cfg 'cfg(feature, values("default", "logging", "pattern", "perf", "perf-backtrack", "perf-cache", "perf-dfa", "perf-dfa-full", "perf-inline", "perf-literal", "perf-onepass", "std", "unicode", "unicode-age", "unicode-bool", "unicode-case", "unicode-gencat", "unicode-perl", "unicode-script", "unicode-segment", "unstable", "use_std"))' -C metadata=2b70842b3a192f08 -C extra-filename=-e04a0c8a2ff6ee99 --out-dir /work/target/debug/deps -L dependency=/work/target/debug/deps --extern aho_corasick=/work/target/debug/deps/libaho_corasick-95067eed765e3382.rmeta --extern memchr=/work/target/debug/deps/libmemchr-43e1c146a71885ce.rmeta --extern regex_automata=/work/target/debug/deps/libregex_automata-b57cdc8c881edcd8.rmeta --extern regex_syntax=/work/target/debug/deps/libregex_syntax-1e8a369a74e060a6.rmeta --cap-lints allow`
[1m[32m   Compiling[0m alloc-stdlib v0.2.2
[1m[32m     Running[0m `/usr/local/rustup/toolchains/1.86.0-aarch64-unknown-linux-gnu/bin/rustc --crate-name alloc_stdlib --edition=2015 /usr/local/cargo/registry/src/index.crates.io-1949cf8c6b5b557f/alloc-stdlib-0.2.2/src/lib.rs --error-format=json --json=diagnostic-rendered-ansi,artifacts,future-incompat --crate-type lib --emit=dep-info,metadata,link -C embed-bitcode=no -C debuginfo=2 --check-cfg 'cfg(docsrs,test)' --check-cfg 'cfg(feature, values("unsafe"))' -C metadata=b922bac6994bf645 -C extra-filename=-0026f8ddc683add0 --out-dir /work/target/debug/deps -L dependency=/work/target/debug/deps --extern alloc_no_stdlib=/work/target/debug/deps/liballoc_no_stdlib-6ef44570f2d0f087.rmeta --cap-lints allow`
[1m[32m     Running[0m `/usr/local/rustup/toolchains/1.86.0-aarch64-unknown-linux-gnu/bin/rustc --crate-name psm --edition=2021 /usr/local/cargo/registry/src/index.crates.io-1949cf8c6b5b557f/psm-0.1.26/src/lib.rs --error-format=json --json=diagnostic-rendered-ansi,artifacts,future-incompat --crate-type lib --emit=dep-info,metadata,link -C embed-bitcode=no -C debuginfo=2 --check-cfg 'cfg(docsrs,test)' --check-cfg 'cfg(feature, values())' -C metadata=2d09e880af4d64cf -C extra-filename=-e4d94a1d7085304f --out-dir /work/target/debug/deps -L dependency=/work/target/debug/deps --cap-lints allow -L native=/work/target/debug/build/psm-bf4a270ddc91093b/out -l static=psm_s --cfg asm --cfg link_asm --cfg switchable_stack --check-cfg 'cfg(switchable_stack,asm,link_asm)'`
[1m[32m   Compiling[0m arrow-cast v56.1.0
[1m[32m     Running[0m `/usr/local/rustup/toolchains/1.86.0-aarch64-unknown-linux-gnu/bin/rustc --crate-name arrow_cast --edition=2021 /usr/local/cargo/registry/src/index.crates.io-1949cf8c6b5b557f/arrow-cast-56.1.0/src/lib.rs --error-format=json --json=diagnostic-rendered-ansi,artifacts,future-incompat --crate-type lib --emit=dep-info,metadata,link -C embed-bitcode=no -C debuginfo=2 --cfg 'feature="comfy-table"' --cfg 'feature="prettyprint"' --check-cfg 'cfg(docsrs,test)' --check-cfg 'cfg(feature, values("comfy-table", "force_validate", "prettyprint"))' -C metadata=3b94a15c4be1cc1a -C extra-filename=-f75bc310bd86bbb4 --out-dir /work/target/debug/deps -L dependency=/work/target/debug/deps --extern arrow_array=/work/target/debug/deps/libarrow_array-5c51dbbdd5dea3b7.rmeta --extern arrow_buffer=/work/target/debug/deps/libarrow_buffer-760f855f69522381.rmeta --extern arrow_data=/work/target/debug/deps/libarrow_data-c007ed7ec79ae020.rmeta --extern arrow_schema=/work/target/debug/deps/libarrow_schema-93c6cdcbca3cb8f8.rmeta --extern arrow_select=/work/target/debug/deps/libarrow_select-f8ab4e5979887506.rmeta --extern atoi=/work/target/debug/deps/libatoi-a318f52d49aab69b.rmeta --extern base64=/work/target/debug/deps/libbase64-654283100a0b6a3e.rmeta --extern chrono=/work/target/debug/deps/libchrono-85cc897a59e31a52.rmeta --extern comfy_table=/work/target/debug/deps/libcomfy_table-0496356df8c190c7.rmeta --extern half=/work/target/debug/deps/libhalf-a520f488e3de4f67.rmeta --extern lexical_core=/work/target/debug/deps/liblexical_core-3e3d4cff9cdc290c.rmeta --extern num=/work/target/debug/deps/libnum-0b52a96930e28eb0.rmeta --extern ryu=/work/target/debug/deps/libryu-fd20ddf8b64a1db0.rmeta --cap-lints allow`
[1m[32m     Running[0m `/usr/local/rustup/toolchains/1.86.0-aarch64-unknown-linux-gnu/bin/rustc --crate-name mime_guess --edition=2015 /usr/local/cargo/registry/src/index.crates.io-1949cf8c6b5b557f/mime_guess-2.0.5/src/lib.rs --error-format=json --json=diagnostic-rendered-ansi,artifacts,future-incompat --crate-type lib --emit=dep-info,metadata,link -C embed-bitcode=no -C debuginfo=2 --check-cfg 'cfg(docsrs,test)' --check-cfg 'cfg(feature, values("default", "rev-mappings"))' -C metadata=255a9fbec91bf48e -C extra-filename=-3863f1ce6bc4ec74 --out-dir /work/target/debug/deps -L dependency=/work/target/debug/deps --extern mime=/work/target/debug/deps/libmime-7ef63734cfc9451b.rmeta --extern unicase=/work/target/debug/deps/libunicase-89a04ff7051f2752.rmeta --cap-lints allow`
[1m[32m     Running[0m `/usr/local/rustup/toolchains/1.86.0-aarch64-unknown-linux-gnu/bin/rustc --crate-name num_iter --edition=2018 /usr/local/cargo/registry/src/index.crates.io-1949cf8c6b5b557f/num-iter-0.1.45/src/lib.rs --error-format=json --json=diagnostic-rendered-ansi,artifacts,future-incompat --crate-type lib --emit=dep-info,metadata,link -C embed-bitcode=no -C debuginfo=2 --cfg 'feature="i128"' --cfg 'feature="std"' --check-cfg 'cfg(docsrs,test)' --check-cfg 'cfg(feature, values("default", "i128", "std"))' -C metadata=1208ef5332cc7eb4 -C extra-filename=-ad07a95ec1f3e7a6 --out-dir /work/target/debug/deps -L dependency=/work/target/debug/deps --extern num_integer=/work/target/debug/deps/libnum_integer-361c2beb5cfc8bda.rmeta --extern num_traits=/work/target/debug/deps/libnum_traits-0c0462975c553d05.rmeta --cap-lints allow`
[1m[32m   Compiling[0m futures v0.3.31
[1m[32m     Running[0m `/usr/local/rustup/toolchains/1.86.0-aarch64-unknown-linux-gnu/bin/rustc --crate-name futures --edition=2018 /usr/local/cargo/registry/src/index.crates.io-1949cf8c6b5b557f/futures-0.3.31/src/lib.rs --error-format=json --json=diagnostic-rendered-ansi,artifacts,future-incompat --crate-type lib --emit=dep-info,metadata,link -C embed-bitcode=no -C debuginfo=2 --warn=unreachable_pub --warn=unexpected_cfgs --warn=single_use_lifetimes --warn=rust_2018_idioms --warn=missing_debug_implementations --check-cfg 'cfg(futures_sanitizer)' --cfg 'feature="alloc"' --cfg 'feature="async-await"' --cfg 'feature="default"' --cfg 'feature="executor"' --cfg 'feature="futures-executor"' --cfg 'feature="std"' --check-cfg 'cfg(docsrs,test)' --check-cfg 'cfg(feature, values("alloc", "async-await", "bilock", "cfg-target-has-atomic", "compat", "default", "executor", "futures-executor", "io-compat", "std", "thread-pool", "unstable", "write-all-vectored"))' -C metadata=435881f9702b87a9 -C extra-filename=-ac7c7da181c731af --out-dir /work/target/debug/deps -L dependency=/work/target/debug/deps --extern futures_channel=/work/target/debug/deps/libfutures_channel-88df6a0f03d53ee4.rmeta --extern futures_core=/work/target/debug/deps/libfutures_core-2a3a0b2e17309ffd.rmeta --extern futures_executor=/work/target/debug/deps/libfutures_executor-4e4704f512f9cb01.rmeta --extern futures_io=/work/target/debug/deps/libfutures_io-79e971d42e88061a.rmeta --extern futures_sink=/work/target/debug/deps/libfutures_sink-06a4bc4e92cdd000.rmeta --extern futures_task=/work/target/debug/deps/libfutures_task-28cf6c7d15f75dd5.rmeta --extern futures_util=/work/target/debug/deps/libfutures_util-7d4e9e33dc8645e2.rmeta --cap-lints allow`
[1m[32m   Compiling[0m libz-rs-sys v0.5.1
[1m[32m     Running[0m `/usr/local/rustup/toolchains/1.86.0-aarch64-unknown-linux-gnu/bin/rustc --crate-name libz_rs_sys --edition=2021 /usr/local/cargo/registry/src/index.crates.io-1949cf8c6b5b557f/libz-rs-sys-0.5.1/src/lib.rs --error-format=json --json=diagnostic-rendered-ansi,artifacts,future-incompat --crate-type lib --emit=dep-info,metadata,link -C embed-bitcode=no -C debuginfo=2 --cfg 'feature="rust-allocator"' --cfg 'feature="std"' --check-cfg 'cfg(docsrs,test)' --check-cfg 'cfg(feature, values("c-allocator", "custom-prefix", "default", "export-symbols", "rust-allocator", "semver-prefix", "std", "testing-prefix"))' -C metadata=a5db0160763159d9 -C extra-filename=-ac6f6859dcb49a96 --out-dir /work/target/debug/deps -L dependency=/work/target/debug/deps --extern zlib_rs=/work/target/debug/deps/libzlib_rs-dbd67fb7a2d61b79.rmeta --cap-lints allow`
[1m[32m     Running[0m `/usr/local/rustup/toolchains/1.86.0-aarch64-unknown-linux-gnu/bin/rustc --crate-name flatbuffers --edition=2018 /usr/local/cargo/registry/src/index.crates.io-1949cf8c6b5b557f/flatbuffers-25.2.10/src/lib.rs --error-format=json --json=diagnostic-rendered-ansi,artifacts,future-incompat --crate-type lib --emit=dep-info,metadata,link -C embed-bitcode=no -C debuginfo=2 --check-cfg 'cfg(docsrs,test)' --check-cfg 'cfg(feature, values("default", "serde", "serialize", "std"))' -C metadata=28436c541fffca5d -C extra-filename=-5eb5ae9fdda5378d --out-dir /work/target/debug/deps -L dependency=/work/target/debug/deps --extern bitflags=/work/target/debug/deps/libbitflags-e43ce81c7956362b.rmeta --cap-lints allow`
[1m[32m   Compiling[0m itertools v0.14.0
[1m[32m     Running[0m `/usr/local/rustup/toolchains/1.86.0-aarch64-unknown-linux-gnu/bin/rustc --crate-name itertools --edition=2018 /usr/local/cargo/registry/src/index.crates.io-1949cf8c6b5b557f/itertools-0.14.0/src/lib.rs --error-format=json --json=diagnostic-rendered-ansi,artifacts,future-incompat --crate-type lib --emit=dep-info,metadata,link -C embed-bitcode=no -C debuginfo=2 --cfg 'feature="default"' --cfg 'feature="use_alloc"' --cfg 'feature="use_std"' --check-cfg 'cfg(docsrs,test)' --check-cfg 'cfg(feature, values("default", "use_alloc", "use_std"))' -C metadata=3ffbedc9a256749d -C extra-filename=-b9229d5e770bb0a9 --out-dir /work/target/debug/deps -L dependency=/work/target/debug/deps --extern either=/work/target/debug/deps/libeither-562436f9042728fb.rmeta --cap-lints allow`
[1m[32m     Running[0m `/work/target/debug/build/stacker-f6dda0e2cdb6ea1c/build-script-build`
[1m[32m   Compiling[0m rustls-pemfile v2.2.0
[1m[32m     Running[0m `/usr/local/rustup/toolchains/1.86.0-aarch64-unknown-linux-gnu/bin/rustc --crate-name rustls_pemfile --edition=2018 /usr/local/cargo/registry/src/index.crates.io-1949cf8c6b5b557f/rustls-pemfile-2.2.0/src/lib.rs --error-format=json --json=diagnostic-rendered-ansi,artifacts,future-incompat --crate-type lib --emit=dep-info,metadata,link -C embed-bitcode=no -C debuginfo=2 --cfg 'feature="default"' --cfg 'feature="std"' --check-cfg 'cfg(docsrs,test)' --check-cfg 'cfg(feature, values("default", "std"))' -C metadata=3d00e126017d0dff -C extra-filename=-772cadf63d52bb14 --out-dir /work/target/debug/deps -L dependency=/work/target/debug/deps --extern pki_types=/work/target/debug/deps/librustls_pki_types-c8edff32b96bb94f.rmeta --cap-lints allow`
[1m[32m   Compiling[0m crc32fast v1.4.2
[1m[32m     Running[0m `/usr/local/rustup/toolchains/1.86.0-aarch64-unknown-linux-gnu/bin/rustc --crate-name crc32fast --edition=2015 /usr/local/cargo/registry/src/index.crates.io-1949cf8c6b5b557f/crc32fast-1.4.2/src/lib.rs --error-format=json --json=diagnostic-rendered-ansi,artifacts,future-incompat --crate-type lib --emit=dep-info,metadata,link -C embed-bitcode=no -C debuginfo=2 --cfg 'feature="default"' --cfg 'feature="std"' --check-cfg 'cfg(docsrs,test)' --check-cfg 'cfg(feature, values("default", "nightly", "std"))' -C metadata=767efc15345222b7 -C extra-filename=-d99b086d786de145 --out-dir /work/target/debug/deps -L dependency=/work/target/debug/deps --extern cfg_if=/work/target/debug/deps/libcfg_if-3d86f520ef21fd6a.rmeta --cap-lints allow`
[1m[32m   Compiling[0m ipnet v2.11.0
[1m[32m   Compiling[0m snap v1.1.1
[1m[32m     Running[0m `/usr/local/rustup/toolchains/1.86.0-aarch64-unknown-linux-gnu/bin/rustc --crate-name build_script_build --edition=2018 /usr/local/cargo/registry/src/index.crates.io-1949cf8c6b5b557f/snap-1.1.1/build.rs --error-format=json --json=diagnostic-rendered-ansi,artifacts,future-incompat --crate-type bin --emit=dep-info,link -C embed-bitcode=no --check-cfg 'cfg(docsrs,test)' --check-cfg 'cfg(feature, values())' -C metadata=e1ef56dd6c398742 -C extra-filename=-6c2f310d731cdc93 --out-dir /work/target/debug/build/snap-6c2f310d731cdc93 -L dependency=/work/target/debug/deps --cap-lints allow`
[1m[32m     Running[0m `/usr/local/rustup/toolchains/1.86.0-aarch64-unknown-linux-gnu/bin/rustc --crate-name ipnet --edition=2018 /usr/local/cargo/registry/src/index.crates.io-1949cf8c6b5b557f/ipnet-2.11.0/src/lib.rs --error-format=json --json=diagnostic-rendered-ansi,artifacts,future-incompat --crate-type lib --emit=dep-info,metadata,link -C embed-bitcode=no -C debuginfo=2 --cfg 'feature="default"' --cfg 'feature="std"' --check-cfg 'cfg(docsrs,test)' --check-cfg 'cfg(feature, values("default", "heapless", "json", "schemars", "ser_as_str", "serde", "std"))' -C metadata=bc97106441a96421 -C extra-filename=-b78ef1f5d8ab3c91 --out-dir /work/target/debug/deps -L dependency=/work/target/debug/deps --cap-lints allow`
[1m[32m   Compiling[0m same-file v1.0.6
[1m[32m     Running[0m `/usr/local/rustup/toolchains/1.86.0-aarch64-unknown-linux-gnu/bin/rustc --crate-name same_file --edition=2018 /usr/local/cargo/registry/src/index.crates.io-1949cf8c6b5b557f/same-file-1.0.6/src/lib.rs --error-format=json --json=diagnostic-rendered-ansi,artifacts,future-incompat --crate-type lib --emit=dep-info,metadata,link -C embed-bitcode=no -C debuginfo=2 --check-cfg 'cfg(docsrs,test)' --check-cfg 'cfg(feature, values())' -C metadata=b7ce8bf93e8c7e8b -C extra-filename=-398ab7d66265abe7 --out-dir /work/target/debug/deps -L dependency=/work/target/debug/deps --cap-lints allow`
[1m[32m     Running[0m `/usr/local/rustup/toolchains/1.86.0-aarch64-unknown-linux-gnu/bin/rustc --crate-name num --edition=2021 /usr/local/cargo/registry/src/index.crates.io-1949cf8c6b5b557f/num-0.4.3/src/lib.rs --error-format=json --json=diagnostic-rendered-ansi,artifacts,future-incompat --crate-type lib --emit=dep-info,metadata,link -C embed-bitcode=no -C debuginfo=2 --cfg 'feature="num-bigint"' --cfg 'feature="std"' --check-cfg 'cfg(docsrs,test)' --check-cfg 'cfg(feature, values("alloc", "default", "libm", "num-bigint", "rand", "serde", "std"))' -C metadata=cb0232fb1b8a5108 -C extra-filename=-720ced6965ceef83 --out-dir /work/target/debug/deps -L dependency=/work/target/debug/deps --extern num_bigint=/work/target/debug/deps/libnum_bigint-faef904ce1bbccd0.rmeta --extern num_complex=/work/target/debug/deps/libnum_complex-a938b0f1221b891d.rmeta --extern num_integer=/work/target/debug/deps/libnum_integer-361c2beb5cfc8bda.rmeta --extern num_iter=/work/target/debug/deps/libnum_iter-ad07a95ec1f3e7a6.rmeta --extern num_rational=/work/target/debug/deps/libnum_rational-459ff10c4b1404a0.rmeta --extern num_traits=/work/target/debug/deps/libnum_traits-0c0462975c553d05.rmeta --cap-lints allow`
[1m[32m     Running[0m `/usr/local/rustup/toolchains/1.86.0-aarch64-unknown-linux-gnu/bin/rustc --crate-name stacker --edition=2021 /usr/local/cargo/registry/src/index.crates.io-1949cf8c6b5b557f/stacker-0.1.21/src/lib.rs --error-format=json --json=diagnostic-rendered-ansi,artifacts,future-incompat --crate-type lib --emit=dep-info,metadata,link -C embed-bitcode=no -C debuginfo=2 --check-cfg 'cfg(docsrs,test)' --check-cfg 'cfg(feature, values())' -C metadata=8a665c1ddbfbdfe2 -C extra-filename=-cffba6ffb8c7e1e0 --out-dir /work/target/debug/deps -L dependency=/work/target/debug/deps --extern cfg_if=/work/target/debug/deps/libcfg_if-3d86f520ef21fd6a.rmeta --extern libc=/work/target/debug/deps/liblibc-33634091ba1aaaf5.rmeta --extern psm=/work/target/debug/deps/libpsm-e4d94a1d7085304f.rmeta --cap-lints allow -L native=/work/target/debug/build/psm-bf4a270ddc91093b/out`
[1m[32m   Compiling[0m brotli-decompressor v5.0.0
[1m[32m     Running[0m `/usr/local/rustup/toolchains/1.86.0-aarch64-unknown-linux-gnu/bin/rustc --crate-name brotli_decompressor --edition=2015 /usr/local/cargo/registry/src/index.crates.io-1949cf8c6b5b557f/brotli-decompressor-5.0.0/src/lib.rs --error-format=json --json=diagnostic-rendered-ansi,artifacts,future-incompat --crate-type lib --emit=dep-info,metadata,link -C embed-bitcode=no -C debuginfo=2 --cfg 'feature="alloc-stdlib"' --cfg 'feature="std"' --check-cfg 'cfg(docsrs,test)' --check-cfg 'cfg(feature, values("alloc-stdlib", "benchmark", "default", "disable-timer", "ffi-api", "pass-through-ffi-panics", "seccomp", "std", "unsafe"))' -C metadata=51c7e35307ced887 -C extra-filename=-b864d2cc835436c8 --out-dir /work/target/debug/deps -L dependency=/work/target/debug/deps --extern alloc_no_stdlib=/work/target/debug/deps/liballoc_no_stdlib-6ef44570f2d0f087.rmeta --extern alloc_stdlib=/work/target/debug/deps/liballoc_stdlib-0026f8ddc683add0.rmeta --cap-lints allow`
[1m[32m   Compiling[0m csv v1.3.1
[1m[32m     Running[0m `/usr/local/rustup/toolchains/1.86.0-aarch64-unknown-linux-gnu/bin/rustc --crate-name csv --edition=2021 /usr/local/cargo/registry/src/index.crates.io-1949cf8c6b5b557f/csv-1.3.1/src/lib.rs --error-format=json --json=diagnostic-rendered-ansi,artifacts,future-incompat --crate-type lib --emit=dep-info,metadata,link -C embed-bitcode=no -C debuginfo=2 --check-cfg 'cfg(docsrs,test)' --check-cfg 'cfg(feature, values())' -C metadata=bdcfd61f4e114090 -C extra-filename=-cff7551305684edf --out-dir /work/target/debug/deps -L dependency=/work/target/debug/deps --extern csv_core=/work/target/debug/deps/libcsv_core-3fb1a9b7acb9c599.rmeta --extern itoa=/work/target/debug/deps/libitoa-da0e5894b0f1e0a5.rmeta --extern ryu=/work/target/debug/deps/libryu-fd20ddf8b64a1db0.rmeta --extern serde=/work/target/debug/deps/libserde-40c2de2881464769.rmeta --cap-lints allow`
[1m[32m   Compiling[0m flate2 v1.1.2
[1m[32m     Running[0m `/usr/local/rustup/toolchains/1.86.0-aarch64-unknown-linux-gnu/bin/rustc --crate-name flate2 --edition=2018 /usr/local/cargo/registry/src/index.crates.io-1949cf8c6b5b557f/flate2-1.1.2/src/lib.rs --error-format=json --json=diagnostic-rendered-ansi,artifacts,future-incompat --crate-type lib --emit=dep-info,metadata,link -C embed-bitcode=no -C debuginfo=2 --cfg 'feature="any_impl"' --cfg 'feature="any_zlib"' --cfg 'feature="default"' --cfg 'feature="libz-rs-sys"' --cfg 'feature="miniz_oxide"' --cfg 'feature="rust_backend"' --cfg 'feature="zlib-rs"' --check-cfg 'cfg(docsrs,test)' --check-cfg 'cfg(feature, values("any_impl", "any_zlib", "cloudflare-zlib-sys", "cloudflare_zlib", "default", "libz-ng-sys", "libz-rs-sys", "libz-sys", "miniz-sys", "miniz_oxide", "rust_backend", "zlib", "zlib-default", "zlib-ng", "zlib-ng-compat", "zlib-rs"))' -C metadata=12bc8db6199e0cc9 -C extra-filename=-02f8980a443a4331 --out-dir /work/target/debug/deps -L dependency=/work/target/debug/deps --extern crc32fast=/work/target/debug/deps/libcrc32fast-d99b086d786de145.rmeta --extern libz_rs_sys=/work/target/debug/deps/liblibz_rs_sys-ac6f6859dcb49a96.rmeta --extern miniz_oxide=/work/target/debug/deps/libminiz_oxide-06f94ec6dfff3c63.rmeta --cap-lints allow`
[1m[32m   Compiling[0m quick-xml v0.38.0
[1m[32m     Running[0m `/usr/local/rustup/toolchains/1.86.0-aarch64-unknown-linux-gnu/bin/rustc --crate-name quick_xml --edition=2021 /usr/local/cargo/registry/src/index.crates.io-1949cf8c6b5b557f/quick-xml-0.38.0/src/lib.rs --error-format=json --json=diagnostic-rendered-ansi,artifacts,future-incompat --crate-type lib --emit=dep-info,metadata,link -C embed-bitcode=no -C debuginfo=2 --cfg 'feature="default"' --cfg 'feature="overlapped-lists"' --cfg 'feature="serde"' --cfg 'feature="serialize"' --check-cfg 'cfg(docsrs,test)' --check-cfg 'cfg(feature, values("arbitrary", "async-tokio", "default", "document-features", "encoding", "encoding_rs", "escape-html", "overlapped-lists", "serde", "serde-types", "serialize", "tokio"))' -C metadata=d8aafd4e6d10c1b4 -C extra-filename=-73795949516f9a73 --out-dir /work/target/debug/deps -L dependency=/work/target/debug/deps --extern memchr=/work/target/debug/deps/libmemchr-43e1c146a71885ce.rmeta --extern serde=/work/target/debug/deps/libserde-40c2de2881464769.rmeta --cap-lints allow`
[1m[32m   Compiling[0m walkdir v2.5.0
[1m[32m     Running[0m `/usr/local/rustup/toolchains/1.86.0-aarch64-unknown-linux-gnu/bin/rustc --crate-name walkdir --edition=2018 /usr/local/cargo/registry/src/index.crates.io-1949cf8c6b5b557f/walkdir-2.5.0/src/lib.rs --error-format=json --json=diagnostic-rendered-ansi,artifacts,future-incompat --crate-type lib --emit=dep-info,metadata,link -C embed-bitcode=no -C debuginfo=2 --check-cfg 'cfg(docsrs,test)' --check-cfg 'cfg(feature, values())' -C metadata=20e72e182b30ae01 -C extra-filename=-9537dece5334bb64 --out-dir /work/target/debug/deps -L dependency=/work/target/debug/deps --extern same_file=/work/target/debug/deps/libsame_file-398ab7d66265abe7.rmeta --cap-lints allow`
[1m[32m   Compiling[0m recursive-proc-macro-impl v0.1.1
[1m[32m     Running[0m `/usr/local/rustup/toolchains/1.86.0-aarch64-unknown-linux-gnu/bin/rustc --crate-name recursive_proc_macro_impl --edition=2021 /usr/local/cargo/registry/src/index.crates.io-1949cf8c6b5b557f/recursive-proc-macro-impl-0.1.1/src/lib.rs --error-format=json --json=diagnostic-rendered-ansi,artifacts,future-incompat --crate-type proc-macro --emit=dep-info,link -C prefer-dynamic -C embed-bitcode=no --check-cfg 'cfg(docsrs,test)' --check-cfg 'cfg(feature, values())' -C metadata=9c156699ed021d91 -C extra-filename=-bf8f3e5af060c13b --out-dir /work/target/debug/deps -L dependency=/work/target/debug/deps --extern quote=/work/target/debug/deps/libquote-38f780051616e59b.rlib --extern syn=/work/target/debug/deps/libsyn-9373f942e3578afe.rlib --extern proc_macro --cap-lints allow`
[1m[32m   Compiling[0m ordered-float v2.10.1
[1m[32m     Running[0m `/usr/local/rustup/toolchains/1.86.0-aarch64-unknown-linux-gnu/bin/rustc --crate-name ordered_float --edition=2018 /usr/local/cargo/registry/src/index.crates.io-1949cf8c6b5b557f/ordered-float-2.10.1/src/lib.rs --error-format=json --json=diagnostic-rendered-ansi,artifacts,future-incompat --crate-type lib --emit=dep-info,metadata,link -C embed-bitcode=no -C debuginfo=2 --cfg 'feature="default"' --cfg 'feature="std"' --check-cfg 'cfg(docsrs,test)' --check-cfg 'cfg(feature, values("arbitrary", "default", "proptest", "rand", "randtest", "rkyv", "schemars", "serde", "std"))' -C metadata=5f8d3ecd8fc69afe -C extra-filename=-6176f7a81d9a317b --out-dir /work/target/debug/deps -L dependency=/work/target/debug/deps --extern num_traits=/work/target/debug/deps/libnum_traits-0c0462975c553d05.rmeta --cap-lints allow`
[1m[32m     Running[0m `/usr/local/rustup/toolchains/1.86.0-aarch64-unknown-linux-gnu/bin/rustc --crate-name getrandom --edition=2018 /usr/local/cargo/registry/src/index.crates.io-1949cf8c6b5b557f/getrandom-0.2.16/src/lib.rs --error-format=json --json=diagnostic-rendered-ansi,artifacts,future-incompat --crate-type lib --emit=dep-info,metadata,link -C embed-bitcode=no --check-cfg 'cfg(docsrs,test)' --check-cfg 'cfg(feature, values("compiler_builtins", "core", "custom", "js", "js-sys", "linux_disable_fallback", "rdrand", "rustc-dep-of-std", "std", "test-in-browser", "wasm-bindgen"))' -C metadata=052a6826b3422c44 -C extra-filename=-b5d00fb2a788c335 --out-dir /work/target/debug/deps -L dependency=/work/target/debug/deps --extern cfg_if=/work/target/debug/deps/libcfg_if-3d86f520ef21fd6a.rmeta --extern libc=/work/target/debug/deps/liblibc-33634091ba1aaaf5.rmeta --cap-lints allow`
[1m[32m     Running[0m `/work/target/debug/build/snap-6c2f310d731cdc93/build-script-build`
[1m[32m     Running[0m `/usr/local/rustup/toolchains/1.86.0-aarch64-unknown-linux-gnu/bin/rustc --crate-name once_cell --edition=2021 /usr/local/cargo/registry/src/index.crates.io-1949cf8c6b5b557f/once_cell-1.21.3/src/lib.rs --error-format=json --json=diagnostic-rendered-ansi,artifacts,future-incompat --crate-type lib --emit=dep-info,metadata,link -C embed-bitcode=no --cfg 'feature="alloc"' --cfg 'feature="race"' --check-cfg 'cfg(docsrs,test)' --check-cfg 'cfg(feature, values("alloc", "atomic-polyfill", "critical-section", "default", "parking_lot", "portable-atomic", "race", "std", "unstable"))' -C metadata=1596d875167643ec -C extra-filename=-d582996c9a241b6b --out-dir /work/target/debug/deps -L dependency=/work/target/debug/deps --cap-lints allow`
[1m[32m   Compiling[0m integer-encoding v3.0.4
[1m[32m     Running[0m `/usr/local/rustup/toolchains/1.86.0-aarch64-unknown-linux-gnu/bin/rustc --crate-name integer_encoding --edition=2018 /usr/local/cargo/registry/src/index.crates.io-1949cf8c6b5b557f/integer-encoding-3.0.4/src/lib.rs --error-format=json --json=diagnostic-rendered-ansi,artifacts,future-incompat --crate-type lib --emit=dep-info,metadata,link -C embed-bitcode=no -C debuginfo=2 --check-cfg 'cfg(docsrs,test)' --check-cfg 'cfg(feature, values("async-trait", "futures-util", "futures_async", "tokio", "tokio_async"))' -C metadata=191520c07eb457d9 -C extra-filename=-a3e43144135fec03 --out-dir /work/target/debug/deps -L dependency=/work/target/debug/deps --cap-lints allow`
[1m[32m   Compiling[0m humantime v2.2.0
[1m[32m     Running[0m `/usr/local/rustup/toolchains/1.86.0-aarch64-unknown-linux-gnu/bin/rustc --crate-name humantime --edition=2021 /usr/local/cargo/registry/src/index.crates.io-1949cf8c6b5b557f/humantime-2.2.0/src/lib.rs --error-format=json --json=diagnostic-rendered-ansi,artifacts,future-incompat --crate-type lib --emit=dep-info,metadata,link -C embed-bitcode=no -C debuginfo=2 --check-cfg 'cfg(docsrs,test)' --check-cfg 'cfg(feature, values())' -C metadata=94e2ea855798572b -C extra-filename=-07fd1db124b56527 --out-dir /work/target/debug/deps -L dependency=/work/target/debug/deps --cap-lints allow`
[1m[32m   Compiling[0m brotli v8.0.1
[1m[32m     Running[0m `/usr/local/rustup/toolchains/1.86.0-aarch64-unknown-linux-gnu/bin/rustc --crate-name brotli --edition=2015 /usr/local/cargo/registry/src/index.crates.io-1949cf8c6b5b557f/brotli-8.0.1/src/lib.rs --error-format=json --json=diagnostic-rendered-ansi,artifacts,future-incompat --crate-type lib --emit=dep-info,metadata,link -C embed-bitcode=no -C debuginfo=2 --cfg 'feature="alloc-stdlib"' --cfg 'feature="std"' --check-cfg 'cfg(docsrs,test)' --check-cfg 'cfg(feature, values("alloc-stdlib", "benchmark", "billing", "default", "disable-timer", "disallow_large_window_size", "external-literal-probability", "ffi-api", "float64", "floating_point_context_mixing", "no-stdlib-ffi-binding", "pass-through-ffi-panics", "seccomp", "sha2", "simd", "std", "validation", "vector_scratch_space"))' -C metadata=3a4119453ec025ef -C extra-filename=-70871d86a84b1f8f --out-dir /work/target/debug/deps -L dependency=/work/target/debug/deps --extern alloc_no_stdlib=/work/target/debug/deps/liballoc_no_stdlib-6ef44570f2d0f087.rmeta --extern alloc_stdlib=/work/target/debug/deps/liballoc_stdlib-0026f8ddc683add0.rmeta --extern brotli_decompressor=/work/target/debug/deps/libbrotli_decompressor-b864d2cc835436c8.rmeta --cap-lints allow`
[1m[32m   Compiling[0m arrow-csv v56.1.0
[1m[32m     Running[0m `/usr/local/rustup/toolchains/1.86.0-aarch64-unknown-linux-gnu/bin/rustc --crate-name arrow_csv --edition=2021 /usr/local/cargo/registry/src/index.crates.io-1949cf8c6b5b557f/arrow-csv-56.1.0/src/lib.rs --error-format=json --json=diagnostic-rendered-ansi,artifacts,future-incompat --crate-type lib --emit=dep-info,metadata,link -C embed-bitcode=no -C debuginfo=2 --check-cfg 'cfg(docsrs,test)' --check-cfg 'cfg(feature, values())' -C metadata=4bf0d4439db9ce4f -C extra-filename=-65949dbbe38d0af1 --out-dir /work/target/debug/deps -L dependency=/work/target/debug/deps --extern arrow_array=/work/target/debug/deps/libarrow_array-5c51dbbdd5dea3b7.rmeta --extern arrow_cast=/work/target/debug/deps/libarrow_cast-f75bc310bd86bbb4.rmeta --extern arrow_schema=/work/target/debug/deps/libarrow_schema-93c6cdcbca3cb8f8.rmeta --extern chrono=/work/target/debug/deps/libchrono-85cc897a59e31a52.rmeta --extern csv=/work/target/debug/deps/libcsv-cff7551305684edf.rmeta --extern csv_core=/work/target/debug/deps/libcsv_core-3fb1a9b7acb9c599.rmeta --extern regex=/work/target/debug/deps/libregex-e04a0c8a2ff6ee99.rmeta --cap-lints allow`
[1m[32m     Running[0m `/usr/local/rustup/toolchains/1.86.0-aarch64-unknown-linux-gnu/bin/rustc --crate-name snap --edition=2018 /usr/local/cargo/registry/src/index.crates.io-1949cf8c6b5b557f/snap-1.1.1/src/lib.rs --error-format=json --json=diagnostic-rendered-ansi,artifacts,future-incompat --crate-type lib --emit=dep-info,metadata,link -C embed-bitcode=no -C debuginfo=2 --check-cfg 'cfg(docsrs,test)' --check-cfg 'cfg(feature, values())' -C metadata=4df651e7a8b8973c -C extra-filename=-49d1b02e94347fdf --out-dir /work/target/debug/deps -L dependency=/work/target/debug/deps --cap-lints allow`
[1m[32m     Running[0m `/usr/local/rustup/toolchains/1.86.0-aarch64-unknown-linux-gnu/bin/rustc --crate-name arrow_buffer --edition=2021 /usr/local/cargo/registry/src/index.crates.io-1949cf8c6b5b557f/arrow-buffer-56.1.0/src/lib.rs --error-format=json --json=diagnostic-rendered-ansi,artifacts,future-incompat --crate-type lib --emit=dep-info,metadata,link -C embed-bitcode=no -C debuginfo=2 --check-cfg 'cfg(docsrs,test)' --check-cfg 'cfg(feature, values("pool"))' -C metadata=1b31d0df1111896f -C extra-filename=-27378a855af0ebf1 --out-dir /work/target/debug/deps -L dependency=/work/target/debug/deps --extern bytes=/work/target/debug/deps/libbytes-b7f26ff2edee4da7.rmeta --extern half=/work/target/debug/deps/libhalf-a520f488e3de4f67.rmeta --extern num=/work/target/debug/deps/libnum-720ced6965ceef83.rmeta --cap-lints allow`
[1m[32m     Running[0m `/usr/local/rustup/toolchains/1.86.0-aarch64-unknown-linux-gnu/bin/rustc --crate-name ahash --edition=2018 /usr/local/cargo/registry/src/index.crates.io-1949cf8c6b5b557f/ahash-0.8.11/src/lib.rs --error-format=json --json=diagnostic-rendered-ansi,artifacts,future-incompat --crate-type lib --emit=dep-info,metadata,link -C embed-bitcode=no -C debuginfo=2 --cfg 'feature="getrandom"' --cfg 'feature="runtime-rng"' --check-cfg 'cfg(docsrs,test)' --check-cfg 'cfg(feature, values("atomic-polyfill", "compile-time-rng", "const-random", "default", "getrandom", "nightly-arm-aes", "no-rng", "runtime-rng", "serde", "std"))' -C metadata=573238de5f9910db -C extra-filename=-75d3b4e597d9842a --out-dir /work/target/debug/deps -L dependency=/work/target/debug/deps --extern cfg_if=/work/target/debug/deps/libcfg_if-3d86f520ef21fd6a.rmeta --extern getrandom=/work/target/debug/deps/libgetrandom-b5d00fb2a788c335.rmeta --extern once_cell=/work/target/debug/deps/libonce_cell-d582996c9a241b6b.rmeta --extern zerocopy=/work/target/debug/deps/libzerocopy-95928029d98453da.rmeta --cap-lints allow --cfg 'feature="folded_multiply"'`
[1m[32m   Compiling[0m arrow-json v56.1.0
[1m[32m     Running[0m `/usr/local/rustup/toolchains/1.86.0-aarch64-unknown-linux-gnu/bin/rustc --crate-name arrow_json --edition=2021 /usr/local/cargo/registry/src/index.crates.io-1949cf8c6b5b557f/arrow-json-56.1.0/src/lib.rs --error-format=json --json=diagnostic-rendered-ansi,artifacts,future-incompat --crate-type lib --emit=dep-info,metadata,link -C embed-bitcode=no -C debuginfo=2 --check-cfg 'cfg(docsrs,test)' --check-cfg 'cfg(feature, values())' -C metadata=8188c32ff2775229 -C extra-filename=-ec54ef73a02cc60f --out-dir /work/target/debug/deps -L dependency=/work/target/debug/deps --extern arrow_array=/work/target/debug/deps/libarrow_array-5c51dbbdd5dea3b7.rmeta --extern arrow_buffer=/work/target/debug/deps/libarrow_buffer-760f855f69522381.rmeta --extern arrow_cast=/work/target/debug/deps/libarrow_cast-f75bc310bd86bbb4.rmeta --extern arrow_data=/work/target/debug/deps/libarrow_data-c007ed7ec79ae020.rmeta --extern arrow_schema=/work/target/debug/deps/libarrow_schema-93c6cdcbca3cb8f8.rmeta --extern chrono=/work/target/debug/deps/libchrono-85cc897a59e31a52.rmeta --extern half=/work/target/debug/deps/libhalf-a520f488e3de4f67.rmeta --extern indexmap=/work/target/debug/deps/libindexmap-9a85cd7b101e1bbc.rmeta --extern lexical_core=/work/target/debug/deps/liblexical_core-3e3d4cff9cdc290c.rmeta --extern memchr=/work/target/debug/deps/libmemchr-43e1c146a71885ce.rmeta --extern num=/work/target/debug/deps/libnum-0b52a96930e28eb0.rmeta --extern serde=/work/target/debug/deps/libserde-40c2de2881464769.rmeta --extern serde_json=/work/target/debug/deps/libserde_json-0c1b94d84eed19db.rmeta --extern simdutf8=/work/target/debug/deps/libsimdutf8-26f60240de48a049.rmeta --cap-lints allow`
[1m[32m   Compiling[0m arrow-string v56.1.0
[1m[32m     Running[0m `/usr/local/rustup/toolchains/1.86.0-aarch64-unknown-linux-gnu/bin/rustc --crate-name arrow_string --edition=2021 /usr/local/cargo/registry/src/index.crates.io-1949cf8c6b5b557f/arrow-string-56.1.0/src/lib.rs --error-format=json --json=diagnostic-rendered-ansi,artifacts,future-incompat --crate-type lib --emit=dep-info,metadata,link -C embed-bitcode=no -C debuginfo=2 --check-cfg 'cfg(docsrs,test)' --check-cfg 'cfg(feature, values())' -C metadata=476b617c8d64ceb1 -C extra-filename=-a25e4f790a4c2604 --out-dir /work/target/debug/deps -L dependency=/work/target/debug/deps --extern arrow_array=/work/target/debug/deps/libarrow_array-5c51dbbdd5dea3b7.rmeta --extern arrow_buffer=/work/target/debug/deps/libarrow_buffer-760f855f69522381.rmeta --extern arrow_data=/work/target/debug/deps/libarrow_data-c007ed7ec79ae020.rmeta --extern arrow_schema=/work/target/debug/deps/libarrow_schema-93c6cdcbca3cb8f8.rmeta --extern arrow_select=/work/target/debug/deps/libarrow_select-f8ab4e5979887506.rmeta --extern memchr=/work/target/debug/deps/libmemchr-43e1c146a71885ce.rmeta --extern num=/work/target/debug/deps/libnum-0b52a96930e28eb0.rmeta --extern regex=/work/target/debug/deps/libregex-e04a0c8a2ff6ee99.rmeta --extern regex_syntax=/work/target/debug/deps/libregex_syntax-1e8a369a74e060a6.rmeta --cap-lints allow`
[1m[32m   Compiling[0m thrift v0.17.0
[1m[32m     Running[0m `/usr/local/rustup/toolchains/1.86.0-aarch64-unknown-linux-gnu/bin/rustc --crate-name thrift --edition=2018 /usr/local/cargo/registry/src/index.crates.io-1949cf8c6b5b557f/thrift-0.17.0/src/lib.rs --error-format=json --json=diagnostic-rendered-ansi,artifacts,future-incompat --crate-type lib --emit=dep-info,metadata,link -C embed-bitcode=no -C debuginfo=2 --check-cfg 'cfg(docsrs,test)' --check-cfg 'cfg(feature, values("default", "log", "server", "threadpool"))' -C metadata=971923c35e3135e9 -C extra-filename=-6159d4a647b12694 --out-dir /work/target/debug/deps -L dependency=/work/target/debug/deps --extern byteorder=/work/target/debug/deps/libbyteorder-8ff8374bf7425247.rmeta --extern integer_encoding=/work/target/debug/deps/libinteger_encoding-a3e43144135fec03.rmeta --extern ordered_float=/work/target/debug/deps/libordered_float-6176f7a81d9a317b.rmeta --cap-lints allow`
[1m[32m   Compiling[0m arrow-ord v56.1.0
[1m[32m     Running[0m `/usr/local/rustup/toolchains/1.86.0-aarch64-unknown-linux-gnu/bin/rustc --crate-name arrow_ord --edition=2021 /usr/local/cargo/registry/src/index.crates.io-1949cf8c6b5b557f/arrow-ord-56.1.0/src/lib.rs --error-format=json --json=diagnostic-rendered-ansi,artifacts,future-incompat --crate-type lib --emit=dep-info,metadata,link -C embed-bitcode=no -C debuginfo=2 --check-cfg 'cfg(docsrs,test)' --check-cfg 'cfg(feature, values())' -C metadata=8379e65917b016ec -C extra-filename=-b0cef459099942b3 --out-dir /work/target/debug/deps -L dependency=/work/target/debug/deps --extern arrow_array=/work/target/debug/deps/libarrow_array-5c51dbbdd5dea3b7.rmeta --extern arrow_buffer=/work/target/debug/deps/libarrow_buffer-760f855f69522381.rmeta --extern arrow_data=/work/target/debug/deps/libarrow_data-c007ed7ec79ae020.rmeta --extern arrow_schema=/work/target/debug/deps/libarrow_schema-93c6cdcbca3cb8f8.rmeta --extern arrow_select=/work/target/debug/deps/libarrow_select-f8ab4e5979887506.rmeta --cap-lints allow`
[1m[32m   Compiling[0m arrow-arith v56.1.0
[1m[32m     Running[0m `/usr/local/rustup/toolchains/1.86.0-aarch64-unknown-linux-gnu/bin/rustc --crate-name arrow_arith --edition=2021 /usr/local/cargo/registry/src/index.crates.io-1949cf8c6b5b557f/arrow-arith-56.1.0/src/lib.rs --error-format=json --json=diagnostic-rendered-ansi,artifacts,future-incompat --crate-type lib --emit=dep-info,metadata,link -C embed-bitcode=no -C debuginfo=2 --check-cfg 'cfg(docsrs,test)' --check-cfg 'cfg(feature, values())' -C metadata=4854206a708fa797 -C extra-filename=-7476c91edd6d374f --out-dir /work/target/debug/deps -L dependency=/work/target/debug/deps --extern arrow_array=/work/target/debug/deps/libarrow_array-5c51dbbdd5dea3b7.rmeta --extern arrow_buffer=/work/target/debug/deps/libarrow_buffer-760f855f69522381.rmeta --extern arrow_data=/work/target/debug/deps/libarrow_data-c007ed7ec79ae020.rmeta --extern arrow_schema=/work/target/debug/deps/libarrow_schema-93c6cdcbca3cb8f8.rmeta --extern chrono=/work/target/debug/deps/libchrono-85cc897a59e31a52.rmeta --extern num=/work/target/debug/deps/libnum-0b52a96930e28eb0.rmeta --cap-lints allow`
[1m[32m   Compiling[0m arrow-row v56.1.0
[1m[32m     Running[0m `/usr/local/rustup/toolchains/1.86.0-aarch64-unknown-linux-gnu/bin/rustc --crate-name arrow_row --edition=2021 /usr/local/cargo/registry/src/index.crates.io-1949cf8c6b5b557f/arrow-row-56.1.0/src/lib.rs --error-format=json --json=diagnostic-rendered-ansi,artifacts,future-incompat --crate-type lib --emit=dep-info,metadata,link -C embed-bitcode=no -C debuginfo=2 --check-cfg 'cfg(docsrs,test)' --check-cfg 'cfg(feature, values())' -C metadata=5ef09345d9ba817d -C extra-filename=-57b440c4ab6f294f --out-dir /work/target/debug/deps -L dependency=/work/target/debug/deps --extern arrow_array=/work/target/debug/deps/libarrow_array-5c51dbbdd5dea3b7.rmeta --extern arrow_buffer=/work/target/debug/deps/libarrow_buffer-760f855f69522381.rmeta --extern arrow_data=/work/target/debug/deps/libarrow_data-c007ed7ec79ae020.rmeta --extern arrow_schema=/work/target/debug/deps/libarrow_schema-93c6cdcbca3cb8f8.rmeta --extern half=/work/target/debug/deps/libhalf-a520f488e3de4f67.rmeta --cap-lints allow`
[1m[32m     Running[0m `/usr/local/rustup/toolchains/1.86.0-aarch64-unknown-linux-gnu/bin/rustc --crate-name chrono --edition=2021 /usr/local/cargo/registry/src/index.crates.io-1949cf8c6b5b557f/chrono-0.4.41/src/lib.rs --error-format=json --json=diagnostic-rendered-ansi,artifacts,future-incompat --crate-type lib --emit=dep-info,metadata,link -C embed-bitcode=no --cfg 'feature="alloc"' --cfg 'feature="android-tzdata"' --cfg 'feature="clock"' --cfg 'feature="iana-time-zone"' --cfg 'feature="now"' --cfg 'feature="std"' --cfg 'feature="winapi"' --cfg 'feature="windows-link"' --check-cfg 'cfg(docsrs,test)' --check-cfg 'cfg(feature, values("__internal_bench", "alloc", "android-tzdata", "arbitrary", "clock", "default", "iana-time-zone", "js-sys", "libc", "now", "oldtime", "pure-rust-locales", "rkyv", "rkyv-16", "rkyv-32", "rkyv-64", "rkyv-validation", "serde", "std", "unstable-locales", "wasm-bindgen", "wasmbind", "winapi", "windows-link"))' -C metadata=9ec5c95302280a4a -C extra-filename=-f76a78178f169454 --out-dir /work/target/debug/deps -L dependency=/work/target/debug/deps --extern iana_time_zone=/work/target/debug/deps/libiana_time_zone-4ce0ecd1b26187dc.rmeta --extern num_traits=/work/target/debug/deps/libnum_traits-0c0462975c553d05.rmeta --cap-lints allow`
[1m[32m     Running[0m `/usr/local/rustup/toolchains/1.86.0-aarch64-unknown-linux-gnu/bin/rustc --crate-name phf --edition=2021 /usr/local/cargo/registry/src/index.crates.io-1949cf8c6b5b557f/phf-0.11.3/src/lib.rs --error-format=json --json=diagnostic-rendered-ansi,artifacts,future-incompat --crate-type lib --emit=dep-info,metadata,link -C embed-bitcode=no -C debuginfo=2 --check-cfg 'cfg(docsrs,test)' --check-cfg 'cfg(feature, values("default", "macros", "phf_macros", "serde", "std", "uncased", "unicase"))' -C metadata=79082a0b888cf7cf -C extra-filename=-940eff4e4b0884aa --out-dir /work/target/debug/deps -L dependency=/work/target/debug/deps --extern phf_shared=/work/target/debug/deps/libphf_shared-7d46633f6a940527.rmeta --cap-lints allow`
[1m[32m   Compiling[0m recursive v0.1.1
[1m[32m     Running[0m `/usr/local/rustup/toolchains/1.86.0-aarch64-unknown-linux-gnu/bin/rustc --crate-name recursive --edition=2021 /usr/local/cargo/registry/src/index.crates.io-1949cf8c6b5b557f/recursive-0.1.1/src/lib.rs --error-format=json --json=diagnostic-rendered-ansi,artifacts,future-incompat --crate-type lib --emit=dep-info,metadata,link -C embed-bitcode=no -C debuginfo=2 --check-cfg 'cfg(docsrs,test)' --check-cfg 'cfg(feature, values())' -C metadata=0fd0a13914313673 -C extra-filename=-563d4bbd7a90f7fb --out-dir /work/target/debug/deps -L dependency=/work/target/debug/deps --extern recursive_proc_macro_impl=/work/target/debug/deps/librecursive_proc_macro_impl-bf8f3e5af060c13b.so --extern stacker=/work/target/debug/deps/libstacker-cffba6ffb8c7e1e0.rmeta --cap-lints allow -L native=/work/target/debug/build/psm-bf4a270ddc91093b/out`
[1m[32m   Compiling[0m seq-macro v0.3.6
[1m[32m     Running[0m `/usr/local/rustup/toolchains/1.86.0-aarch64-unknown-linux-gnu/bin/rustc --crate-name seq_macro --edition=2018 /usr/local/cargo/registry/src/index.crates.io-1949cf8c6b5b557f/seq-macro-0.3.6/src/lib.rs --error-format=json --json=diagnostic-rendered-ansi,artifacts,future-incompat --crate-type proc-macro --emit=dep-info,link -C prefer-dynamic -C embed-bitcode=no --check-cfg 'cfg(docsrs,test)' --check-cfg 'cfg(feature, values())' -C metadata=b9b66a6d7892bf5f -C extra-filename=-5786ae97b5fae1b1 --out-dir /work/target/debug/deps -L dependency=/work/target/debug/deps --extern proc_macro --cap-lints allow`
[1m[32m     Running[0m `/usr/local/rustup/toolchains/1.86.0-aarch64-unknown-linux-gnu/bin/rustc --crate-name arrow_schema --edition=2021 /usr/local/cargo/registry/src/index.crates.io-1949cf8c6b5b557f/arrow-schema-56.1.0/src/lib.rs --error-format=json --json=diagnostic-rendered-ansi,artifacts,future-incompat --crate-type lib --emit=dep-info,metadata,link -C embed-bitcode=no --check-cfg 'cfg(docsrs,test)' --check-cfg 'cfg(feature, values("bitflags", "canonical_extension_types", "ffi", "serde"))' -C metadata=320cff1c14407ee6 -C extra-filename=-4eef4a9fc20ffa59 --out-dir /work/target/debug/deps -L dependency=/work/target/debug/deps --cap-lints allow`
[1m[32m     Running[0m `/usr/local/rustup/toolchains/1.86.0-aarch64-unknown-linux-gnu/bin/rustc --crate-name hashbrown --edition=2021 /usr/local/cargo/registry/src/index.crates.io-1949cf8c6b5b557f/hashbrown-0.15.3/src/lib.rs --error-format=json --json=diagnostic-rendered-ansi,artifacts,future-incompat --crate-type lib --emit=dep-info,metadata,link -C embed-bitcode=no --check-cfg 'cfg(docsrs,test)' --check-cfg 'cfg(feature, values("alloc", "allocator-api2", "compiler_builtins", "core", "default", "default-hasher", "equivalent", "inline-more", "nightly", "raw-entry", "rayon", "rustc-dep-of-std", "rustc-internal-api", "serde"))' -C metadata=6b690759cacc36b7 -C extra-filename=-5e088936fac7cf89 --out-dir /work/target/debug/deps -L dependency=/work/target/debug/deps --cap-lints allow`
[1m[32m   Compiling[0m twox-hash v2.1.0
[1m[32m     Running[0m `/usr/local/rustup/toolchains/1.86.0-aarch64-unknown-linux-gnu/bin/rustc --crate-name twox_hash --edition=2021 /usr/local/cargo/registry/src/index.crates.io-1949cf8c6b5b557f/twox-hash-2.1.0/src/lib.rs --error-format=json --json=diagnostic-rendered-ansi,artifacts,future-incompat --crate-type lib --emit=dep-info,metadata,link -C embed-bitcode=no -C debuginfo=2 --warn=unexpected_cfgs --check-cfg 'cfg(_internal_xxhash3_force_scalar)' --check-cfg 'cfg(_internal_xxhash3_force_neon)' --check-cfg 'cfg(_internal_xxhash3_force_sse2)' --check-cfg 'cfg(_internal_xxhash3_force_avx2)' --cfg 'feature="xxhash64"' --check-cfg 'cfg(docsrs,test)' --check-cfg 'cfg(feature, values("alloc", "default", "random", "serialize", "std", "xxhash32", "xxhash3_128", "xxhash3_64", "xxhash64"))' -C metadata=8f42d47a8c0aca19 -C extra-filename=-336451cd7e486aad --out-dir /work/target/debug/deps -L dependency=/work/target/debug/deps --cap-lints allow`
[1m[32m   Compiling[0m cpufeatures v0.2.17
[1m[32m     Running[0m `/usr/local/rustup/toolchains/1.86.0-aarch64-unknown-linux-gnu/bin/rustc --crate-name cpufeatures --edition=2018 /usr/local/cargo/registry/src/index.crates.io-1949cf8c6b5b557f/cpufeatures-0.2.17/src/lib.rs --error-format=json --json=diagnostic-rendered-ansi,artifacts,future-incompat --crate-type lib --emit=dep-info,metadata,link -C embed-bitcode=no -C debuginfo=2 --check-cfg 'cfg(docsrs,test)' --check-cfg 'cfg(feature, values())' -C metadata=b76b0cb781b698aa -C extra-filename=-a18fd9d0213e6fd3 --out-dir /work/target/debug/deps -L dependency=/work/target/debug/deps --extern libc=/work/target/debug/deps/liblibc-33634091ba1aaaf5.rmeta --cap-lints allow`
[1m[32m   Compiling[0m sqlparser v0.58.0
[1m[32m     Running[0m `/usr/local/rustup/toolchains/1.86.0-aarch64-unknown-linux-gnu/bin/rustc --crate-name sqlparser --edition=2021 /usr/local/cargo/registry/src/index.crates.io-1949cf8c6b5b557f/sqlparser-0.58.0/src/lib.rs --error-format=json --json=diagnostic-rendered-ansi,artifacts,future-incompat --crate-type lib --emit=dep-info,metadata,link -C embed-bitcode=no -C debuginfo=2 --cfg 'feature="default"' --cfg 'feature="recursive"' --cfg 'feature="recursive-protection"' --cfg 'feature="sqlparser_derive"' --cfg 'feature="std"' --cfg 'feature="visitor"' --check-cfg 'cfg(docsrs,test)' --check-cfg 'cfg(feature, values("bigdecimal", "default", "json_example", "recursive", "recursive-protection", "serde", "serde_json", "sqlparser_derive", "std", "visitor"))' -C metadata=9fbb5569a549402c -C extra-filename=-42cc5a7a4f060e00 --out-dir /work/target/debug/deps -L dependency=/work/target/debug/deps --extern log=/work/target/debug/deps/liblog-b9fcf50dffa3f048.rmeta --extern recursive=/work/target/debug/deps/librecursive-563d4bbd7a90f7fb.rmeta --extern sqlparser_derive=/work/target/debug/deps/libsqlparser_derive-a37a3078c2cc68d6.so --cap-lints allow -L native=/work/target/debug/build/psm-bf4a270ddc91093b/out`
[1m[32m   Compiling[0m bytemuck v1.23.0
[1m[32m     Running[0m `/usr/local/rustup/toolchains/1.86.0-aarch64-unknown-linux-gnu/bin/rustc --crate-name bytemuck --edition=2018 /usr/local/cargo/registry/src/index.crates.io-1949cf8c6b5b557f/bytemuck-1.23.0/src/lib.rs --error-format=json --json=diagnostic-rendered-ansi,artifacts,future-incompat --crate-type lib --emit=dep-info,metadata,link -C embed-bitcode=no -C debuginfo=2 --deny=unexpected_cfgs --check-cfg 'cfg(target_arch, values("spirv"))' --check-cfg 'cfg(docsrs,test)' --check-cfg 'cfg(feature, values("aarch64_simd", "align_offset", "alloc_uninit", "avx512_simd", "bytemuck_derive", "const_zeroed", "derive", "extern_crate_alloc", "extern_crate_std", "impl_core_error", "latest_stable_rust", "min_const_generics", "must_cast", "must_cast_extra", "nightly_docs", "nightly_float", "nightly_portable_simd", "nightly_stdsimd", "pod_saturating", "track_caller", "transparentwrapper_extra", "unsound_ptr_pod_impl", "wasm_simd", "zeroable_atomics", "zeroable_maybe_uninit", "zeroable_unwind_fn"))' -C metadata=64ab3b50eff9fbf9 -C extra-filename=-27c807e3d2a1b8d9 --out-dir /work/target/debug/deps -L dependency=/work/target/debug/deps --cap-lints allow`
[1m[32m     Running[0m `/usr/local/rustup/toolchains/1.86.0-aarch64-unknown-linux-gnu/bin/rustc --crate-name arrow_data --edition=2021 /usr/local/cargo/registry/src/index.crates.io-1949cf8c6b5b557f/arrow-data-56.1.0/src/lib.rs --error-format=json --json=diagnostic-rendered-ansi,artifacts,future-incompat --crate-type lib --emit=dep-info,metadata,link -C embed-bitcode=no -C debuginfo=2 --check-cfg 'cfg(docsrs,test)' --check-cfg 'cfg(feature, values("ffi", "force_validate"))' -C metadata=d79e97d7ff12ea2b -C extra-filename=-607fdbc099012e33 --out-dir /work/target/debug/deps -L dependency=/work/target/debug/deps --extern arrow_buffer=/work/target/debug/deps/libarrow_buffer-27378a855af0ebf1.rmeta --extern arrow_schema=/work/target/debug/deps/libarrow_schema-4eef4a9fc20ffa59.rmeta --extern half=/work/target/debug/deps/libhalf-a520f488e3de4f67.rmeta --extern num=/work/target/debug/deps/libnum-720ced6965ceef83.rmeta --cap-lints allow`
[1m[32m     Running[0m `/usr/local/rustup/toolchains/1.86.0-aarch64-unknown-linux-gnu/bin/rustc --crate-name chrono_tz --edition=2021 /usr/local/cargo/registry/src/index.crates.io-1949cf8c6b5b557f/chrono-tz-0.10.3/src/lib.rs --error-format=json --json=diagnostic-rendered-ansi,artifacts,future-incompat --crate-type lib --emit=dep-info,metadata,link -C embed-bitcode=no -C debuginfo=2 --cfg 'feature="default"' --cfg 'feature="std"' --check-cfg 'cfg(docsrs,test)' --check-cfg 'cfg(feature, values("arbitrary", "case-insensitive", "default", "filter-by-regex", "serde", "std"))' -C metadata=ff677d364154e579 -C extra-filename=-52c58bf31b1c9467 --out-dir /work/target/debug/deps -L dependency=/work/target/debug/deps --extern chrono=/work/target/debug/deps/libchrono-f76a78178f169454.rmeta --extern phf=/work/target/debug/deps/libphf-940eff4e4b0884aa.rmeta --cap-lints allow`
[1m[32m     Running[0m `/usr/local/rustup/toolchains/1.86.0-aarch64-unknown-linux-gnu/bin/rustc --crate-name build_script_build --edition=2021 /usr/local/cargo/registry/src/index.crates.io-1949cf8c6b5b557f/serde_core-1.0.225/build.rs --error-format=json --json=diagnostic-rendered-ansi,artifacts,future-incompat --crate-type bin --emit=dep-info,link -C embed-bitcode=no --cfg 'feature="result"' --cfg 'feature="std"' --check-cfg 'cfg(docsrs,test)' --check-cfg 'cfg(feature, values("alloc", "default", "rc", "result", "std", "unstable"))' -C metadata=7a214ea487014873 -C extra-filename=-91b7a4ca3d2a3799 --out-dir /work/target/debug/build/serde_core-91b7a4ca3d2a3799 -L dependency=/work/target/debug/deps --cap-lints allow`
[1m[32m   Compiling[0m sha2 v0.10.9
[1m[32m     Running[0m `/usr/local/rustup/toolchains/1.86.0-aarch64-unknown-linux-gnu/bin/rustc --crate-name sha2 --edition=2018 /usr/local/cargo/registry/src/index.crates.io-1949cf8c6b5b557f/sha2-0.10.9/src/lib.rs --error-format=json --json=diagnostic-rendered-ansi,artifacts,future-incompat --crate-type lib --emit=dep-info,metadata,link -C embed-bitcode=no -C debuginfo=2 --cfg 'feature="default"' --cfg 'feature="std"' --check-cfg 'cfg(docsrs,test)' --check-cfg 'cfg(feature, values("asm", "asm-aarch64", "compress", "default", "force-soft", "force-soft-compact", "loongarch64_asm", "oid", "sha2-asm", "std"))' -C metadata=a8f06c0484011a89 -C extra-filename=-07be730302790482 --out-dir /work/target/debug/deps -L dependency=/work/target/debug/deps --extern cfg_if=/work/target/debug/deps/libcfg_if-3d86f520ef21fd6a.rmeta --extern cpufeatures=/work/target/debug/deps/libcpufeatures-a18fd9d0213e6fd3.rmeta --extern digest=/work/target/debug/deps/libdigest-d240c95a8ab84e71.rmeta --cap-lints allow`
[1m[32m     Running[0m `/usr/local/rustup/toolchains/1.86.0-aarch64-unknown-linux-gnu/bin/rustc --crate-name build_script_build --edition=2021 /usr/local/cargo/registry/src/index.crates.io-1949cf8c6b5b557f/serde-1.0.225/build.rs --error-format=json --json=diagnostic-rendered-ansi,artifacts,future-incompat --crate-type bin --emit=dep-info,link -C embed-bitcode=no --cfg 'feature="default"' --cfg 'feature="std"' --check-cfg 'cfg(docsrs,test)' --check-cfg 'cfg(feature, values("alloc", "default", "derive", "rc", "serde_derive", "std", "unstable"))' -C metadata=b210179d9f742b2b -C extra-filename=-e736a2ac64091fb8 --out-dir /work/target/debug/build/serde-e736a2ac64091fb8 -L dependency=/work/target/debug/deps --cap-lints allow`
[1m[32m   Compiling[0m crossbeam-utils v0.8.21
[1m[32m     Running[0m `/usr/local/rustup/toolchains/1.86.0-aarch64-unknown-linux-gnu/bin/rustc --crate-name build_script_build --edition=2021 /usr/local/cargo/registry/src/index.crates.io-1949cf8c6b5b557f/crossbeam-utils-0.8.21/build.rs --error-format=json --json=diagnostic-rendered-ansi,artifacts,future-incompat --crate-type bin --emit=dep-info,link -C embed-bitcode=no --warn=unexpected_cfgs '--allow=clippy::lint_groups_priority' '--allow=clippy::declare_interior_mutable_const' --check-cfg 'cfg(crossbeam_loom)' --check-cfg 'cfg(crossbeam_sanitize)' --cfg 'feature="default"' --cfg 'feature="std"' --check-cfg 'cfg(docsrs,test)' --check-cfg 'cfg(feature, values("default", "loom", "nightly", "std"))' -C metadata=cc223300d68f0c0a -C extra-filename=-ef7c67fa5d6bc8da --out-dir /work/target/debug/build/crossbeam-utils-ef7c67fa5d6bc8da -L dependency=/work/target/debug/deps --cap-lints allow`
[1m[32m     Running[0m `/work/target/debug/build/zstd-safe-ae653e5f388737a3/build-script-build`
[1m[32m     Running[0m `/usr/local/rustup/toolchains/1.86.0-aarch64-unknown-linux-gnu/bin/rustc --crate-name zstd_sys --edition=2018 /usr/local/cargo/registry/src/index.crates.io-1949cf8c6b5b557f/zstd-sys-2.0.15+zstd.1.5.7/src/lib.rs --error-format=json --json=diagnostic-rendered-ansi,artifacts,future-incompat --crate-type lib --emit=dep-info,metadata,link -C embed-bitcode=no -C debuginfo=2 --allow=non_upper_case_globals --cfg 'feature="std"' --check-cfg 'cfg(docsrs,test)' --check-cfg 'cfg(feature, values("bindgen", "debug", "default", "experimental", "fat-lto", "legacy", "no_asm", "no_wasm_shim", "non-cargo", "pkg-config", "seekable", "std", "thin", "thin-lto", "zdict_builder", "zstdmt"))' -C metadata=b53f0c74afdff822 -C extra-filename=-977ce85befaec3bc --out-dir /work/target/debug/deps -L dependency=/work/target/debug/deps --cap-lints allow -L native=/work/target/debug/build/zstd-sys-7cb059f3c6ab1cb1/out -l static=zstd`
[1m[32m   Compiling[0m hex v0.4.3
[1m[32m     Running[0m `/usr/local/rustup/toolchains/1.86.0-aarch64-unknown-linux-gnu/bin/rustc --crate-name hex --edition=2018 /usr/local/cargo/registry/src/index.crates.io-1949cf8c6b5b557f/hex-0.4.3/src/lib.rs --error-format=json --json=diagnostic-rendered-ansi,artifacts,future-incompat --crate-type lib --emit=dep-info,metadata,link -C embed-bitcode=no -C debuginfo=2 --cfg 'feature="alloc"' --cfg 'feature="default"' --cfg 'feature="std"' --check-cfg 'cfg(docsrs,test)' --check-cfg 'cfg(feature, values("alloc", "default", "serde", "std"))' -C metadata=fd7420a65a8aa80d -C extra-filename=-b91ed9c800ce79f7 --out-dir /work/target/debug/deps -L dependency=/work/target/debug/deps --cap-lints allow`
[1m[32m   Compiling[0m atomic v0.6.0
[1m[32m     Running[0m `/usr/local/rustup/toolchains/1.86.0-aarch64-unknown-linux-gnu/bin/rustc --crate-name atomic --edition=2018 /usr/local/cargo/registry/src/index.crates.io-1949cf8c6b5b557f/atomic-0.6.0/src/lib.rs --error-format=json --json=diagnostic-rendered-ansi,artifacts,future-incompat --crate-type lib --emit=dep-info,metadata,link -C embed-bitcode=no -C debuginfo=2 --check-cfg 'cfg(docsrs,test)' --check-cfg 'cfg(feature, values("default", "fallback", "nightly", "std"))' -C metadata=63116a231e0351ed -C extra-filename=-b1f018289d4b826b --out-dir /work/target/debug/deps -L dependency=/work/target/debug/deps --extern bytemuck=/work/target/debug/deps/libbytemuck-27c807e3d2a1b8d9.rmeta --cap-lints allow`
[1m[32m   Compiling[0m hashbrown v0.14.5
[1m[32m     Running[0m `/usr/local/rustup/toolchains/1.86.0-aarch64-unknown-linux-gnu/bin/rustc --crate-name hashbrown --edition=2021 /usr/local/cargo/registry/src/index.crates.io-1949cf8c6b5b557f/hashbrown-0.14.5/src/lib.rs --error-format=json --json=diagnostic-rendered-ansi,artifacts,future-incompat --crate-type lib --emit=dep-info,metadata,link -C embed-bitcode=no -C debuginfo=2 --cfg 'feature="ahash"' --cfg 'feature="allocator-api2"' --cfg 'feature="default"' --cfg 'feature="inline-more"' --cfg 'feature="raw"' --check-cfg 'cfg(docsrs,test)' --check-cfg 'cfg(feature, values("ahash", "alloc", "allocator-api2", "compiler_builtins", "core", "default", "equivalent", "inline-more", "nightly", "raw", "rayon", "rkyv", "rustc-dep-of-std", "rustc-internal-api", "serde"))' -C metadata=81d662bf7f20687b -C extra-filename=-d7a94fb365109ebd --out-dir /work/target/debug/deps -L dependency=/work/target/debug/deps --extern ahash=/work/target/debug/deps/libahash-c4ca5540cbf09434.rmeta --extern allocator_api2=/work/target/debug/deps/liballocator_api2-e178994a0984594a.rmeta --cap-lints allow`
[1m[32m     Running[0m `/usr/local/rustup/toolchains/1.86.0-aarch64-unknown-linux-gnu/bin/rustc --crate-name zstd_safe --edition=2018 /usr/local/cargo/registry/src/index.crates.io-1949cf8c6b5b557f/zstd-safe-7.2.4/src/lib.rs --error-format=json --json=diagnostic-rendered-ansi,artifacts,future-incompat --crate-type lib --emit=dep-info,metadata,link -C embed-bitcode=no -C debuginfo=2 --allow=non_upper_case_globals --cfg 'feature="std"' --check-cfg 'cfg(docsrs,test)' --check-cfg 'cfg(feature, values("arrays", "bindgen", "debug", "default", "doc-cfg", "experimental", "fat-lto", "legacy", "no_asm", "pkg-config", "seekable", "std", "thin", "thin-lto", "zdict_builder", "zstdmt"))' -C metadata=15a29dcf555334c6 -C extra-filename=-26deab1d6e67ab84 --out-dir /work/target/debug/deps -L dependency=/work/target/debug/deps --extern zstd_sys=/work/target/debug/deps/libzstd_sys-977ce85befaec3bc.rmeta --cap-lints allow -L native=/work/target/debug/build/zstd-sys-7cb059f3c6ab1cb1/out`
[1m[32m   Compiling[0m fastrand v2.3.0
[1m[32m     Running[0m `/usr/local/rustup/toolchains/1.86.0-aarch64-unknown-linux-gnu/bin/rustc --crate-name fastrand --edition=2018 /usr/local/cargo/registry/src/index.crates.io-1949cf8c6b5b557f/fastrand-2.3.0/src/lib.rs --error-format=json --json=diagnostic-rendered-ansi,artifacts,future-incompat --crate-type lib --emit=dep-info,metadata,link -C embed-bitcode=no -C debuginfo=2 --cfg 'feature="alloc"' --cfg 'feature="default"' --cfg 'feature="std"' --check-cfg 'cfg(docsrs,test)' --check-cfg 'cfg(feature, values("alloc", "default", "getrandom", "js", "std"))' -C metadata=2820789c9b33f51f -C extra-filename=-a6a53ffe1420978b --out-dir /work/target/debug/deps -L dependency=/work/target/debug/deps --cap-lints allow`
[1m[32m   Compiling[0m uuid v1.18.1
[1m[32m     Running[0m `/usr/local/rustup/toolchains/1.86.0-aarch64-unknown-linux-gnu/bin/rustc --crate-name uuid --edition=2018 /usr/local/cargo/registry/src/index.crates.io-1949cf8c6b5b557f/uuid-1.18.1/src/lib.rs --error-format=json --json=diagnostic-rendered-ansi,artifacts,future-incompat --crate-type lib --emit=dep-info,metadata,link -C embed-bitcode=no -C debuginfo=2 --allow=unexpected_cfgs --check-cfg 'cfg(uuid_unstable)' --cfg 'feature="atomic"' --cfg 'feature="default"' --cfg 'feature="js"' --cfg 'feature="rng"' --cfg 'feature="serde"' --cfg 'feature="std"' --cfg 'feature="v1"' --cfg 'feature="v4"' --check-cfg 'cfg(docsrs,test)' --check-cfg 'cfg(feature, values("arbitrary", "atomic", "borsh", "bytemuck", "default", "fast-rng", "js", "macro-diagnostics", "md5", "rng", "rng-getrandom", "rng-rand", "serde", "sha1", "slog", "std", "uuid-rng-internal-lib", "v1", "v3", "v4", "v5", "v6", "v7", "v8", "zerocopy"))' -C metadata=fc9fbe2244499700 -C extra-filename=-53765d6c1496d63d --out-dir /work/target/debug/deps -L dependency=/work/target/debug/deps --extern atomic=/work/target/debug/deps/libatomic-b1f018289d4b826b.rmeta --extern getrandom=/work/target/debug/deps/libgetrandom-51884759767b25c9.rmeta --extern serde=/work/target/debug/deps/libserde-40c2de2881464769.rmeta --cap-lints allow`
[1m[32m     Running[0m `/usr/local/rustup/toolchains/1.86.0-aarch64-unknown-linux-gnu/bin/rustc --crate-name build_script_build --edition=2021 /usr/local/cargo/registry/src/index.crates.io-1949cf8c6b5b557f/serde_json-1.0.140/build.rs --error-format=json --json=diagnostic-rendered-ansi,artifacts,future-incompat --crate-type bin --emit=dep-info,link -C embed-bitcode=no --cfg 'feature="default"' --cfg 'feature="std"' --check-cfg 'cfg(docsrs,test)' --check-cfg 'cfg(feature, values("alloc", "arbitrary_precision", "default", "float_roundtrip", "indexmap", "preserve_order", "raw_value", "std", "unbounded_depth"))' -C metadata=3f6ffbc8c9b9083c -C extra-filename=-21a209817be64071 --out-dir /work/target/debug/build/serde_json-21a209817be64071 -L dependency=/work/target/debug/deps --cap-lints allow`
[1m[32m     Running[0m `/work/target/debug/build/crossbeam-utils-ef7c67fa5d6bc8da/build-script-build`
[1m[32m     Running[0m `/usr/local/rustup/toolchains/1.86.0-aarch64-unknown-linux-gnu/bin/rustc --crate-name crossbeam_utils --edition=2021 /usr/local/cargo/registry/src/index.crates.io-1949cf8c6b5b557f/crossbeam-utils-0.8.21/src/lib.rs --error-format=json --json=diagnostic-rendered-ansi,artifacts,future-incompat --crate-type lib --emit=dep-info,metadata,link -C embed-bitcode=no -C debuginfo=2 --warn=unexpected_cfgs '--allow=clippy::lint_groups_priority' '--allow=clippy::declare_interior_mutable_const' --check-cfg 'cfg(crossbeam_loom)' --check-cfg 'cfg(crossbeam_sanitize)' --cfg 'feature="default"' --cfg 'feature="std"' --check-cfg 'cfg(docsrs,test)' --check-cfg 'cfg(feature, values("default", "loom", "nightly", "std"))' -C metadata=75db211936a09815 -C extra-filename=-060241e66be16762 --out-dir /work/target/debug/deps -L dependency=/work/target/debug/deps --cap-lints allow --check-cfg 'cfg(crossbeam_no_atomic,crossbeam_sanitize_thread)'`
[1m[32m     Running[0m `/work/target/debug/build/serde_core-91b7a4ca3d2a3799/build-script-build`
[1m[32m     Running[0m `/work/target/debug/build/serde-e736a2ac64091fb8/build-script-build`
[1m[32m   Compiling[0m http v0.2.12
[1m[32m     Running[0m `/usr/local/rustup/toolchains/1.86.0-aarch64-unknown-linux-gnu/bin/rustc --crate-name serde_core --edition=2021 /usr/local/cargo/registry/src/index.crates.io-1949cf8c6b5b557f/serde_core-1.0.225/src/lib.rs --error-format=json --json=diagnostic-rendered-ansi,artifacts,future-incompat --crate-type lib --emit=dep-info,metadata,link -C embed-bitcode=no --cfg 'feature="result"' --cfg 'feature="std"' --check-cfg 'cfg(docsrs,test)' --check-cfg 'cfg(feature, values("alloc", "default", "rc", "result", "std", "unstable"))' -C metadata=85cc715eed48428d -C extra-filename=-d38b1acab1f922c9 --out-dir /work/target/debug/deps -L dependency=/work/target/debug/deps --cap-lints allow --check-cfg 'cfg(no_core_cstr)' --check-cfg 'cfg(no_core_error)' --check-cfg 'cfg(no_core_net)' --check-cfg 'cfg(no_core_num_saturating)' --check-cfg 'cfg(no_diagnostic_namespace)' --check-cfg 'cfg(no_serde_derive)' --check-cfg 'cfg(no_std_atomic)' --check-cfg 'cfg(no_std_atomic64)' --check-cfg 'cfg(no_target_has_atomic)'`
[1m[32m     Running[0m `/usr/local/rustup/toolchains/1.86.0-aarch64-unknown-linux-gnu/bin/rustc --crate-name http --edition=2018 /usr/local/cargo/registry/src/index.crates.io-1949cf8c6b5b557f/http-0.2.12/src/lib.rs --error-format=json --json=diagnostic-rendered-ansi,artifacts,future-incompat --crate-type lib --emit=dep-info,metadata,link -C embed-bitcode=no -C debuginfo=2 --check-cfg 'cfg(docsrs,test)' --check-cfg 'cfg(feature, values())' -C metadata=0bffd54e5d4346bf -C extra-filename=-f6820c2e49977d38 --out-dir /work/target/debug/deps -L dependency=/work/target/debug/deps --extern bytes=/work/target/debug/deps/libbytes-b7f26ff2edee4da7.rmeta --extern fnv=/work/target/debug/deps/libfnv-b7b4eec70cbc12ab.rmeta --extern itoa=/work/target/debug/deps/libitoa-da0e5894b0f1e0a5.rmeta --cap-lints allow`
[1m[32m     Running[0m `/usr/local/rustup/toolchains/1.86.0-aarch64-unknown-linux-gnu/bin/rustc --crate-name bitflags --edition=2021 /usr/local/cargo/registry/src/index.crates.io-1949cf8c6b5b557f/bitflags-2.9.0/src/lib.rs --error-format=json --json=diagnostic-rendered-ansi,artifacts,future-incompat --crate-type lib --emit=dep-info,metadata,link -C embed-bitcode=no --check-cfg 'cfg(docsrs,test)' --check-cfg 'cfg(feature, values("arbitrary", "bytemuck", "compiler_builtins", "core", "example_generated", "rustc-dep-of-std", "serde", "std"))' -C metadata=8d5821da5b473f4c -C extra-filename=-d1965f07c6163a75 --out-dir /work/target/debug/deps -L dependency=/work/target/debug/deps --cap-lints allow`
[1m[32m   Compiling[0m zstd v0.13.3
[1m[32m     Running[0m `/usr/local/rustup/toolchains/1.86.0-aarch64-unknown-linux-gnu/bin/rustc --crate-name zstd --edition=2018 /usr/local/cargo/registry/src/index.crates.io-1949cf8c6b5b557f/zstd-0.13.3/src/lib.rs --error-format=json --json=diagnostic-rendered-ansi,artifacts,future-incompat --crate-type lib --emit=dep-info,metadata,link -C embed-bitcode=no -C debuginfo=2 --check-cfg 'cfg(docsrs,test)' --check-cfg 'cfg(feature, values("arrays", "bindgen", "debug", "default", "doc-cfg", "experimental", "fat-lto", "legacy", "no_asm", "pkg-config", "thin", "thin-lto", "wasm", "zdict_builder", "zstdmt"))' -C metadata=0acdbeedd76b1074 -C extra-filename=-ea44ec4522e0cd47 --out-dir /work/target/debug/deps -L dependency=/work/target/debug/deps --extern zstd_safe=/work/target/debug/deps/libzstd_safe-26deab1d6e67ab84.rmeta --cap-lints allow -L native=/work/target/debug/build/zstd-sys-7cb059f3c6ab1cb1/out`
[1m[32m     Running[0m `/usr/local/rustup/toolchains/1.86.0-aarch64-unknown-linux-gnu/bin/rustc --crate-name indexmap --edition=2021 /usr/local/cargo/registry/src/index.crates.io-1949cf8c6b5b557f/indexmap-2.11.3/src/lib.rs --error-format=json --json=diagnostic-rendered-ansi,artifacts,future-incompat --crate-type lib --emit=dep-info,metadata,link -C embed-bitcode=no -C debuginfo=2 '--allow=clippy::style' --cfg 'feature="default"' --cfg 'feature="std"' --check-cfg 'cfg(docsrs,test)' --check-cfg 'cfg(feature, values("arbitrary", "borsh", "default", "quickcheck", "rayon", "serde", "std", "sval", "test_debug"))' -C metadata=430eb26f91fd65b9 -C extra-filename=-ceec0bef1e2d0582 --out-dir /work/target/debug/deps -L dependency=/work/target/debug/deps --extern equivalent=/work/target/debug/deps/libequivalent-23a75fce747333ae.rmeta --extern hashbrown=/work/target/debug/deps/libhashbrown-5e088936fac7cf89.rmeta --cap-lints allow`
[1m[32m   Compiling[0m powerfmt v0.2.0
[1m[32m     Running[0m `/usr/local/rustup/toolchains/1.86.0-aarch64-unknown-linux-gnu/bin/rustc --crate-name powerfmt --edition=2021 /usr/local/cargo/registry/src/index.crates.io-1949cf8c6b5b557f/powerfmt-0.2.0/src/lib.rs --error-format=json --json=diagnostic-rendered-ansi,artifacts,future-incompat --crate-type lib --emit=dep-info,metadata,link -C embed-bitcode=no -C debuginfo=2 --check-cfg 'cfg(docsrs,test)' --check-cfg 'cfg(feature, values("alloc", "default", "macros", "std"))' -C metadata=26951988eb29ae72 -C extra-filename=-1c19d146927986e5 --out-dir /work/target/debug/deps -L dependency=/work/target/debug/deps --cap-lints allow`
[1m[32m   Compiling[0m datafusion-doc v50.0.0
[1m[32m     Running[0m `/usr/local/rustup/toolchains/1.86.0-aarch64-unknown-linux-gnu/bin/rustc --crate-name datafusion_doc --edition=2021 /usr/local/cargo/registry/src/index.crates.io-1949cf8c6b5b557f/datafusion-doc-50.0.0/src/lib.rs --error-format=json --json=diagnostic-rendered-ansi,artifacts,future-incompat --crate-type lib --emit=dep-info,metadata,link -C embed-bitcode=no -C debuginfo=2 '--warn=clippy::used_underscore_binding' --deny=unused_qualifications '--warn=clippy::unnecessary_lazy_evaluations' '--warn=clippy::uninlined_format_args' --warn=unexpected_cfgs '--warn=clippy::or_fun_call' '--warn=clippy::large_futures' --check-cfg 'cfg(datafusion_coop, values("tokio", "tokio_fallback", "per_stream"))' --check-cfg 'cfg(tarpaulin)' --check-cfg 'cfg(tarpaulin_include)' --check-cfg 'cfg(docsrs,test)' --check-cfg 'cfg(feature, values())' -C metadata=62fe3aae39c8ec75 -C extra-filename=-49b4af3b1e0a30b7 --out-dir /work/target/debug/deps -L dependency=/work/target/debug/deps --cap-lints allow`
[1m[32m   Compiling[0m num-conv v0.1.0
[1m[32m     Running[0m `/usr/local/rustup/toolchains/1.86.0-aarch64-unknown-linux-gnu/bin/rustc --crate-name num_conv --edition=2021 /usr/local/cargo/registry/src/index.crates.io-1949cf8c6b5b557f/num-conv-0.1.0/src/lib.rs --error-format=json --json=diagnostic-rendered-ansi,artifacts,future-incompat --crate-type lib --emit=dep-info,metadata,link -C embed-bitcode=no -C debuginfo=2 --warn=unused --warn=unreachable-pub '--deny=clippy::std-instead-of-core' --warn=missing-docs '--deny=clippy::alloc-instead-of-core' --check-cfg 'cfg(docsrs,test)' --check-cfg 'cfg(feature, values())' -C metadata=06a206d638569ef6 -C extra-filename=-64d446e015b64862 --out-dir /work/target/debug/deps -L dependency=/work/target/debug/deps --cap-lints allow`
[1m[32m     Running[0m `/work/target/debug/build/serde_json-21a209817be64071/build-script-build`
[1m[32m     Running[0m `/usr/local/rustup/toolchains/1.86.0-aarch64-unknown-linux-gnu/bin/rustc --crate-name flatbuffers --edition=2018 /usr/local/cargo/registry/src/index.crates.io-1949cf8c6b5b557f/flatbuffers-25.2.10/src/lib.rs --error-format=json --json=diagnostic-rendered-ansi,artifacts,future-incompat --crate-type lib --emit=dep-info,metadata,link -C embed-bitcode=no -C debuginfo=2 --check-cfg 'cfg(docsrs,test)' --check-cfg 'cfg(feature, values("default", "serde", "serialize", "std"))' -C metadata=a6138cb00e107bab -C extra-filename=-09c62193617058d9 --out-dir /work/target/debug/deps -L dependency=/work/target/debug/deps --extern bitflags=/work/target/debug/deps/libbitflags-d1965f07c6163a75.rmeta --cap-lints allow`
[1m[32m   Compiling[0m time-core v0.1.4
[1m[32m     Running[0m `/usr/local/rustup/toolchains/1.86.0-aarch64-unknown-linux-gnu/bin/rustc --crate-name time_core --edition=2021 /usr/local/cargo/registry/src/index.crates.io-1949cf8c6b5b557f/time-core-0.1.4/src/lib.rs --error-format=json --json=diagnostic-rendered-ansi,artifacts,future-incompat --crate-type lib --emit=dep-info,metadata,link -C embed-bitcode=no -C debuginfo=2 --warn=unused '--warn=clippy::nursery' '--warn=clippy::all' --warn=variant-size-differences '--warn=clippy::use-debug' '--warn=clippy::unwrap-used' '--warn=clippy::unwrap-in-result' --warn=unused-qualifications --warn=unused-lifetimes --warn=unused-import-braces --deny=unstable-syntax-pre-expansion --deny=unsafe-op-in-unsafe-fn --warn=unreachable-pub '--warn=clippy::unnested-or-patterns' --deny=unnameable-test-items '--warn=clippy::uninlined-format-args' '--warn=clippy::unimplemented' --deny=unexpected_cfgs '--warn=rustdoc::unescaped-backticks' '--deny=clippy::undocumented-unsafe-blocks' --deny=unconditional-recursion --warn=trivial-numeric-casts --warn=trivial-casts '--warn=clippy::todo' --deny=suspicious-double-ref-op '--deny=clippy::std-instead-of-core' --warn=single-use-lifetimes '--warn=clippy::semicolon-outside-block' '--warn=rustdoc::private-doc-tests' '--warn=clippy::print-stdout' --deny=overlapping-range-endpoints --deny=opaque-hidden-inferred-bound '--warn=clippy::obfuscated-if-else' --warn=noop-method-call --deny=non-ascii-idents --deny=named-arguments-used-positionally '--warn=clippy::missing-enforced-import-renames' '--warn=clippy::missing-docs-in-private-items' --warn=missing-docs --warn=missing-debug-implementations --warn=missing-copy-implementations --warn=missing-abi --warn=meta-variable-misuse '--warn=clippy::manual-let-else' --warn=macro-use-extern-crate --warn=let-underscore --warn=keyword-idents --deny=invalid-value --deny=invalid-reference-casting --deny=invalid-nan-comparisons --deny=invalid-macro-export-arguments --deny=invalid-from-utf8 --deny=improper-ctypes-definitions --deny=improper-ctypes --deny=hidden-glob-reexports '--warn=clippy::get-unwrap' --deny=future-incompatible '--warn=clippy::explicit-auto-deref' --deny=drop-bounds --deny=deref-nullptr '--warn=clippy::decimal-literal-representation' '--warn=clippy::dbg-macro' --deny=dangling-pointers-from-temporaries --deny=const-item-mutation --deny=clashing-extern-declarations --deny=ambiguous-glob-reexports '--deny=clippy::alloc-instead-of-core' --allow=unstable-name-collisions '--allow=clippy::uninhabited-references' '--allow=clippy::redundant-pub-crate' '--allow=clippy::option-if-let-else' --check-cfg 'cfg(__ui_tests)' --check-cfg 'cfg(bench)' --check-cfg 'cfg(docsrs,test)' --check-cfg 'cfg(feature, values())' -C metadata=9a7d7e284e14e295 -C extra-filename=-5488110eda0a4659 --out-dir /work/target/debug/deps -L dependency=/work/target/debug/deps --cap-lints allow`
[1m[32m   Compiling[0m arrow-ipc v56.1.0
[1m[32m     Running[0m `/usr/local/rustup/toolchains/1.86.0-aarch64-unknown-linux-gnu/bin/rustc --crate-name arrow_ipc --edition=2021 /usr/local/cargo/registry/src/index.crates.io-1949cf8c6b5b557f/arrow-ipc-56.1.0/src/lib.rs --error-format=json --json=diagnostic-rendered-ansi,artifacts,future-incompat --crate-type lib --emit=dep-info,metadata,link -C embed-bitcode=no -C debuginfo=2 --cfg 'feature="default"' --cfg 'feature="lz4"' --cfg 'feature="lz4_flex"' --cfg 'feature="zstd"' --check-cfg 'cfg(docsrs,test)' --check-cfg 'cfg(feature, values("default", "lz4", "lz4_flex", "zstd"))' -C metadata=5d55048f74ccf109 -C extra-filename=-6b8e223076f29e26 --out-dir /work/target/debug/deps -L dependency=/work/target/debug/deps --extern arrow_array=/work/target/debug/deps/libarrow_array-5c51dbbdd5dea3b7.rmeta --extern arrow_buffer=/work/target/debug/deps/libarrow_buffer-760f855f69522381.rmeta --extern arrow_data=/work/target/debug/deps/libarrow_data-c007ed7ec79ae020.rmeta --extern arrow_schema=/work/target/debug/deps/libarrow_schema-93c6cdcbca3cb8f8.rmeta --extern arrow_select=/work/target/debug/deps/libarrow_select-f8ab4e5979887506.rmeta --extern flatbuffers=/work/target/debug/deps/libflatbuffers-5eb5ae9fdda5378d.rmeta --extern lz4_flex=/work/target/debug/deps/liblz4_flex-aabf97b021ca5493.rmeta --extern zstd=/work/target/debug/deps/libzstd-ea44ec4522e0cd47.rmeta --cap-lints allow -L native=/work/target/debug/build/zstd-sys-7cb059f3c6ab1cb1/out`
[1m[32m   Compiling[0m http-body v0.4.6
[1m[32m     Running[0m `/usr/local/rustup/toolchains/1.86.0-aarch64-unknown-linux-gnu/bin/rustc --crate-name http_body --edition=2018 /usr/local/cargo/registry/src/index.crates.io-1949cf8c6b5b557f/http-body-0.4.6/src/lib.rs --error-format=json --json=diagnostic-rendered-ansi,artifacts,future-incompat --crate-type lib --emit=dep-info,metadata,link -C embed-bitcode=no -C debuginfo=2 --check-cfg 'cfg(docsrs,test)' --check-cfg 'cfg(feature, values())' -C metadata=2842a6657b0ac32a -C extra-filename=-fd66c27d4f459942 --out-dir /work/target/debug/deps -L dependency=/work/target/debug/deps --extern bytes=/work/target/debug/deps/libbytes-b7f26ff2edee4da7.rmeta --extern http=/work/target/debug/deps/libhttp-f6820c2e49977d38.rmeta --extern pin_project_lite=/work/target/debug/deps/libpin_project_lite-489eb5afe2d3bddf.rmeta --cap-lints allow`
[1m[32m   Compiling[0m deranged v0.4.0
[1m[32m     Running[0m `/usr/local/rustup/toolchains/1.86.0-aarch64-unknown-linux-gnu/bin/rustc --crate-name deranged --edition=2021 /usr/local/cargo/registry/src/index.crates.io-1949cf8c6b5b557f/deranged-0.4.0/src/lib.rs --error-format=json --json=diagnostic-rendered-ansi,artifacts,future-incompat --crate-type lib --emit=dep-info,metadata,link -C embed-bitcode=no -C debuginfo=2 --warn=unused '--warn=clippy::nursery' '--warn=clippy::all' --warn=variant-size-differences '--warn=clippy::use-debug' '--warn=clippy::unwrap-used' '--warn=clippy::unwrap-in-result' --warn=unused-qualifications --warn=unused-lifetimes --warn=unused-import-braces --deny=unstable-syntax-pre-expansion --deny=unsafe-op-in-unsafe-fn --warn=unreachable-pub '--warn=clippy::unnested-or-patterns' --deny=unnameable-test-items '--warn=clippy::uninlined-format-args' '--warn=clippy::unimplemented' '--warn=rustdoc::unescaped-backticks' '--deny=clippy::undocumented-unsafe-blocks' --deny=unconditional-recursion --warn=trivial-numeric-casts --warn=trivial-casts '--warn=clippy::todo' --deny=suspicious-double-ref-op '--deny=clippy::std-instead-of-core' --warn=single-use-lifetimes '--warn=clippy::semicolon-outside-block' '--allow=clippy::redundant-pub-crate' '--warn=rustdoc::private-doc-tests' '--warn=clippy::print-stdout' --deny=overlapping-range-endpoints '--allow=clippy::option-if-let-else' --deny=opaque-hidden-inferred-bound '--warn=clippy::obfuscated-if-else' --warn=noop-method-call --deny=non-ascii-idents --deny=named-arguments-used-positionally '--warn=clippy::missing-enforced-import-renames' '--warn=clippy::missing-docs-in-private-items' --warn=missing-docs --warn=missing-debug-implementations --warn=missing-copy-implementations --warn=missing-abi --warn=meta-variable-misuse '--warn=clippy::manual-let-else' --warn=macro-use-extern-crate --warn=let-underscore --warn=keyword-idents --deny=invalid-value --deny=invalid-reference-casting --deny=invalid-nan-comparisons --deny=invalid-macro-export-arguments --deny=invalid-from-utf8 --deny=improper-ctypes-definitions --deny=improper-ctypes --deny=hidden-glob-reexports '--warn=clippy::get-unwrap' --deny=future-incompatible '--warn=clippy::explicit-auto-deref' --deny=drop-bounds --deny=deref-nullptr '--warn=clippy::decimal-literal-representation' '--warn=clippy::dbg-macro' --deny=dangling-pointers-from-temporaries --deny=const-item-mutation --deny=clashing-extern-declarations --deny=ambiguous-glob-reexports '--deny=clippy::alloc-instead-of-core' --warn=unstable-name-collisions --allow=path-statements --cfg 'feature="alloc"' --cfg 'feature="powerfmt"' --cfg 'feature="std"' --check-cfg 'cfg(docsrs,test)' --check-cfg 'cfg(feature, values("alloc", "default", "macros", "num", "powerfmt", "quickcheck", "rand", "rand08", "rand09", "serde", "std"))' -C metadata=88feade00086d4ef -C extra-filename=-1d2a9e5d1c0cf1e7 --out-dir /work/target/debug/deps -L dependency=/work/target/debug/deps --extern powerfmt=/work/target/debug/deps/libpowerfmt-1c19d146927986e5.rmeta --cap-lints allow`
[1m[32m     Running[0m `/usr/local/rustup/toolchains/1.86.0-aarch64-unknown-linux-gnu/bin/rustc --crate-name hashbrown --edition=2021 /usr/local/cargo/registry/src/index.crates.io-1949cf8c6b5b557f/hashbrown-0.14.5/src/lib.rs --error-format=json --json=diagnostic-rendered-ansi,artifacts,future-incompat --crate-type lib --emit=dep-info,metadata,link -C embed-bitcode=no -C debuginfo=2 --cfg 'feature="ahash"' --cfg 'feature="allocator-api2"' --cfg 'feature="default"' --cfg 'feature="inline-more"' --cfg 'feature="raw"' --check-cfg 'cfg(docsrs,test)' --check-cfg 'cfg(feature, values("ahash", "alloc", "allocator-api2", "compiler_builtins", "core", "default", "equivalent", "inline-more", "nightly", "raw", "rayon", "rkyv", "rustc-dep-of-std", "rustc-internal-api", "serde"))' -C metadata=bbdbe2dee8a7fda3 -C extra-filename=-6bde7ff4f9708e4b --out-dir /work/target/debug/deps -L dependency=/work/target/debug/deps --extern ahash=/work/target/debug/deps/libahash-75d3b4e597d9842a.rmeta --extern allocator_api2=/work/target/debug/deps/liballocator_api2-e178994a0984594a.rmeta --cap-lints allow`
[1m[32m     Running[0m `/usr/local/rustup/toolchains/1.86.0-aarch64-unknown-linux-gnu/bin/rustc --crate-name sqlparser --edition=2021 /usr/local/cargo/registry/src/index.crates.io-1949cf8c6b5b557f/sqlparser-0.58.0/src/lib.rs --error-format=json --json=diagnostic-rendered-ansi,artifacts,future-incompat --crate-type lib --emit=dep-info,metadata,link -C embed-bitcode=no --cfg 'feature="sqlparser_derive"' --cfg 'feature="std"' --cfg 'feature="visitor"' --check-cfg 'cfg(docsrs,test)' --check-cfg 'cfg(feature, values("bigdecimal", "default", "json_example", "recursive", "recursive-protection", "serde", "serde_json", "sqlparser_derive", "std", "visitor"))' -C metadata=2ccb226e3d71b256 -C extra-filename=-883709f83c67d083 --out-dir /work/target/debug/deps -L dependency=/work/target/debug/deps --extern log=/work/target/debug/deps/liblog-b9fcf50dffa3f048.rmeta --extern sqlparser_derive=/work/target/debug/deps/libsqlparser_derive-a37a3078c2cc68d6.so --cap-lints allow`
[1m[32m     Running[0m `/usr/local/rustup/toolchains/1.86.0-aarch64-unknown-linux-gnu/bin/rustc --crate-name arrow_array --edition=2021 /usr/local/cargo/registry/src/index.crates.io-1949cf8c6b5b557f/arrow-array-56.1.0/src/lib.rs --error-format=json --json=diagnostic-rendered-ansi,artifacts,future-incompat --crate-type lib --emit=dep-info,metadata,link -C embed-bitcode=no -C debuginfo=2 --cfg 'feature="chrono-tz"' --check-cfg 'cfg(docsrs,test)' --check-cfg 'cfg(feature, values("chrono-tz", "ffi", "force_validate"))' -C metadata=645f6b41ace36c0f -C extra-filename=-3551a68299ed791e --out-dir /work/target/debug/deps -L dependency=/work/target/debug/deps --extern ahash=/work/target/debug/deps/libahash-75d3b4e597d9842a.rmeta --extern arrow_buffer=/work/target/debug/deps/libarrow_buffer-27378a855af0ebf1.rmeta --extern arrow_data=/work/target/debug/deps/libarrow_data-607fdbc099012e33.rmeta --extern arrow_schema=/work/target/debug/deps/libarrow_schema-4eef4a9fc20ffa59.rmeta --extern chrono=/work/target/debug/deps/libchrono-f76a78178f169454.rmeta --extern chrono_tz=/work/target/debug/deps/libchrono_tz-52c58bf31b1c9467.rmeta --extern half=/work/target/debug/deps/libhalf-a520f488e3de4f67.rmeta --extern hashbrown=/work/target/debug/deps/libhashbrown-5e088936fac7cf89.rmeta --extern num=/work/target/debug/deps/libnum-720ced6965ceef83.rmeta --cap-lints allow`
[1m[32m     Running[0m `/usr/local/rustup/toolchains/1.86.0-aarch64-unknown-linux-gnu/bin/rustc --crate-name serde --edition=2021 /usr/local/cargo/registry/src/index.crates.io-1949cf8c6b5b557f/serde-1.0.225/src/lib.rs --error-format=json --json=diagnostic-rendered-ansi,artifacts,future-incompat --crate-type lib --emit=dep-info,metadata,link -C embed-bitcode=no --cfg 'feature="default"' --cfg 'feature="std"' --check-cfg 'cfg(docsrs,test)' --check-cfg 'cfg(feature, values("alloc", "default", "derive", "rc", "serde_derive", "std", "unstable"))' -C metadata=bdc1cdf28d4b6747 -C extra-filename=-edcecb3b2e7a8c35 --out-dir /work/target/debug/deps -L dependency=/work/target/debug/deps --extern serde_core=/work/target/debug/deps/libserde_core-d38b1acab1f922c9.rmeta --cap-lints allow --check-cfg 'cfg(no_diagnostic_namespace)' --check-cfg 'cfg(no_serde_derive)'`
[1m[32m     Running[0m `/usr/local/rustup/toolchains/1.86.0-aarch64-unknown-linux-gnu/bin/rustc --crate-name tokio --edition=2021 /usr/local/cargo/registry/src/index.crates.io-1949cf8c6b5b557f/tokio-1.47.0/src/lib.rs --error-format=json --json=diagnostic-rendered-ansi,artifacts,future-incompat --crate-type lib --emit=dep-info,metadata,link -C embed-bitcode=no --warn=unexpected_cfgs --check-cfg 'cfg(fuzzing)' --check-cfg 'cfg(loom)' --check-cfg 'cfg(mio_unsupported_force_poll_poll)' --check-cfg 'cfg(tokio_allow_from_blocking_fd)' --check-cfg 'cfg(tokio_internal_mt_counters)' --check-cfg 'cfg(tokio_no_parking_lot)' --check-cfg 'cfg(tokio_no_tuning_tests)' --check-cfg 'cfg(tokio_taskdump)' --check-cfg 'cfg(tokio_unstable)' --check-cfg 'cfg(tokio_uring)' --check-cfg 'cfg(target_os, values("cygwin"))' --cfg 'feature="default"' --cfg 'feature="macros"' --cfg 'feature="rt"' --cfg 'feature="sync"' --cfg 'feature="tokio-macros"' --check-cfg 'cfg(docsrs,test)' --check-cfg 'cfg(feature, values("bytes", "default", "fs", "full", "io-std", "io-util", "libc", "macros", "mio", "net", "parking_lot", "process", "rt", "rt-multi-thread", "signal", "signal-hook-registry", "socket2", "sync", "test-util", "time", "tokio-macros", "tracing", "windows-sys"))' -C metadata=6110b0a58a37abf1 -C extra-filename=-0d7827a120624e64 --out-dir /work/target/debug/deps -L dependency=/work/target/debug/deps --extern pin_project_lite=/work/target/debug/deps/libpin_project_lite-489eb5afe2d3bddf.rmeta --extern tokio_macros=/work/target/debug/deps/libtokio_macros-d7daa955fcd1f27e.so --cap-lints allow`
[1m[32m   Compiling[0m bigdecimal v0.4.8
[1m[32m     Running[0m `/usr/local/rustup/toolchains/1.86.0-aarch64-unknown-linux-gnu/bin/rustc --crate-name build_script_build --edition=2015 /usr/local/cargo/registry/src/index.crates.io-1949cf8c6b5b557f/bigdecimal-0.4.8/build.rs --error-format=json --json=diagnostic-rendered-ansi,artifacts,future-incompat --crate-type bin --emit=dep-info,link -C embed-bitcode=no --allow=unexpected_cfgs --check-cfg 'cfg(no_track_caller)' --cfg 'feature="default"' --cfg 'feature="serde"' --cfg 'feature="serde-json"' --cfg 'feature="serde_json"' --cfg 'feature="std"' --check-cfg 'cfg(docsrs,test)' --check-cfg 'cfg(feature, values("default", "serde", "serde-json", "serde_json", "std", "string-only"))' -C metadata=6c9b3a56db192f7a -C extra-filename=-397ae9eb4e1440ca --out-dir /work/target/debug/build/bigdecimal-397ae9eb4e1440ca -L dependency=/work/target/debug/deps --extern autocfg=/work/target/debug/deps/libautocfg-1c69080fe292cc5c.rlib --cap-lints allow`
[1m[32m     Running[0m `/usr/local/rustup/toolchains/1.86.0-aarch64-unknown-linux-gnu/bin/rustc --crate-name either --edition=2021 /usr/local/cargo/registry/src/index.crates.io-1949cf8c6b5b557f/either-1.15.0/src/lib.rs --error-format=json --json=diagnostic-rendered-ansi,artifacts,future-incompat --crate-type lib --emit=dep-info,metadata,link -C embed-bitcode=no --cfg 'feature="std"' --cfg 'feature="use_std"' --check-cfg 'cfg(docsrs,test)' --check-cfg 'cfg(feature, values("default", "serde", "std", "use_std"))' -C metadata=32f3bd09e4434340 -C extra-filename=-8a3b29b884ccb8aa --out-dir /work/target/debug/deps -L dependency=/work/target/debug/deps --cap-lints allow`
[1m[32m   Compiling[0m arrayvec v0.7.6
[1m[32m     Running[0m `/usr/local/rustup/toolchains/1.86.0-aarch64-unknown-linux-gnu/bin/rustc --crate-name arrayvec --edition=2018 /usr/local/cargo/registry/src/index.crates.io-1949cf8c6b5b557f/arrayvec-0.7.6/src/lib.rs --error-format=json --json=diagnostic-rendered-ansi,artifacts,future-incompat --crate-type lib --emit=dep-info,metadata,link -C embed-bitcode=no -C debuginfo=2 --cfg 'feature="std"' --check-cfg 'cfg(docsrs,test)' --check-cfg 'cfg(feature, values("borsh", "default", "serde", "std", "zeroize"))' -C metadata=4ace08f27d9cee64 -C extra-filename=-27df31c51735493c --out-dir /work/target/debug/deps -L dependency=/work/target/debug/deps --cap-lints allow`
[1m[32m   Compiling[0m time v0.3.41
[1m[32m     Running[0m `/usr/local/rustup/toolchains/1.86.0-aarch64-unknown-linux-gnu/bin/rustc --crate-name time --edition=2021 /usr/local/cargo/registry/src/index.crates.io-1949cf8c6b5b557f/time-0.3.41/src/lib.rs --error-format=json --json=diagnostic-rendered-ansi,artifacts,future-incompat --crate-type lib --emit=dep-info,metadata,link -C embed-bitcode=no -C debuginfo=2 --warn=unused '--warn=clippy::nursery' '--warn=clippy::all' --warn=variant-size-differences '--warn=clippy::use-debug' '--warn=clippy::unwrap-used' '--warn=clippy::unwrap-in-result' --warn=unused-qualifications --warn=unused-lifetimes --warn=unused-import-braces --deny=unstable-syntax-pre-expansion --deny=unsafe-op-in-unsafe-fn --warn=unreachable-pub '--warn=clippy::unnested-or-patterns' --deny=unnameable-test-items '--warn=clippy::uninlined-format-args' '--warn=clippy::unimplemented' --deny=unexpected_cfgs '--warn=rustdoc::unescaped-backticks' '--deny=clippy::undocumented-unsafe-blocks' --deny=unconditional-recursion --warn=trivial-numeric-casts --warn=trivial-casts '--warn=clippy::todo' --deny=suspicious-double-ref-op '--deny=clippy::std-instead-of-core' --warn=single-use-lifetimes '--warn=clippy::semicolon-outside-block' '--warn=rustdoc::private-doc-tests' '--warn=clippy::print-stdout' --deny=overlapping-range-endpoints --deny=opaque-hidden-inferred-bound '--warn=clippy::obfuscated-if-else' --warn=noop-method-call --deny=non-ascii-idents --deny=named-arguments-used-positionally '--warn=clippy::missing-enforced-import-renames' '--warn=clippy::missing-docs-in-private-items' --warn=missing-docs --warn=missing-debug-implementations --warn=missing-copy-implementations --warn=missing-abi --warn=meta-variable-misuse '--warn=clippy::manual-let-else' --warn=macro-use-extern-crate --warn=let-underscore --warn=keyword-idents --deny=invalid-value --deny=invalid-reference-casting --deny=invalid-nan-comparisons --deny=invalid-macro-export-arguments --deny=invalid-from-utf8 --deny=improper-ctypes-definitions --deny=improper-ctypes --deny=hidden-glob-reexports '--warn=clippy::get-unwrap' --deny=future-incompatible '--warn=clippy::explicit-auto-deref' --deny=drop-bounds --deny=deref-nullptr '--warn=clippy::decimal-literal-representation' '--warn=clippy::dbg-macro' --deny=dangling-pointers-from-temporaries --deny=const-item-mutation --deny=clashing-extern-declarations '--warn=clippy::as-underscore' --deny=ambiguous-glob-reexports '--deny=clippy::alloc-instead-of-core' --allow=unstable-name-collisions '--allow=clippy::uninhabited-references' '--allow=clippy::redundant-pub-crate' '--allow=clippy::option-if-let-else' --check-cfg 'cfg(__ui_tests)' --check-cfg 'cfg(bench)' --cfg 'feature="alloc"' --cfg 'feature="default"' --cfg 'feature="parsing"' --cfg 'feature="std"' --check-cfg 'cfg(docsrs,test)' --check-cfg 'cfg(feature, values("alloc", "default", "formatting", "large-dates", "local-offset", "macros", "parsing", "quickcheck", "rand", "serde", "serde-human-readable", "serde-well-known", "std", "wasm-bindgen"))' -C metadata=c0a32a6812bbff3f -C extra-filename=-c8d230ad51f411d4 --out-dir /work/target/debug/deps -L dependency=/work/target/debug/deps --extern deranged=/work/target/debug/deps/libderanged-1d2a9e5d1c0cf1e7.rmeta --extern num_conv=/work/target/debug/deps/libnum_conv-64d446e015b64862.rmeta --extern powerfmt=/work/target/debug/deps/libpowerfmt-1c19d146927986e5.rmeta --extern time_core=/work/target/debug/deps/libtime_core-5488110eda0a4659.rmeta --cap-lints allow`
[1m[32m   Compiling[0m bytes-utils v0.1.4
[1m[32m     Running[0m `/usr/local/rustup/toolchains/1.86.0-aarch64-unknown-linux-gnu/bin/rustc --crate-name bytes_utils --edition=2021 /usr/local/cargo/registry/src/index.crates.io-1949cf8c6b5b557f/bytes-utils-0.1.4/src/lib.rs --error-format=json --json=diagnostic-rendered-ansi,artifacts,future-incompat --crate-type lib --emit=dep-info,metadata,link -C embed-bitcode=no -C debuginfo=2 --cfg 'feature="default"' --cfg 'feature="std"' --check-cfg 'cfg(docsrs,test)' --check-cfg 'cfg(feature, values("default", "serde", "std"))' -C metadata=b869bef7ffcf6946 -C extra-filename=-9176d3b5d8cefa59 --out-dir /work/target/debug/deps -L dependency=/work/target/debug/deps --extern bytes=/work/target/debug/deps/libbytes-b7f26ff2edee4da7.rmeta --extern either=/work/target/debug/deps/libeither-562436f9042728fb.rmeta --cap-lints allow`
[1m[32m   Compiling[0m arrow v56.1.0
[1m[32m     Running[0m `/usr/local/rustup/toolchains/1.86.0-aarch64-unknown-linux-gnu/bin/rustc --crate-name arrow --edition=2021 /usr/local/cargo/registry/src/index.crates.io-1949cf8c6b5b557f/arrow-56.1.0/src/lib.rs --error-format=json --json=diagnostic-rendered-ansi,artifacts,future-incompat --crate-type lib --emit=dep-info,metadata,link -C embed-bitcode=no -C debuginfo=2 --cfg 'feature="arrow-csv"' --cfg 'feature="arrow-ipc"' --cfg 'feature="arrow-json"' --cfg 'feature="chrono-tz"' --cfg 'feature="csv"' --cfg 'feature="default"' --cfg 'feature="ipc"' --cfg 'feature="json"' --cfg 'feature="prettyprint"' --check-cfg 'cfg(docsrs,test)' --check-cfg 'cfg(feature, values("arrow-csv", "arrow-ipc", "arrow-json", "canonical_extension_types", "chrono-tz", "csv", "default", "ffi", "force_validate", "ipc", "ipc_compression", "json", "prettyprint", "pyarrow", "test_utils"))' -C metadata=6fa572c54168d5e7 -C extra-filename=-76a68e605d8a3ee5 --out-dir /work/target/debug/deps -L dependency=/work/target/debug/deps --extern arrow_arith=/work/target/debug/deps/libarrow_arith-7476c91edd6d374f.rmeta --extern arrow_array=/work/target/debug/deps/libarrow_array-5c51dbbdd5dea3b7.rmeta --extern arrow_buffer=/work/target/debug/deps/libarrow_buffer-760f855f69522381.rmeta --extern arrow_cast=/work/target/debug/deps/libarrow_cast-f75bc310bd86bbb4.rmeta --extern arrow_csv=/work/target/debug/deps/libarrow_csv-65949dbbe38d0af1.rmeta --extern arrow_data=/work/target/debug/deps/libarrow_data-c007ed7ec79ae020.rmeta --extern arrow_ipc=/work/target/debug/deps/libarrow_ipc-6b8e223076f29e26.rmeta --extern arrow_json=/work/target/debug/deps/libarrow_json-ec54ef73a02cc60f.rmeta --extern arrow_ord=/work/target/debug/deps/libarrow_ord-b0cef459099942b3.rmeta --extern arrow_row=/work/target/debug/deps/libarrow_row-57b440c4ab6f294f.rmeta --extern arrow_schema=/work/target/debug/deps/libarrow_schema-93c6cdcbca3cb8f8.rmeta --extern arrow_select=/work/target/debug/deps/libarrow_select-f8ab4e5979887506.rmeta --extern arrow_string=/work/target/debug/deps/libarrow_string-a25e4f790a4c2604.rmeta --cap-lints allow -L native=/work/target/debug/build/zstd-sys-7cb059f3c6ab1cb1/out`
[1m[32m     Running[0m `/usr/local/rustup/toolchains/1.86.0-aarch64-unknown-linux-gnu/bin/rustc --crate-name serde_json --edition=2021 /usr/local/cargo/registry/src/index.crates.io-1949cf8c6b5b557f/serde_json-1.0.140/src/lib.rs --error-format=json --json=diagnostic-rendered-ansi,artifacts,future-incompat --crate-type lib --emit=dep-info,metadata,link -C embed-bitcode=no --cfg 'feature="default"' --cfg 'feature="std"' --check-cfg 'cfg(docsrs,test)' --check-cfg 'cfg(feature, values("alloc", "arbitrary_precision", "default", "float_roundtrip", "indexmap", "preserve_order", "raw_value", "std", "unbounded_depth"))' -C metadata=d3d65e973a543593 -C extra-filename=-baea028125921894 --out-dir /work/target/debug/deps -L dependency=/work/target/debug/deps --extern itoa=/work/target/debug/deps/libitoa-da0e5894b0f1e0a5.rmeta --extern memchr=/work/target/debug/deps/libmemchr-43e1c146a71885ce.rmeta --extern ryu=/work/target/debug/deps/libryu-fd20ddf8b64a1db0.rmeta --extern serde=/work/target/debug/deps/libserde-edcecb3b2e7a8c35.rmeta --cap-lints allow --cfg 'fast_arithmetic="64"' --check-cfg 'cfg(fast_arithmetic, values("32", "64"))'`
[1m[32m     Running[0m `/usr/local/rustup/toolchains/1.86.0-aarch64-unknown-linux-gnu/bin/rustc --crate-name csv --edition=2021 /usr/local/cargo/registry/src/index.crates.io-1949cf8c6b5b557f/csv-1.3.1/src/lib.rs --error-format=json --json=diagnostic-rendered-ansi,artifacts,future-incompat --crate-type lib --emit=dep-info,metadata,link -C embed-bitcode=no -C debuginfo=2 --check-cfg 'cfg(docsrs,test)' --check-cfg 'cfg(feature, values())' -C metadata=44a2e62725fa9a22 -C extra-filename=-221ee9c57e640bc2 --out-dir /work/target/debug/deps -L dependency=/work/target/debug/deps --extern csv_core=/work/target/debug/deps/libcsv_core-3fb1a9b7acb9c599.rmeta --extern itoa=/work/target/debug/deps/libitoa-da0e5894b0f1e0a5.rmeta --extern ryu=/work/target/debug/deps/libryu-fd20ddf8b64a1db0.rmeta --extern serde=/work/target/debug/deps/libserde-edcecb3b2e7a8c35.rmeta --cap-lints allow`
[1m[32m     Running[0m `/usr/local/rustup/toolchains/1.86.0-aarch64-unknown-linux-gnu/bin/rustc --crate-name itertools --edition=2018 /usr/local/cargo/registry/src/index.crates.io-1949cf8c6b5b557f/itertools-0.14.0/src/lib.rs --error-format=json --json=diagnostic-rendered-ansi,artifacts,future-incompat --crate-type lib --emit=dep-info,metadata,link -C embed-bitcode=no -C debuginfo=2 --cfg 'feature="default"' --cfg 'feature="use_alloc"' --cfg 'feature="use_std"' --check-cfg 'cfg(docsrs,test)' --check-cfg 'cfg(feature, values("default", "use_alloc", "use_std"))' -C metadata=826592b615b9d165 -C extra-filename=-bc612184f5a7df17 --out-dir /work/target/debug/deps -L dependency=/work/target/debug/deps --extern either=/work/target/debug/deps/libeither-8a3b29b884ccb8aa.rmeta --cap-lints allow`
[1m[32m   Compiling[0m rustix v1.0.7
[1m[32m     Running[0m `/usr/local/rustup/toolchains/1.86.0-aarch64-unknown-linux-gnu/bin/rustc --crate-name build_script_build --edition=2021 /usr/local/cargo/registry/src/index.crates.io-1949cf8c6b5b557f/rustix-1.0.7/build.rs --error-format=json --json=diagnostic-rendered-ansi,artifacts,future-incompat --crate-type bin --emit=dep-info,link -C embed-bitcode=no --warn=unexpected_cfgs --check-cfg 'cfg(alloc_c_string)' --check-cfg 'cfg(alloc_ffi)' --check-cfg 'cfg(apple)' --check-cfg 'cfg(asm_experimental_arch)' --check-cfg 'cfg(bsd)' --check-cfg 'cfg(core_c_str)' --check-cfg 'cfg(core_ffi_c)' --check-cfg 'cfg(core_intrinsics)' --check-cfg 'cfg(criterion)' --check-cfg 'cfg(document_experimental_runtime_api)' --check-cfg 'cfg(error_in_core)' --check-cfg 'cfg(fix_y2038)' --check-cfg 'cfg(freebsdlike)' --check-cfg 'cfg(libc)' --check-cfg 'cfg(linux_kernel)' --check-cfg 'cfg(linux_like)' --check-cfg 'cfg(linux_raw)' --check-cfg 'cfg(netbsdlike)' --check-cfg 'cfg(rustc_attrs)' --check-cfg 'cfg(solarish)' --check-cfg 'cfg(staged_api)' --check-cfg 'cfg(static_assertions)' --check-cfg 'cfg(thumb_mode)' --check-cfg 'cfg(wasi)' --check-cfg 'cfg(wasi_ext)' --check-cfg 'cfg(wasip2)' --check-cfg 'cfg(target_arch, values("xtensa"))' --check-cfg 'cfg(target_os, values("cygwin"))' --cfg 'feature="alloc"' --cfg 'feature="default"' --cfg 'feature="fs"' --cfg 'feature="std"' --check-cfg 'cfg(docsrs,test)' --check-cfg 'cfg(feature, values("all-apis", "alloc", "compiler_builtins", "core", "default", "event", "fs", "io_uring", "libc", "libc_errno", "linux_4_11", "linux_5_1", "linux_5_11", "linux_latest", "mm", "mount", "net", "param", "pipe", "process", "pty", "rand", "runtime", "rustc-dep-of-std", "rustc-std-workspace-alloc", "shm", "std", "stdio", "system", "termios", "thread", "time", "try_close", "use-explicitly-provided-auxv", "use-libc", "use-libc-auxv"))' -C metadata=0c376fcd222e06c5 -C extra-filename=-f8c0676d7450ba59 --out-dir /work/target/debug/build/rustix-f8c0676d7450ba59 -L dependency=/work/target/debug/deps --cap-lints allow`
[1m[32m   Compiling[0m vsimd v0.8.0
[1m[32m     Running[0m `/usr/local/rustup/toolchains/1.86.0-aarch64-unknown-linux-gnu/bin/rustc --crate-name vsimd --edition=2021 /usr/local/cargo/registry/src/index.crates.io-1949cf8c6b5b557f/vsimd-0.8.0/src/lib.rs --error-format=json --json=diagnostic-rendered-ansi,artifacts,future-incompat --crate-type lib --emit=dep-info,metadata,link -C embed-bitcode=no -C debuginfo=2 --cfg 'feature="alloc"' --cfg 'feature="detect"' --cfg 'feature="std"' --check-cfg 'cfg(docsrs,test)' --check-cfg 'cfg(feature, values("alloc", "detect", "std", "unstable"))' -C metadata=fd57973c50372150 -C extra-filename=-ff043dc6958665cb --out-dir /work/target/debug/deps -L dependency=/work/target/debug/deps --cap-lints allow`
[1m[32m     Running[0m `/usr/local/rustup/toolchains/1.86.0-aarch64-unknown-linux-gnu/bin/rustc --crate-name arrow_select --edition=2021 /usr/local/cargo/registry/src/index.crates.io-1949cf8c6b5b557f/arrow-select-56.1.0/src/lib.rs --error-format=json --json=diagnostic-rendered-ansi,artifacts,future-incompat --crate-type lib --emit=dep-info,metadata,link -C embed-bitcode=no -C debuginfo=2 --check-cfg 'cfg(docsrs,test)' --check-cfg 'cfg(feature, values())' -C metadata=4aa211f0b2347dcc -C extra-filename=-e3cf93363a42af7e --out-dir /work/target/debug/deps -L dependency=/work/target/debug/deps --extern ahash=/work/target/debug/deps/libahash-75d3b4e597d9842a.rmeta --extern arrow_array=/work/target/debug/deps/libarrow_array-3551a68299ed791e.rmeta --extern arrow_buffer=/work/target/debug/deps/libarrow_buffer-27378a855af0ebf1.rmeta --extern arrow_data=/work/target/debug/deps/libarrow_data-607fdbc099012e33.rmeta --extern arrow_schema=/work/target/debug/deps/libarrow_schema-4eef4a9fc20ffa59.rmeta --extern num=/work/target/debug/deps/libnum-720ced6965ceef83.rmeta --cap-lints allow`
[1m[32m     Running[0m `/usr/local/rustup/toolchains/1.86.0-aarch64-unknown-linux-gnu/bin/rustc --crate-name arrow_row --edition=2021 /usr/local/cargo/registry/src/index.crates.io-1949cf8c6b5b557f/arrow-row-56.1.0/src/lib.rs --error-format=json --json=diagnostic-rendered-ansi,artifacts,future-incompat --crate-type lib --emit=dep-info,metadata,link -C embed-bitcode=no -C debuginfo=2 --check-cfg 'cfg(docsrs,test)' --check-cfg 'cfg(feature, values())' -C metadata=77f6278206bf01ad -C extra-filename=-b4aabfadc849c4c9 --out-dir /work/target/debug/deps -L dependency=/work/target/debug/deps --extern arrow_array=/work/target/debug/deps/libarrow_array-3551a68299ed791e.rmeta --extern arrow_buffer=/work/target/debug/deps/libarrow_buffer-27378a855af0ebf1.rmeta --extern arrow_data=/work/target/debug/deps/libarrow_data-607fdbc099012e33.rmeta --extern arrow_schema=/work/target/debug/deps/libarrow_schema-4eef4a9fc20ffa59.rmeta --extern half=/work/target/debug/deps/libhalf-a520f488e3de4f67.rmeta --cap-lints allow`
[1m[32m     Running[0m `/usr/local/rustup/toolchains/1.86.0-aarch64-unknown-linux-gnu/bin/rustc --crate-name arrow_arith --edition=2021 /usr/local/cargo/registry/src/index.crates.io-1949cf8c6b5b557f/arrow-arith-56.1.0/src/lib.rs --error-format=json --json=diagnostic-rendered-ansi,artifacts,future-incompat --crate-type lib --emit=dep-info,metadata,link -C embed-bitcode=no -C debuginfo=2 --check-cfg 'cfg(docsrs,test)' --check-cfg 'cfg(feature, values())' -C metadata=95085b4b8a254cc8 -C extra-filename=-c1d3b1c96a9d77e9 --out-dir /work/target/debug/deps -L dependency=/work/target/debug/deps --extern arrow_array=/work/target/debug/deps/libarrow_array-3551a68299ed791e.rmeta --extern arrow_buffer=/work/target/debug/deps/libarrow_buffer-27378a855af0ebf1.rmeta --extern arrow_data=/work/target/debug/deps/libarrow_data-607fdbc099012e33.rmeta --extern arrow_schema=/work/target/debug/deps/libarrow_schema-4eef4a9fc20ffa59.rmeta --extern chrono=/work/target/debug/deps/libchrono-f76a78178f169454.rmeta --extern num=/work/target/debug/deps/libnum-720ced6965ceef83.rmeta --cap-lints allow`
[1m[32m     Running[0m `/work/target/debug/build/bigdecimal-397ae9eb4e1440ca/build-script-build`
[1m[32m   Compiling[0m outref v0.5.2
[1m[32m     Running[0m `/usr/local/rustup/toolchains/1.86.0-aarch64-unknown-linux-gnu/bin/rustc --crate-name outref --edition=2021 /usr/local/cargo/registry/src/index.crates.io-1949cf8c6b5b557f/outref-0.5.2/src/lib.rs --error-format=json --json=diagnostic-rendered-ansi,artifacts,future-incompat --crate-type lib --emit=dep-info,metadata,link -C embed-bitcode=no -C debuginfo=2 --check-cfg 'cfg(docsrs,test)' --check-cfg 'cfg(feature, values())' -C metadata=65c948610ae2fc86 -C extra-filename=-e89eb31b931a4a8d --out-dir /work/target/debug/deps -L dependency=/work/target/debug/deps --cap-lints allow`
[1m[32m     Running[0m `/usr/local/rustup/toolchains/1.86.0-aarch64-unknown-linux-gnu/bin/rustc --crate-name bigdecimal --edition=2015 /usr/local/cargo/registry/src/index.crates.io-1949cf8c6b5b557f/bigdecimal-0.4.8/src/lib.rs --error-format=json --json=diagnostic-rendered-ansi,artifacts,future-incompat --crate-type lib --emit=dep-info,metadata,link -C embed-bitcode=no -C debuginfo=2 --allow=unexpected_cfgs --check-cfg 'cfg(no_track_caller)' --cfg 'feature="default"' --cfg 'feature="serde"' --cfg 'feature="serde-json"' --cfg 'feature="serde_json"' --cfg 'feature="std"' --check-cfg 'cfg(docsrs,test)' --check-cfg 'cfg(feature, values("default", "serde", "serde-json", "serde_json", "std", "string-only"))' -C metadata=198a96343205f17a -C extra-filename=-8d191343a846f9b6 --out-dir /work/target/debug/deps -L dependency=/work/target/debug/deps --extern libm=/work/target/debug/deps/liblibm-47b8d2aaaf677f28.rmeta --extern num_bigint=/work/target/debug/deps/libnum_bigint-a801c3be0b179c01.rmeta --extern num_integer=/work/target/debug/deps/libnum_integer-1769e8f989d68225.rmeta --extern num_traits=/work/target/debug/deps/libnum_traits-0c0462975c553d05.rmeta --extern serde=/work/target/debug/deps/libserde-40c2de2881464769.rmeta --extern serde_json=/work/target/debug/deps/libserde_json-0c1b94d84eed19db.rmeta --cap-lints allow --cfg rustc_1_70 --cfg rustc_1_60 --cfg rustc_1_50 --cfg rustc_1_46 --check-cfg 'cfg(rustc_1_70)' --check-cfg 'cfg(rustc_1_60)' --check-cfg 'cfg(rustc_1_50)' --check-cfg 'cfg(rustc_1_46)'`
[1m[32m   Compiling[0m fixedbitset v0.5.7
[1m[32m     Running[0m `/usr/local/rustup/toolchains/1.86.0-aarch64-unknown-linux-gnu/bin/rustc --crate-name fixedbitset --edition=2021 /usr/local/cargo/registry/src/index.crates.io-1949cf8c6b5b557f/fixedbitset-0.5.7/src/lib.rs --error-format=json --json=diagnostic-rendered-ansi,artifacts,future-incompat --crate-type lib --emit=dep-info,metadata,link -C embed-bitcode=no -C debuginfo=2 --check-cfg 'cfg(docsrs,test)' --check-cfg 'cfg(feature, values("default", "serde", "std"))' -C metadata=db512bbaa9b3804f -C extra-filename=-82cbc98b22778b5a --out-dir /work/target/debug/deps -L dependency=/work/target/debug/deps --cap-lints allow`
[1m[32m   Compiling[0m linux-raw-sys v0.9.4
[1m[32m     Running[0m `/usr/local/rustup/toolchains/1.86.0-aarch64-unknown-linux-gnu/bin/rustc --crate-name linux_raw_sys --edition=2021 /usr/local/cargo/registry/src/index.crates.io-1949cf8c6b5b557f/linux-raw-sys-0.9.4/src/lib.rs --error-format=json --json=diagnostic-rendered-ansi,artifacts,future-incompat --crate-type lib --emit=dep-info,metadata,link -C embed-bitcode=no -C debuginfo=2 --warn=unexpected_cfgs --check-cfg 'cfg(target_arch, values("xtensa"))' --cfg 'feature="elf"' --cfg 'feature="errno"' --cfg 'feature="general"' --cfg 'feature="ioctl"' --cfg 'feature="no_std"' --check-cfg 'cfg(docsrs,test)' --check-cfg 'cfg(feature, values("bootparam", "btrfs", "compiler_builtins", "core", "default", "elf", "elf_uapi", "errno", "general", "if_arp", "if_ether", "if_packet", "image", "io_uring", "ioctl", "landlock", "loop_device", "mempolicy", "net", "netlink", "no_std", "prctl", "ptrace", "rustc-dep-of-std", "std", "system", "xdp"))' -C metadata=31acda6c91d51803 -C extra-filename=-21e368f3b875fe5b --out-dir /work/target/debug/deps -L dependency=/work/target/debug/deps --cap-lints allow`
[1m[32m   Compiling[0m strsim v0.11.1
[1m[32m     Running[0m `/usr/local/rustup/toolchains/1.86.0-aarch64-unknown-linux-gnu/bin/rustc --crate-name strsim --edition=2015 /usr/local/cargo/registry/src/index.crates.io-1949cf8c6b5b557f/strsim-0.11.1/src/lib.rs --error-format=json --json=diagnostic-rendered-ansi,artifacts,future-incompat --crate-type lib --emit=dep-info,metadata,link -C embed-bitcode=no --check-cfg 'cfg(docsrs,test)' --check-cfg 'cfg(feature, values())' -C metadata=40cc41b25949ae1e -C extra-filename=-e2ca46bbd90cae12 --out-dir /work/target/debug/deps -L dependency=/work/target/debug/deps --cap-lints allow`
[1m[32m   Compiling[0m ident_case v1.0.1
[1m[32m     Running[0m `/usr/local/rustup/toolchains/1.86.0-aarch64-unknown-linux-gnu/bin/rustc --crate-name ident_case --edition=2015 /usr/local/cargo/registry/src/index.crates.io-1949cf8c6b5b557f/ident_case-1.0.1/src/lib.rs --error-format=json --json=diagnostic-rendered-ansi,artifacts,future-incompat --crate-type lib --emit=dep-info,metadata,link -C embed-bitcode=no --check-cfg 'cfg(docsrs,test)' --check-cfg 'cfg(feature, values())' -C metadata=703fb12506e7521d -C extra-filename=-405d8a5e2db62129 --out-dir /work/target/debug/deps -L dependency=/work/target/debug/deps --cap-lints allow`
[1m[32m     Running[0m `/usr/local/rustup/toolchains/1.86.0-aarch64-unknown-linux-gnu/bin/rustc --crate-name arrow_cast --edition=2021 /usr/local/cargo/registry/src/index.crates.io-1949cf8c6b5b557f/arrow-cast-56.1.0/src/lib.rs --error-format=json --json=diagnostic-rendered-ansi,artifacts,future-incompat --crate-type lib --emit=dep-info,metadata,link -C embed-bitcode=no -C debuginfo=2 --cfg 'feature="comfy-table"' --cfg 'feature="prettyprint"' --check-cfg 'cfg(docsrs,test)' --check-cfg 'cfg(feature, values("comfy-table", "force_validate", "prettyprint"))' -C metadata=fdfbe0dcd9e258c6 -C extra-filename=-eb1ce8c01ca214ed --out-dir /work/target/debug/deps -L dependency=/work/target/debug/deps --extern arrow_array=/work/target/debug/deps/libarrow_array-3551a68299ed791e.rmeta --extern arrow_buffer=/work/target/debug/deps/libarrow_buffer-27378a855af0ebf1.rmeta --extern arrow_data=/work/target/debug/deps/libarrow_data-607fdbc099012e33.rmeta --extern arrow_schema=/work/target/debug/deps/libarrow_schema-4eef4a9fc20ffa59.rmeta --extern arrow_select=/work/target/debug/deps/libarrow_select-e3cf93363a42af7e.rmeta --extern atoi=/work/target/debug/deps/libatoi-a318f52d49aab69b.rmeta --extern base64=/work/target/debug/deps/libbase64-654283100a0b6a3e.rmeta --extern chrono=/work/target/debug/deps/libchrono-f76a78178f169454.rmeta --extern comfy_table=/work/target/debug/deps/libcomfy_table-0496356df8c190c7.rmeta --extern half=/work/target/debug/deps/libhalf-a520f488e3de4f67.rmeta --extern lexical_core=/work/target/debug/deps/liblexical_core-3e3d4cff9cdc290c.rmeta --extern num=/work/target/debug/deps/libnum-720ced6965ceef83.rmeta --extern ryu=/work/target/debug/deps/libryu-fd20ddf8b64a1db0.rmeta --cap-lints allow`
[1m[32m     Running[0m `/usr/local/rustup/toolchains/1.86.0-aarch64-unknown-linux-gnu/bin/rustc --crate-name arrow_ipc --edition=2021 /usr/local/cargo/registry/src/index.crates.io-1949cf8c6b5b557f/arrow-ipc-56.1.0/src/lib.rs --error-format=json --json=diagnostic-rendered-ansi,artifacts,future-incompat --crate-type lib --emit=dep-info,metadata,link -C embed-bitcode=no --cfg 'feature="default"' --cfg 'feature="lz4"' --cfg 'feature="lz4_flex"' --check-cfg 'cfg(docsrs,test)' --check-cfg 'cfg(feature, values("default", "lz4", "lz4_flex", "zstd"))' -C metadata=3fc044f9810ecfc1 -C extra-filename=-f1c6aefcd5028c20 --out-dir /work/target/debug/deps -L dependency=/work/target/debug/deps --extern arrow_array=/work/target/debug/deps/libarrow_array-3551a68299ed791e.rmeta --extern arrow_buffer=/work/target/debug/deps/libarrow_buffer-27378a855af0ebf1.rmeta --extern arrow_data=/work/target/debug/deps/libarrow_data-607fdbc099012e33.rmeta --extern arrow_schema=/work/target/debug/deps/libarrow_schema-4eef4a9fc20ffa59.rmeta --extern arrow_select=/work/target/debug/deps/libarrow_select-e3cf93363a42af7e.rmeta --extern flatbuffers=/work/target/debug/deps/libflatbuffers-09c62193617058d9.rmeta --extern lz4_flex=/work/target/debug/deps/liblz4_flex-aabf97b021ca5493.rmeta --cap-lints allow`
[1m[32m     Running[0m `/usr/local/rustup/toolchains/1.86.0-aarch64-unknown-linux-gnu/bin/rustc --crate-name arrow_string --edition=2021 /usr/local/cargo/registry/src/index.crates.io-1949cf8c6b5b557f/arrow-string-56.1.0/src/lib.rs --error-format=json --json=diagnostic-rendered-ansi,artifacts,future-incompat --crate-type lib --emit=dep-info,metadata,link -C embed-bitcode=no -C debuginfo=2 --check-cfg 'cfg(docsrs,test)' --check-cfg 'cfg(feature, values())' -C metadata=5ed679c3e99b92d9 -C extra-filename=-ebe137076209de6c --out-dir /work/target/debug/deps -L dependency=/work/target/debug/deps --extern arrow_array=/work/target/debug/deps/libarrow_array-3551a68299ed791e.rmeta --extern arrow_buffer=/work/target/debug/deps/libarrow_buffer-27378a855af0ebf1.rmeta --extern arrow_data=/work/target/debug/deps/libarrow_data-607fdbc099012e33.rmeta --extern arrow_schema=/work/target/debug/deps/libarrow_schema-4eef4a9fc20ffa59.rmeta --extern arrow_select=/work/target/debug/deps/libarrow_select-e3cf93363a42af7e.rmeta --extern memchr=/work/target/debug/deps/libmemchr-43e1c146a71885ce.rmeta --extern num=/work/target/debug/deps/libnum-720ced6965ceef83.rmeta --extern regex=/work/target/debug/deps/libregex-dbfda867d982a0a7.rmeta --extern regex_syntax=/work/target/debug/deps/libregex_syntax-2c8745fadbc62180.rmeta --cap-lints allow`
[1m[32m     Running[0m `/usr/local/rustup/toolchains/1.86.0-aarch64-unknown-linux-gnu/bin/rustc --crate-name arrow_ord --edition=2021 /usr/local/cargo/registry/src/index.crates.io-1949cf8c6b5b557f/arrow-ord-56.1.0/src/lib.rs --error-format=json --json=diagnostic-rendered-ansi,artifacts,future-incompat --crate-type lib --emit=dep-info,metadata,link -C embed-bitcode=no -C debuginfo=2 --check-cfg 'cfg(docsrs,test)' --check-cfg 'cfg(feature, values())' -C metadata=e83fc47b014a101d -C extra-filename=-d51f902ec1fbea9a --out-dir /work/target/debug/deps -L dependency=/work/target/debug/deps --extern arrow_array=/work/target/debug/deps/libarrow_array-3551a68299ed791e.rmeta --extern arrow_buffer=/work/target/debug/deps/libarrow_buffer-27378a855af0ebf1.rmeta --extern arrow_data=/work/target/debug/deps/libarrow_data-607fdbc099012e33.rmeta --extern arrow_schema=/work/target/debug/deps/libarrow_schema-4eef4a9fc20ffa59.rmeta --extern arrow_select=/work/target/debug/deps/libarrow_select-e3cf93363a42af7e.rmeta --cap-lints allow`
[1m[32m     Running[0m `/work/target/debug/build/rustix-f8c0676d7450ba59/build-script-build`
[1m[32m   Compiling[0m petgraph v0.8.2
[1m[32m     Running[0m `/usr/local/rustup/toolchains/1.86.0-aarch64-unknown-linux-gnu/bin/rustc --crate-name petgraph --edition=2021 /usr/local/cargo/registry/src/index.crates.io-1949cf8c6b5b557f/petgraph-0.8.2/src/lib.rs --error-format=json --json=diagnostic-rendered-ansi,artifacts,future-incompat --crate-type lib --emit=dep-info,metadata,link -C embed-bitcode=no -C debuginfo=2 '--warn=clippy::std_instead_of_core' '--warn=clippy::std_instead_of_alloc' '--warn=clippy::alloc_instead_of_core' --cfg 'feature="default"' --cfg 'feature="graphmap"' --cfg 'feature="matrix_graph"' --cfg 'feature="stable_graph"' --cfg 'feature="std"' --check-cfg 'cfg(docsrs,test)' --check-cfg 'cfg(feature, values("all", "default", "dot_parser", "generate", "graphmap", "matrix_graph", "quickcheck", "rayon", "serde", "serde-1", "serde_derive", "stable_graph", "std", "unstable"))' -C metadata=f7310b5cf4774009 -C extra-filename=-8d19f6bd24a1d89e --out-dir /work/target/debug/deps -L dependency=/work/target/debug/deps --extern fixedbitset=/work/target/debug/deps/libfixedbitset-82cbc98b22778b5a.rmeta --extern hashbrown=/work/target/debug/deps/libhashbrown-f46a9b443634d9f9.rmeta --extern indexmap=/work/target/debug/deps/libindexmap-9a85cd7b101e1bbc.rmeta --cap-lints allow`
[1m[32m   Compiling[0m base64-simd v0.8.0
[1m[32m     Running[0m `/usr/local/rustup/toolchains/1.86.0-aarch64-unknown-linux-gnu/bin/rustc --crate-name base64_simd --edition=2021 /usr/local/cargo/registry/src/index.crates.io-1949cf8c6b5b557f/base64-simd-0.8.0/src/lib.rs --error-format=json --json=diagnostic-rendered-ansi,artifacts,future-incompat --crate-type lib --emit=dep-info,metadata,link -C embed-bitcode=no -C debuginfo=2 --cfg 'feature="alloc"' --cfg 'feature="default"' --cfg 'feature="detect"' --cfg 'feature="std"' --check-cfg 'cfg(docsrs,test)' --check-cfg 'cfg(feature, values("alloc", "default", "detect", "std", "unstable"))' -C metadata=d6f152034b6898d1 -C extra-filename=-f52f9a50b459dfc4 --out-dir /work/target/debug/deps -L dependency=/work/target/debug/deps --extern outref=/work/target/debug/deps/liboutref-e89eb31b931a4a8d.rmeta --extern vsimd=/work/target/debug/deps/libvsimd-ff043dc6958665cb.rmeta --cap-lints allow`
[1m[32m     Running[0m `/usr/local/rustup/toolchains/1.86.0-aarch64-unknown-linux-gnu/bin/rustc --crate-name rustix --edition=2021 /usr/local/cargo/registry/src/index.crates.io-1949cf8c6b5b557f/rustix-1.0.7/src/lib.rs --error-format=json --json=diagnostic-rendered-ansi,artifacts,future-incompat --crate-type lib --emit=dep-info,metadata,link -C embed-bitcode=no -C debuginfo=2 --warn=unexpected_cfgs --check-cfg 'cfg(alloc_c_string)' --check-cfg 'cfg(alloc_ffi)' --check-cfg 'cfg(apple)' --check-cfg 'cfg(asm_experimental_arch)' --check-cfg 'cfg(bsd)' --check-cfg 'cfg(core_c_str)' --check-cfg 'cfg(core_ffi_c)' --check-cfg 'cfg(core_intrinsics)' --check-cfg 'cfg(criterion)' --check-cfg 'cfg(document_experimental_runtime_api)' --check-cfg 'cfg(error_in_core)' --check-cfg 'cfg(fix_y2038)' --check-cfg 'cfg(freebsdlike)' --check-cfg 'cfg(libc)' --check-cfg 'cfg(linux_kernel)' --check-cfg 'cfg(linux_like)' --check-cfg 'cfg(linux_raw)' --check-cfg 'cfg(netbsdlike)' --check-cfg 'cfg(rustc_attrs)' --check-cfg 'cfg(solarish)' --check-cfg 'cfg(staged_api)' --check-cfg 'cfg(static_assertions)' --check-cfg 'cfg(thumb_mode)' --check-cfg 'cfg(wasi)' --check-cfg 'cfg(wasi_ext)' --check-cfg 'cfg(wasip2)' --check-cfg 'cfg(target_arch, values("xtensa"))' --check-cfg 'cfg(target_os, values("cygwin"))' --cfg 'feature="alloc"' --cfg 'feature="default"' --cfg 'feature="fs"' --cfg 'feature="std"' --check-cfg 'cfg(docsrs,test)' --check-cfg 'cfg(feature, values("all-apis", "alloc", "compiler_builtins", "core", "default", "event", "fs", "io_uring", "libc", "libc_errno", "linux_4_11", "linux_5_1", "linux_5_11", "linux_latest", "mm", "mount", "net", "param", "pipe", "process", "pty", "rand", "runtime", "rustc-dep-of-std", "rustc-std-workspace-alloc", "shm", "std", "stdio", "system", "termios", "thread", "time", "try_close", "use-explicitly-provided-auxv", "use-libc", "use-libc-auxv"))' -C metadata=ac63566e20026f18 -C extra-filename=-caa682b3201a7f30 --out-dir /work/target/debug/deps -L dependency=/work/target/debug/deps --extern bitflags=/work/target/debug/deps/libbitflags-e43ce81c7956362b.rmeta --extern linux_raw_sys=/work/target/debug/deps/liblinux_raw_sys-21e368f3b875fe5b.rmeta --cap-lints allow --cfg static_assertions --cfg linux_raw --cfg linux_like --cfg linux_kernel`
[1m[32m   Compiling[0m darling_core v0.20.11
[1m[32m     Running[0m `/usr/local/rustup/toolchains/1.86.0-aarch64-unknown-linux-gnu/bin/rustc --crate-name darling_core --edition=2021 /usr/local/cargo/registry/src/index.crates.io-1949cf8c6b5b557f/darling_core-0.20.11/src/lib.rs --error-format=json --json=diagnostic-rendered-ansi,artifacts,future-incompat --crate-type lib --emit=dep-info,metadata,link -C embed-bitcode=no --cfg 'feature="strsim"' --cfg 'feature="suggestions"' --check-cfg 'cfg(docsrs,test)' --check-cfg 'cfg(feature, values("diagnostics", "strsim", "suggestions"))' -C metadata=93dfaadefbe2774e -C extra-filename=-8cc5c8895c45946f --out-dir /work/target/debug/deps -L dependency=/work/target/debug/deps --extern fnv=/work/target/debug/deps/libfnv-b7b4eec70cbc12ab.rmeta --extern ident_case=/work/target/debug/deps/libident_case-405d8a5e2db62129.rmeta --extern proc_macro2=/work/target/debug/deps/libproc_macro2-49fdc668fa64569f.rmeta --extern quote=/work/target/debug/deps/libquote-38f780051616e59b.rmeta --extern strsim=/work/target/debug/deps/libstrsim-e2ca46bbd90cae12.rmeta --extern syn=/work/target/debug/deps/libsyn-9373f942e3578afe.rmeta --cap-lints allow`
[1m[32m   Compiling[0m dashmap v6.1.0
[1m[32m     Running[0m `/usr/local/rustup/toolchains/1.86.0-aarch64-unknown-linux-gnu/bin/rustc --crate-name dashmap --edition=2018 /usr/local/cargo/registry/src/index.crates.io-1949cf8c6b5b557f/dashmap-6.1.0/src/lib.rs --error-format=json --json=diagnostic-rendered-ansi,artifacts,future-incompat --crate-type lib --emit=dep-info,metadata,link -C embed-bitcode=no -C debuginfo=2 --check-cfg 'cfg(docsrs,test)' --check-cfg 'cfg(feature, values("arbitrary", "inline", "raw-api", "rayon", "serde", "typesize"))' -C metadata=9335c656fe9830ab -C extra-filename=-293903722bee987d --out-dir /work/target/debug/deps -L dependency=/work/target/debug/deps --extern cfg_if=/work/target/debug/deps/libcfg_if-3d86f520ef21fd6a.rmeta --extern crossbeam_utils=/work/target/debug/deps/libcrossbeam_utils-060241e66be16762.rmeta --extern hashbrown=/work/target/debug/deps/libhashbrown-d7a94fb365109ebd.rmeta --extern lock_api=/work/target/debug/deps/liblock_api-9103886146cd5a80.rmeta --extern once_cell=/work/target/debug/deps/libonce_cell-b19178b062812169.rmeta --extern parking_lot_core=/work/target/debug/deps/libparking_lot_core-f42a534ceb4ceeca.rmeta --cap-lints allow`
[1m[32m   Compiling[0m aws-smithy-types v1.3.1
[1m[32m     Running[0m `/usr/local/rustup/toolchains/1.86.0-aarch64-unknown-linux-gnu/bin/rustc --crate-name aws_smithy_types --edition=2021 /usr/local/cargo/registry/src/index.crates.io-1949cf8c6b5b557f/aws-smithy-types-1.3.1/src/lib.rs --error-format=json --json=diagnostic-rendered-ansi,artifacts,future-incompat --crate-type lib --emit=dep-info,metadata,link -C embed-bitcode=no -C debuginfo=2 --warn=unexpected_cfgs --check-cfg 'cfg(aws_sdk_unstable)' --cfg 'feature="byte-stream-poll-next"' --cfg 'feature="http-body-0-4-x"' --cfg 'feature="http-body-1-x"' --cfg 'feature="rt-tokio"' --cfg 'feature="test-util"' --check-cfg 'cfg(docsrs,test)' --check-cfg 'cfg(feature, values("byte-stream-poll-next", "http-body-0-4-x", "http-body-1-x", "hyper-0-14-x", "rt-tokio", "serde-deserialize", "serde-serialize", "test-util"))' -C metadata=a9308d0335eb0695 -C extra-filename=-388054aeef446a43 --out-dir /work/target/debug/deps -L dependency=/work/target/debug/deps --extern base64_simd=/work/target/debug/deps/libbase64_simd-f52f9a50b459dfc4.rmeta --extern bytes=/work/target/debug/deps/libbytes-b7f26ff2edee4da7.rmeta --extern bytes_utils=/work/target/debug/deps/libbytes_utils-9176d3b5d8cefa59.rmeta --extern futures_core=/work/target/debug/deps/libfutures_core-2a3a0b2e17309ffd.rmeta --extern http=/work/target/debug/deps/libhttp-f6820c2e49977d38.rmeta --extern http_1x=/work/target/debug/deps/libhttp-bc84ffa0ce9e08c1.rmeta --extern http_body_0_4=/work/target/debug/deps/libhttp_body-fd66c27d4f459942.rmeta --extern http_body_1_0=/work/target/debug/deps/libhttp_body-621718221c729043.rmeta --extern http_body_util=/work/target/debug/deps/libhttp_body_util-0cbcb10032179b5c.rmeta --extern itoa=/work/target/debug/deps/libitoa-da0e5894b0f1e0a5.rmeta --extern num_integer=/work/target/debug/deps/libnum_integer-1769e8f989d68225.rmeta --extern pin_project_lite=/work/target/debug/deps/libpin_project_lite-489eb5afe2d3bddf.rmeta --extern pin_utils=/work/target/debug/deps/libpin_utils-5adeda489b1522e2.rmeta --extern ryu=/work/target/debug/deps/libryu-fd20ddf8b64a1db0.rmeta --extern time=/work/target/debug/deps/libtime-c8d230ad51f411d4.rmeta --extern tokio=/work/target/debug/deps/libtokio-d7b67b7161a91c5d.rmeta --extern tokio_util=/work/target/debug/deps/libtokio_util-af6ade555c63f2c0.rmeta --cap-lints allow`
[1m[32m   Compiling[0m aws-smithy-async v1.2.5
[1m[32m     Running[0m `/usr/local/rustup/toolchains/1.86.0-aarch64-unknown-linux-gnu/bin/rustc --crate-name aws_smithy_async --edition=2021 /usr/local/cargo/registry/src/index.crates.io-1949cf8c6b5b557f/aws-smithy-async-1.2.5/src/lib.rs --error-format=json --json=diagnostic-rendered-ansi,artifacts,future-incompat --crate-type lib --emit=dep-info,metadata,link -C embed-bitcode=no -C debuginfo=2 --cfg 'feature="rt-tokio"' --check-cfg 'cfg(docsrs,test)' --check-cfg 'cfg(feature, values("rt-tokio", "test-util"))' -C metadata=6487751901845484 -C extra-filename=-52830edbbc205df5 --out-dir /work/target/debug/deps -L dependency=/work/target/debug/deps --extern futures_util=/work/target/debug/deps/libfutures_util-7d4e9e33dc8645e2.rmeta --extern pin_project_lite=/work/target/debug/deps/libpin_project_lite-489eb5afe2d3bddf.rmeta --extern tokio=/work/target/debug/deps/libtokio-d7b67b7161a91c5d.rmeta --cap-lints allow`
[1m[32m     Running[0m `/usr/local/rustup/toolchains/1.86.0-aarch64-unknown-linux-gnu/bin/rustc --crate-name arrow_json --edition=2021 /usr/local/cargo/registry/src/index.crates.io-1949cf8c6b5b557f/arrow-json-56.1.0/src/lib.rs --error-format=json --json=diagnostic-rendered-ansi,artifacts,future-incompat --crate-type lib --emit=dep-info,metadata,link -C embed-bitcode=no -C debuginfo=2 --check-cfg 'cfg(docsrs,test)' --check-cfg 'cfg(feature, values())' -C metadata=5b31735a322e2907 -C extra-filename=-d2968234962db44f --out-dir /work/target/debug/deps -L dependency=/work/target/debug/deps --extern arrow_array=/work/target/debug/deps/libarrow_array-3551a68299ed791e.rmeta --extern arrow_buffer=/work/target/debug/deps/libarrow_buffer-27378a855af0ebf1.rmeta --extern arrow_cast=/work/target/debug/deps/libarrow_cast-eb1ce8c01ca214ed.rmeta --extern arrow_data=/work/target/debug/deps/libarrow_data-607fdbc099012e33.rmeta --extern arrow_schema=/work/target/debug/deps/libarrow_schema-4eef4a9fc20ffa59.rmeta --extern chrono=/work/target/debug/deps/libchrono-f76a78178f169454.rmeta --extern half=/work/target/debug/deps/libhalf-a520f488e3de4f67.rmeta --extern indexmap=/work/target/debug/deps/libindexmap-ceec0bef1e2d0582.rmeta --extern lexical_core=/work/target/debug/deps/liblexical_core-3e3d4cff9cdc290c.rmeta --extern memchr=/work/target/debug/deps/libmemchr-43e1c146a71885ce.rmeta --extern num=/work/target/debug/deps/libnum-720ced6965ceef83.rmeta --extern serde=/work/target/debug/deps/libserde-edcecb3b2e7a8c35.rmeta --extern serde_json=/work/target/debug/deps/libserde_json-baea028125921894.rmeta --extern simdutf8=/work/target/debug/deps/libsimdutf8-26f60240de48a049.rmeta --cap-lints allow`
[1m[32m     Running[0m `/usr/local/rustup/toolchains/1.86.0-aarch64-unknown-linux-gnu/bin/rustc --crate-name arrow_csv --edition=2021 /usr/local/cargo/registry/src/index.crates.io-1949cf8c6b5b557f/arrow-csv-56.1.0/src/lib.rs --error-format=json --json=diagnostic-rendered-ansi,artifacts,future-incompat --crate-type lib --emit=dep-info,metadata,link -C embed-bitcode=no -C debuginfo=2 --check-cfg 'cfg(docsrs,test)' --check-cfg 'cfg(feature, values())' -C metadata=14a173c2fdccbf47 -C extra-filename=-946054695576da4c --out-dir /work/target/debug/deps -L dependency=/work/target/debug/deps --extern arrow_array=/work/target/debug/deps/libarrow_array-3551a68299ed791e.rmeta --extern arrow_cast=/work/target/debug/deps/libarrow_cast-eb1ce8c01ca214ed.rmeta --extern arrow_schema=/work/target/debug/deps/libarrow_schema-4eef4a9fc20ffa59.rmeta --extern chrono=/work/target/debug/deps/libchrono-f76a78178f169454.rmeta --extern csv=/work/target/debug/deps/libcsv-221ee9c57e640bc2.rmeta --extern csv_core=/work/target/debug/deps/libcsv_core-3fb1a9b7acb9c599.rmeta --extern regex=/work/target/debug/deps/libregex-dbfda867d982a0a7.rmeta --cap-lints allow`
[1m[32m   Compiling[0m blake3 v1.8.2
[1m[32m   Compiling[0m h2 v0.3.26
[1m[32m     Running[0m `/usr/local/rustup/toolchains/1.86.0-aarch64-unknown-linux-gnu/bin/rustc --crate-name build_script_build --edition=2021 /usr/local/cargo/registry/src/index.crates.io-1949cf8c6b5b557f/blake3-1.8.2/build.rs --error-format=json --json=diagnostic-rendered-ansi,artifacts,future-incompat --crate-type bin --emit=dep-info,link -C embed-bitcode=no --cfg 'feature="default"' --cfg 'feature="std"' --check-cfg 'cfg(docsrs,test)' --check-cfg 'cfg(feature, values("default", "digest", "mmap", "neon", "no_avx2", "no_avx512", "no_neon", "no_sse2", "no_sse41", "prefer_intrinsics", "pure", "rayon", "serde", "std", "traits-preview", "wasm32_simd", "zeroize"))' -C metadata=7fe9955b9fce95bc -C extra-filename=-515d6f577afa3dca --out-dir /work/target/debug/build/blake3-515d6f577afa3dca -L dependency=/work/target/debug/deps --extern cc=/work/target/debug/deps/libcc-13da0a2c2b32aae7.rlib --cap-lints allow`
[1m[32m     Running[0m `/usr/local/rustup/toolchains/1.86.0-aarch64-unknown-linux-gnu/bin/rustc --crate-name h2 --edition=2018 /usr/local/cargo/registry/src/index.crates.io-1949cf8c6b5b557f/h2-0.3.26/src/lib.rs --error-format=json --json=diagnostic-rendered-ansi,artifacts,future-incompat --crate-type lib --emit=dep-info,metadata,link -C embed-bitcode=no -C debuginfo=2 --check-cfg 'cfg(docsrs,test)' --check-cfg 'cfg(feature, values("stream", "unstable"))' -C metadata=6a85c7495a8691f1 -C extra-filename=-7d1fedb4523c928c --out-dir /work/target/debug/deps -L dependency=/work/target/debug/deps --extern bytes=/work/target/debug/deps/libbytes-b7f26ff2edee4da7.rmeta --extern fnv=/work/target/debug/deps/libfnv-b7b4eec70cbc12ab.rmeta --extern futures_core=/work/target/debug/deps/libfutures_core-2a3a0b2e17309ffd.rmeta --extern futures_sink=/work/target/debug/deps/libfutures_sink-06a4bc4e92cdd000.rmeta --extern futures_util=/work/target/debug/deps/libfutures_util-7d4e9e33dc8645e2.rmeta --extern http=/work/target/debug/deps/libhttp-f6820c2e49977d38.rmeta --extern indexmap=/work/target/debug/deps/libindexmap-9a85cd7b101e1bbc.rmeta --extern slab=/work/target/debug/deps/libslab-15ce33a5326b04e6.rmeta --extern tokio=/work/target/debug/deps/libtokio-d7b67b7161a91c5d.rmeta --extern tokio_util=/work/target/debug/deps/libtokio_util-af6ade555c63f2c0.rmeta --extern tracing=/work/target/debug/deps/libtracing-ab9d44c27d15fd96.rmeta --cap-lints allow`
[1m[32m   Compiling[0m tempfile v3.19.1
[1m[32m     Running[0m `/usr/local/rustup/toolchains/1.86.0-aarch64-unknown-linux-gnu/bin/rustc --crate-name tempfile --edition=2021 /usr/local/cargo/registry/src/index.crates.io-1949cf8c6b5b557f/tempfile-3.19.1/src/lib.rs --error-format=json --json=diagnostic-rendered-ansi,artifacts,future-incompat --crate-type lib --emit=dep-info,metadata,link -C embed-bitcode=no -C debuginfo=2 --cfg 'feature="default"' --cfg 'feature="getrandom"' --check-cfg 'cfg(docsrs,test)' --check-cfg 'cfg(feature, values("default", "getrandom", "nightly", "unstable-windows-keep-open-tempfile"))' -C metadata=90b4915953f3cb12 -C extra-filename=-6f240e9d63e8fb5f --out-dir /work/target/debug/deps -L dependency=/work/target/debug/deps --extern fastrand=/work/target/debug/deps/libfastrand-a6a53ffe1420978b.rmeta --extern getrandom=/work/target/debug/deps/libgetrandom-51884759767b25c9.rmeta --extern once_cell=/work/target/debug/deps/libonce_cell-b19178b062812169.rmeta --extern rustix=/work/target/debug/deps/librustix-caa682b3201a7f30.rmeta --cap-lints allow`
[1m[32m   Compiling[0m darling_macro v0.20.11
[1m[32m     Running[0m `/usr/local/rustup/toolchains/1.86.0-aarch64-unknown-linux-gnu/bin/rustc --crate-name darling_macro --edition=2021 /usr/local/cargo/registry/src/index.crates.io-1949cf8c6b5b557f/darling_macro-0.20.11/src/lib.rs --error-format=json --json=diagnostic-rendered-ansi,artifacts,future-incompat --crate-type proc-macro --emit=dep-info,link -C prefer-dynamic -C embed-bitcode=no --check-cfg 'cfg(docsrs,test)' --check-cfg 'cfg(feature, values())' -C metadata=dd53b3a6c0c2523a -C extra-filename=-dfa0a0044ec062fc --out-dir /work/target/debug/deps -L dependency=/work/target/debug/deps --extern darling_core=/work/target/debug/deps/libdarling_core-8cc5c8895c45946f.rlib --extern quote=/work/target/debug/deps/libquote-38f780051616e59b.rlib --extern syn=/work/target/debug/deps/libsyn-9373f942e3578afe.rlib --extern proc_macro --cap-lints allow`
[1m[32m   Compiling[0m httpdate v1.0.3
[1m[32m     Running[0m `/usr/local/rustup/toolchains/1.86.0-aarch64-unknown-linux-gnu/bin/rustc --crate-name httpdate --edition=2021 /usr/local/cargo/registry/src/index.crates.io-1949cf8c6b5b557f/httpdate-1.0.3/src/lib.rs --error-format=json --json=diagnostic-rendered-ansi,artifacts,future-incompat --crate-type lib --emit=dep-info,metadata,link -C embed-bitcode=no -C debuginfo=2 --check-cfg 'cfg(docsrs,test)' --check-cfg 'cfg(feature, values())' -C metadata=78696cd19e330063 -C extra-filename=-904a2f0d4d5f22be --out-dir /work/target/debug/deps -L dependency=/work/target/debug/deps --cap-lints allow`
[1m[32m   Compiling[0m regex-lite v0.1.6
[1m[32m     Running[0m `/usr/local/rustup/toolchains/1.86.0-aarch64-unknown-linux-gnu/bin/rustc --crate-name regex_lite --edition=2021 /usr/local/cargo/registry/src/index.crates.io-1949cf8c6b5b557f/regex-lite-0.1.6/src/lib.rs --error-format=json --json=diagnostic-rendered-ansi,artifacts,future-incompat --crate-type lib --emit=dep-info,metadata,link -C embed-bitcode=no -C debuginfo=2 --cfg 'feature="default"' --cfg 'feature="std"' --cfg 'feature="string"' --check-cfg 'cfg(docsrs,test)' --check-cfg 'cfg(feature, values("default", "std", "string"))' -C metadata=9d9dec1e438ae767 -C extra-filename=-1b72bcfe93280173 --out-dir /work/target/debug/deps -L dependency=/work/target/debug/deps --cap-lints allow`
[1m[32m   Compiling[0m aws-smithy-runtime-api v1.8.0
[1m[32m     Running[0m `/usr/local/rustup/toolchains/1.86.0-aarch64-unknown-linux-gnu/bin/rustc --crate-name aws_smithy_runtime_api --edition=2021 /usr/local/cargo/registry/src/index.crates.io-1949cf8c6b5b557f/aws-smithy-runtime-api-1.8.0/src/lib.rs --error-format=json --json=diagnostic-rendered-ansi,artifacts,future-incompat --crate-type lib --emit=dep-info,metadata,link -C embed-bitcode=no -C debuginfo=2 --cfg 'feature="client"' --cfg 'feature="default"' --cfg 'feature="http-02x"' --cfg 'feature="http-1x"' --cfg 'feature="http-auth"' --cfg 'feature="test-util"' --check-cfg 'cfg(docsrs,test)' --check-cfg 'cfg(feature, values("client", "default", "http-02x", "http-1x", "http-auth", "test-util"))' -C metadata=161d8bb3e9a70e96 -C extra-filename=-e20a7c9bdfdec073 --out-dir /work/target/debug/deps -L dependency=/work/target/debug/deps --extern aws_smithy_async=/work/target/debug/deps/libaws_smithy_async-52830edbbc205df5.rmeta --extern aws_smithy_types=/work/target/debug/deps/libaws_smithy_types-388054aeef446a43.rmeta --extern bytes=/work/target/debug/deps/libbytes-b7f26ff2edee4da7.rmeta --extern http_02x=/work/target/debug/deps/libhttp-f6820c2e49977d38.rmeta --extern http_1x=/work/target/debug/deps/libhttp-bc84ffa0ce9e08c1.rmeta --extern pin_project_lite=/work/target/debug/deps/libpin_project_lite-489eb5afe2d3bddf.rmeta --extern tokio=/work/target/debug/deps/libtokio-d7b67b7161a91c5d.rmeta --extern tracing=/work/target/debug/deps/libtracing-ab9d44c27d15fd96.rmeta --extern zeroize=/work/target/debug/deps/libzeroize-adb892c59a9f27ec.rmeta --cap-lints allow`
[1m[32m     Running[0m `/usr/local/rustup/toolchains/1.86.0-aarch64-unknown-linux-gnu/bin/rustc --crate-name arrow --edition=2021 /usr/local/cargo/registry/src/index.crates.io-1949cf8c6b5b557f/arrow-56.1.0/src/lib.rs --error-format=json --json=diagnostic-rendered-ansi,artifacts,future-incompat --crate-type lib --emit=dep-info,metadata,link -C embed-bitcode=no -C debuginfo=2 --cfg 'feature="arrow-csv"' --cfg 'feature="arrow-ipc"' --cfg 'feature="arrow-json"' --cfg 'feature="chrono-tz"' --cfg 'feature="csv"' --cfg 'feature="default"' --cfg 'feature="ipc"' --cfg 'feature="json"' --cfg 'feature="prettyprint"' --check-cfg 'cfg(docsrs,test)' --check-cfg 'cfg(feature, values("arrow-csv", "arrow-ipc", "arrow-json", "canonical_extension_types", "chrono-tz", "csv", "default", "ffi", "force_validate", "ipc", "ipc_compression", "json", "prettyprint", "pyarrow", "test_utils"))' -C metadata=fcfb103bab06442e -C extra-filename=-3092aa064421e7bd --out-dir /work/target/debug/deps -L dependency=/work/target/debug/deps --extern arrow_arith=/work/target/debug/deps/libarrow_arith-c1d3b1c96a9d77e9.rmeta --extern arrow_array=/work/target/debug/deps/libarrow_array-3551a68299ed791e.rmeta --extern arrow_buffer=/work/target/debug/deps/libarrow_buffer-27378a855af0ebf1.rmeta --extern arrow_cast=/work/target/debug/deps/libarrow_cast-eb1ce8c01ca214ed.rmeta --extern arrow_csv=/work/target/debug/deps/libarrow_csv-946054695576da4c.rmeta --extern arrow_data=/work/target/debug/deps/libarrow_data-607fdbc099012e33.rmeta --extern arrow_ipc=/work/target/debug/deps/libarrow_ipc-f1c6aefcd5028c20.rmeta --extern arrow_json=/work/target/debug/deps/libarrow_json-d2968234962db44f.rmeta --extern arrow_ord=/work/target/debug/deps/libarrow_ord-d51f902ec1fbea9a.rmeta --extern arrow_row=/work/target/debug/deps/libarrow_row-b4aabfadc849c4c9.rmeta --extern arrow_schema=/work/target/debug/deps/libarrow_schema-4eef4a9fc20ffa59.rmeta --extern arrow_select=/work/target/debug/deps/libarrow_select-e3cf93363a42af7e.rmeta --extern arrow_string=/work/target/debug/deps/libarrow_string-ebe137076209de6c.rmeta --cap-lints allow`
[1m[32m   Compiling[0m constant_time_eq v0.3.1
[1m[32m     Running[0m `/usr/local/rustup/toolchains/1.86.0-aarch64-unknown-linux-gnu/bin/rustc --crate-name constant_time_eq --edition=2021 /usr/local/cargo/registry/src/index.crates.io-1949cf8c6b5b557f/constant_time_eq-0.3.1/src/lib.rs --error-format=json --json=diagnostic-rendered-ansi,artifacts,future-incompat --crate-type lib --emit=dep-info,metadata,link -C embed-bitcode=no -C debuginfo=2 --check-cfg 'cfg(docsrs,test)' --check-cfg 'cfg(feature, values("count_instructions_test"))' -C metadata=881abfe79d56ab36 -C extra-filename=-4e337d46595cec7f --out-dir /work/target/debug/deps -L dependency=/work/target/debug/deps --cap-lints allow`
[1m[32m   Compiling[0m arrayref v0.3.9
[1m[32m     Running[0m `/usr/local/rustup/toolchains/1.86.0-aarch64-unknown-linux-gnu/bin/rustc --crate-name arrayref --edition=2015 /usr/local/cargo/registry/src/index.crates.io-1949cf8c6b5b557f/arrayref-0.3.9/src/lib.rs --error-format=json --json=diagnostic-rendered-ansi,artifacts,future-incompat --crate-type lib --emit=dep-info,metadata,link -C embed-bitcode=no -C debuginfo=2 --check-cfg 'cfg(docsrs,test)' --check-cfg 'cfg(feature, values())' -C metadata=debc7b033357d632 -C extra-filename=-d920fe879748675e --out-dir /work/target/debug/deps -L dependency=/work/target/debug/deps --cap-lints allow`
[1m[32m   Compiling[0m spin v0.9.8
[1m[32m     Running[0m `/usr/local/rustup/toolchains/1.86.0-aarch64-unknown-linux-gnu/bin/rustc --crate-name spin --edition=2015 /usr/local/cargo/registry/src/index.crates.io-1949cf8c6b5b557f/spin-0.9.8/src/lib.rs --error-format=json --json=diagnostic-rendered-ansi,artifacts,future-incompat --crate-type lib --emit=dep-info,metadata,link -C embed-bitcode=no -C debuginfo=2 --cfg 'feature="barrier"' --cfg 'feature="default"' --cfg 'feature="lazy"' --cfg 'feature="lock_api"' --cfg 'feature="lock_api_crate"' --cfg 'feature="mutex"' --cfg 'feature="once"' --cfg 'feature="rwlock"' --cfg 'feature="spin_mutex"' --check-cfg 'cfg(docsrs,test)' --check-cfg 'cfg(feature, values("barrier", "default", "fair_mutex", "lazy", "lock_api", "lock_api_crate", "mutex", "once", "portable-atomic", "portable_atomic", "rwlock", "spin_mutex", "std", "ticket_mutex", "use_ticket_mutex"))' -C metadata=f481b4b134eecec7 -C extra-filename=-affd2d394170523c --out-dir /work/target/debug/deps -L dependency=/work/target/debug/deps --extern lock_api_crate=/work/target/debug/deps/liblock_api-9103886146cd5a80.rmeta --cap-lints allow`
[1m[32m   Compiling[0m bzip2-sys v0.1.13+1.0.8
[1m[32m     Running[0m `/usr/local/rustup/toolchains/1.86.0-aarch64-unknown-linux-gnu/bin/rustc --crate-name build_script_build --edition=2015 /usr/local/cargo/registry/src/index.crates.io-1949cf8c6b5b557f/bzip2-sys-0.1.13+1.0.8/build.rs --error-format=json --json=diagnostic-rendered-ansi,artifacts,future-incompat --crate-type bin --emit=dep-info,link -C embed-bitcode=no --check-cfg 'cfg(docsrs,test)' --check-cfg 'cfg(feature, values("__disabled", "static"))' -C metadata=6f70d564f552dcd4 -C extra-filename=-e47a2610359cb201 --out-dir /work/target/debug/build/bzip2-sys-e47a2610359cb201 -L dependency=/work/target/debug/deps --extern cc=/work/target/debug/deps/libcc-13da0a2c2b32aae7.rlib --extern pkg_config=/work/target/debug/deps/libpkg_config-e6b81fe79bb73097.rlib --cap-lints allow`
[1m[32m   Compiling[0m lzma-sys v0.1.20
[1m[32m     Running[0m `/usr/local/rustup/toolchains/1.86.0-aarch64-unknown-linux-gnu/bin/rustc --crate-name build_script_build --edition=2018 /usr/local/cargo/registry/src/index.crates.io-1949cf8c6b5b557f/lzma-sys-0.1.20/build.rs --error-format=json --json=diagnostic-rendered-ansi,artifacts,future-incompat --crate-type bin --emit=dep-info,link -C embed-bitcode=no --cfg 'feature="static"' --check-cfg 'cfg(docsrs,test)' --check-cfg 'cfg(feature, values("static"))' -C metadata=b862d19242e9e425 -C extra-filename=-c714e4a939416457 --out-dir /work/target/debug/build/lzma-sys-c714e4a939416457 -L dependency=/work/target/debug/deps --extern cc=/work/target/debug/deps/libcc-13da0a2c2b32aae7.rlib --extern pkg_config=/work/target/debug/deps/libpkg_config-e6b81fe79bb73097.rlib --cap-lints allow`
[1m[32m   Compiling[0m hmac v0.12.1
[1m[32m     Running[0m `/usr/local/rustup/toolchains/1.86.0-aarch64-unknown-linux-gnu/bin/rustc --crate-name hmac --edition=2018 /usr/local/cargo/registry/src/index.crates.io-1949cf8c6b5b557f/hmac-0.12.1/src/lib.rs --error-format=json --json=diagnostic-rendered-ansi,artifacts,future-incompat --crate-type lib --emit=dep-info,metadata,link -C embed-bitcode=no -C debuginfo=2 --cfg 'feature="reset"' --check-cfg 'cfg(docsrs,test)' --check-cfg 'cfg(feature, values("reset", "std"))' -C metadata=9dd43d15e888cf72 -C extra-filename=-9f66939c0beb406f --out-dir /work/target/debug/deps -L dependency=/work/target/debug/deps --extern digest=/work/target/debug/deps/libdigest-d240c95a8ab84e71.rmeta --cap-lints allow`
[1m[32m   Compiling[0m datafusion-common v50.0.0
[1m[32m     Running[0m `/usr/local/rustup/toolchains/1.86.0-aarch64-unknown-linux-gnu/bin/rustc --crate-name datafusion_common --edition=2021 /usr/local/cargo/registry/src/index.crates.io-1949cf8c6b5b557f/datafusion-common-50.0.0/src/lib.rs --error-format=json --json=diagnostic-rendered-ansi,artifacts,future-incompat --crate-type lib --emit=dep-info,metadata,link -C embed-bitcode=no '--warn=clippy::used_underscore_binding' --deny=unused_qualifications '--warn=clippy::unnecessary_lazy_evaluations' '--warn=clippy::uninlined_format_args' --warn=unexpected_cfgs '--warn=clippy::or_fun_call' '--warn=clippy::large_futures' --check-cfg 'cfg(datafusion_coop, values("tokio", "tokio_fallback", "per_stream"))' --check-cfg 'cfg(tarpaulin)' --check-cfg 'cfg(tarpaulin_include)' --check-cfg 'cfg(docsrs,test)' --check-cfg 'cfg(feature, values("apache-avro", "avro", "backtrace", "force_hash_collisions", "object_store", "parquet", "parquet_encryption", "pyarrow", "pyo3", "recursive_protection"))' -C metadata=58fc29cdf55ec602 -C extra-filename=-0c87660f0af65d94 --out-dir /work/target/debug/deps -L dependency=/work/target/debug/deps --extern ahash=/work/target/debug/deps/libahash-75d3b4e597d9842a.rmeta --extern arrow=/work/target/debug/deps/libarrow-3092aa064421e7bd.rmeta --extern arrow_ipc=/work/target/debug/deps/libarrow_ipc-f1c6aefcd5028c20.rmeta --extern base64=/work/target/debug/deps/libbase64-654283100a0b6a3e.rmeta --extern chrono=/work/target/debug/deps/libchrono-f76a78178f169454.rmeta --extern half=/work/target/debug/deps/libhalf-a520f488e3de4f67.rmeta --extern hashbrown=/work/target/debug/deps/libhashbrown-6bde7ff4f9708e4b.rmeta --extern indexmap=/work/target/debug/deps/libindexmap-ceec0bef1e2d0582.rmeta --extern libc=/work/target/debug/deps/liblibc-33634091ba1aaaf5.rmeta --extern log=/work/target/debug/deps/liblog-b9fcf50dffa3f048.rmeta --extern paste=/work/target/debug/deps/libpaste-afb10c11da142ed0.so --extern sqlparser=/work/target/debug/deps/libsqlparser-883709f83c67d083.rmeta --extern tokio=/work/target/debug/deps/libtokio-0d7827a120624e64.rmeta --cap-lints allow`
[1m[32m   Compiling[0m blake2 v0.10.6
[1m[32m     Running[0m `/usr/local/rustup/toolchains/1.86.0-aarch64-unknown-linux-gnu/bin/rustc --crate-name blake2 --edition=2018 /usr/local/cargo/registry/src/index.crates.io-1949cf8c6b5b557f/blake2-0.10.6/src/lib.rs --error-format=json --json=diagnostic-rendered-ansi,artifacts,future-incompat --crate-type lib --emit=dep-info,metadata,link -C embed-bitcode=no -C debuginfo=2 --cfg 'feature="default"' --cfg 'feature="std"' --check-cfg 'cfg(docsrs,test)' --check-cfg 'cfg(feature, values("default", "reset", "simd", "simd_asm", "simd_opt", "size_opt", "std"))' -C metadata=ada5c5844c0467bc -C extra-filename=-d34fb60abffac048 --out-dir /work/target/debug/deps -L dependency=/work/target/debug/deps --extern digest=/work/target/debug/deps/libdigest-d240c95a8ab84e71.rmeta --cap-lints allow`
[1m[32m   Compiling[0m rustversion v1.0.20
[1m[32m     Running[0m `/usr/local/rustup/toolchains/1.86.0-aarch64-unknown-linux-gnu/bin/rustc --crate-name build_script_build --edition=2018 /usr/local/cargo/registry/src/index.crates.io-1949cf8c6b5b557f/rustversion-1.0.20/build/build.rs --error-format=json --json=diagnostic-rendered-ansi,artifacts,future-incompat --crate-type bin --emit=dep-info,link -C embed-bitcode=no --check-cfg 'cfg(docsrs,test)' --check-cfg 'cfg(feature, values())' -C metadata=4eca6c5abb2362a4 -C extra-filename=-3d35a7829627cc4f --out-dir /work/target/debug/build/rustversion-3d35a7829627cc4f -L dependency=/work/target/debug/deps --cap-lints allow`
[1m[32m   Compiling[0m hyper v0.14.32
[1m[32m     Running[0m `/usr/local/rustup/toolchains/1.86.0-aarch64-unknown-linux-gnu/bin/rustc --crate-name hyper --edition=2018 /usr/local/cargo/registry/src/index.crates.io-1949cf8c6b5b557f/hyper-0.14.32/src/lib.rs --error-format=json --json=diagnostic-rendered-ansi,artifacts,future-incompat --crate-type lib --emit=dep-info,metadata,link -C embed-bitcode=no -C debuginfo=2 --cfg 'feature="client"' --cfg 'feature="default"' --cfg 'feature="h2"' --cfg 'feature="http1"' --cfg 'feature="http2"' --cfg 'feature="runtime"' --cfg 'feature="server"' --cfg 'feature="socket2"' --cfg 'feature="stream"' --cfg 'feature="tcp"' --check-cfg 'cfg(docsrs,test)' --check-cfg 'cfg(feature, values("__internal_happy_eyeballs_tests", "backports", "client", "default", "deprecated", "ffi", "full", "h2", "http1", "http2", "libc", "nightly", "runtime", "server", "socket2", "stream", "tcp"))' -C metadata=bf6aadcb4d0a682c -C extra-filename=-b2931675f00b77a5 --out-dir /work/target/debug/deps -L dependency=/work/target/debug/deps --extern bytes=/work/target/debug/deps/libbytes-b7f26ff2edee4da7.rmeta --extern futures_channel=/work/target/debug/deps/libfutures_channel-88df6a0f03d53ee4.rmeta --extern futures_core=/work/target/debug/deps/libfutures_core-2a3a0b2e17309ffd.rmeta --extern futures_util=/work/target/debug/deps/libfutures_util-7d4e9e33dc8645e2.rmeta --extern h2=/work/target/debug/deps/libh2-7d1fedb4523c928c.rmeta --extern http=/work/target/debug/deps/libhttp-f6820c2e49977d38.rmeta --extern http_body=/work/target/debug/deps/libhttp_body-fd66c27d4f459942.rmeta --extern httparse=/work/target/debug/deps/libhttparse-8f79899ba9c7761d.rmeta --extern httpdate=/work/target/debug/deps/libhttpdate-904a2f0d4d5f22be.rmeta --extern itoa=/work/target/debug/deps/libitoa-da0e5894b0f1e0a5.rmeta --extern pin_project_lite=/work/target/debug/deps/libpin_project_lite-489eb5afe2d3bddf.rmeta --extern socket2=/work/target/debug/deps/libsocket2-7068fc6bc6756dd0.rmeta --extern tokio=/work/target/debug/deps/libtokio-d7b67b7161a91c5d.rmeta --extern tower_service=/work/target/debug/deps/libtower_service-3167d1a01e43302f.rmeta --extern tracing=/work/target/debug/deps/libtracing-ab9d44c27d15fd96.rmeta --extern want=/work/target/debug/deps/libwant-dd1029b07834139a.rmeta --cap-lints allow`
[1m[32m   Compiling[0m rustls v0.21.12
[1m[32m     Running[0m `/usr/local/rustup/toolchains/1.86.0-aarch64-unknown-linux-gnu/bin/rustc --crate-name build_script_build --edition=2021 /usr/local/cargo/registry/src/index.crates.io-1949cf8c6b5b557f/rustls-0.21.12/build.rs --error-format=json --json=diagnostic-rendered-ansi,artifacts,future-incompat --crate-type bin --emit=dep-info,link -C embed-bitcode=no --cfg 'feature="default"' --cfg 'feature="log"' --cfg 'feature="logging"' --cfg 'feature="tls12"' --check-cfg 'cfg(docsrs,test)' --check-cfg 'cfg(feature, values("dangerous_configuration", "default", "log", "logging", "quic", "read_buf", "rustversion", "secret_extraction", "tls12"))' -C metadata=a1ac94e20090ce8d -C extra-filename=-4781cff0236cd79a --out-dir /work/target/debug/build/rustls-4781cff0236cd79a -L dependency=/work/target/debug/deps --cap-lints allow`
[1m[32m   Compiling[0m sct v0.7.1
[1m[32m     Running[0m `/usr/local/rustup/toolchains/1.86.0-aarch64-unknown-linux-gnu/bin/rustc --crate-name sct --edition=2021 /usr/local/cargo/registry/src/index.crates.io-1949cf8c6b5b557f/sct-0.7.1/src/lib.rs --error-format=json --json=diagnostic-rendered-ansi,artifacts,future-incompat --crate-type lib --emit=dep-info,metadata,link -C embed-bitcode=no -C debuginfo=2 --check-cfg 'cfg(docsrs,test)' --check-cfg 'cfg(feature, values())' -C metadata=aaa31a0b81f9c3b8 -C extra-filename=-4d894fb5b9a97a2b --out-dir /work/target/debug/deps -L dependency=/work/target/debug/deps --extern ring=/work/target/debug/deps/libring-d2eb826f5138eb5c.rmeta --extern untrusted=/work/target/debug/deps/libuntrusted-ccac08fe448c8f54.rmeta --cap-lints allow -L native=/work/target/debug/build/ring-8e0c6db8efc0c12d/out`
[1m[32m     Running[0m `/work/target/debug/build/blake3-515d6f577afa3dca/build-script-build`
[1m[32m   Compiling[0m rustls-webpki v0.101.7
[1m[32m     Running[0m `/usr/local/rustup/toolchains/1.86.0-aarch64-unknown-linux-gnu/bin/rustc --crate-name webpki --edition=2021 /usr/local/cargo/registry/src/index.crates.io-1949cf8c6b5b557f/rustls-webpki-0.101.7/src/lib.rs --error-format=json --json=diagnostic-rendered-ansi,artifacts,future-incompat --crate-type lib --emit=dep-info,metadata,link -C embed-bitcode=no -C debuginfo=2 --cfg 'feature="alloc"' --cfg 'feature="default"' --cfg 'feature="std"' --check-cfg 'cfg(docsrs,test)' --check-cfg 'cfg(feature, values("alloc", "default", "std"))' -C metadata=27dbdd1f5bc28796 -C extra-filename=-1cd6945169e7276c --out-dir /work/target/debug/deps -L dependency=/work/target/debug/deps --extern ring=/work/target/debug/deps/libring-d2eb826f5138eb5c.rmeta --extern untrusted=/work/target/debug/deps/libuntrusted-ccac08fe448c8f54.rmeta --cap-lints allow -L native=/work/target/debug/build/ring-8e0c6db8efc0c12d/out`
[1m[32m   Compiling[0m base64 v0.21.7
[1m[32m     Running[0m `/usr/local/rustup/toolchains/1.86.0-aarch64-unknown-linux-gnu/bin/rustc --crate-name base64 --edition=2018 /usr/local/cargo/registry/src/index.crates.io-1949cf8c6b5b557f/base64-0.21.7/src/lib.rs --error-format=json --json=diagnostic-rendered-ansi,artifacts,future-incompat --crate-type lib --emit=dep-info,metadata,link -C embed-bitcode=no -C debuginfo=2 --cfg 'feature="alloc"' --cfg 'feature="default"' --cfg 'feature="std"' --check-cfg 'cfg(docsrs,test)' --check-cfg 'cfg(feature, values("alloc", "default", "std"))' -C metadata=6153dee76fb93947 -C extra-filename=-8dd52127e4098f54 --out-dir /work/target/debug/deps -L dependency=/work/target/debug/deps --cap-lints allow`
[1m[32m     Running[0m `/usr/local/rustup/toolchains/1.86.0-aarch64-unknown-linux-gnu/bin/rustc --crate-name blake3 --edition=2021 /usr/local/cargo/registry/src/index.crates.io-1949cf8c6b5b557f/blake3-1.8.2/src/lib.rs --error-format=json --json=diagnostic-rendered-ansi,artifacts,future-incompat --crate-type lib --emit=dep-info,metadata,link -C embed-bitcode=no -C debuginfo=2 --cfg 'feature="default"' --cfg 'feature="std"' --check-cfg 'cfg(docsrs,test)' --check-cfg 'cfg(feature, values("default", "digest", "mmap", "neon", "no_avx2", "no_avx512", "no_neon", "no_sse2", "no_sse41", "prefer_intrinsics", "pure", "rayon", "serde", "std", "traits-preview", "wasm32_simd", "zeroize"))' -C metadata=ad535b583368f8c0 -C extra-filename=-4b67e64e5e47eae7 --out-dir /work/target/debug/deps -L dependency=/work/target/debug/deps --extern arrayref=/work/target/debug/deps/libarrayref-d920fe879748675e.rmeta --extern arrayvec=/work/target/debug/deps/libarrayvec-27df31c51735493c.rmeta --extern cfg_if=/work/target/debug/deps/libcfg_if-3d86f520ef21fd6a.rmeta --extern constant_time_eq=/work/target/debug/deps/libconstant_time_eq-4e337d46595cec7f.rmeta --cap-lints allow -L native=/work/target/debug/build/blake3-1fad8c728f960609/out -l static=blake3_neon --cfg blake3_neon --check-cfg 'cfg(blake3_sse2_ffi, values(none()))' --check-cfg 'cfg(blake3_sse2_rust, values(none()))' --check-cfg 'cfg(blake3_sse41_ffi, values(none()))' --check-cfg 'cfg(blake3_sse41_rust, values(none()))' --check-cfg 'cfg(blake3_avx2_ffi, values(none()))' --check-cfg 'cfg(blake3_avx2_rust, values(none()))' --check-cfg 'cfg(blake3_avx512_ffi, values(none()))' --check-cfg 'cfg(blake3_neon, values(none()))' --check-cfg 'cfg(blake3_wasm32_simd, values(none()))'`
[1m[32m   Compiling[0m prettyplease v0.2.32
[1m[32m     Running[0m `/usr/local/rustup/toolchains/1.86.0-aarch64-unknown-linux-gnu/bin/rustc --crate-name build_script_build --edition=2021 /usr/local/cargo/registry/src/index.crates.io-1949cf8c6b5b557f/prettyplease-0.2.32/build.rs --error-format=json --json=diagnostic-rendered-ansi,artifacts,future-incompat --crate-type bin --emit=dep-info,link -C embed-bitcode=no --check-cfg 'cfg(docsrs,test)' --check-cfg 'cfg(feature, values("verbatim"))' -C metadata=02914b175750916c -C extra-filename=-e748dff75e0f8fd0 --out-dir /work/target/debug/build/prettyplease-e748dff75e0f8fd0 -L dependency=/work/target/debug/deps --cap-lints allow`
[1m[32m     Running[0m `/work/target/debug/build/rustversion-3d35a7829627cc4f/build-script-build`
[1m[32m   Compiling[0m datafusion-common-runtime v50.0.0
[1m[32m     Running[0m `/usr/local/rustup/toolchains/1.86.0-aarch64-unknown-linux-gnu/bin/rustc --crate-name datafusion_common_runtime --edition=2021 /usr/local/cargo/registry/src/index.crates.io-1949cf8c6b5b557f/datafusion-common-runtime-50.0.0/src/lib.rs --error-format=json --json=diagnostic-rendered-ansi,artifacts,future-incompat --crate-type lib --emit=dep-info,metadata,link -C embed-bitcode=no -C debuginfo=2 '--warn=clippy::used_underscore_binding' --deny=unused_qualifications '--warn=clippy::unnecessary_lazy_evaluations' '--warn=clippy::uninlined_format_args' --warn=unexpected_cfgs '--warn=clippy::or_fun_call' '--warn=clippy::large_futures' --check-cfg 'cfg(datafusion_coop, values("tokio", "tokio_fallback", "per_stream"))' --check-cfg 'cfg(tarpaulin)' --check-cfg 'cfg(tarpaulin_include)' --check-cfg 'cfg(docsrs,test)' --check-cfg 'cfg(feature, values())' -C metadata=2751a2a156c29398 -C extra-filename=-cdd60e6a68d95f41 --out-dir /work/target/debug/deps -L dependency=/work/target/debug/deps --extern futures=/work/target/debug/deps/libfutures-ac7c7da181c731af.rmeta --extern log=/work/target/debug/deps/liblog-b9fcf50dffa3f048.rmeta --extern tokio=/work/target/debug/deps/libtokio-d7b67b7161a91c5d.rmeta --cap-lints allow`
[1m[32m     Running[0m `/usr/local/rustup/toolchains/1.86.0-aarch64-unknown-linux-gnu/bin/rustc --crate-name rustversion --edition=2018 /usr/local/cargo/registry/src/index.crates.io-1949cf8c6b5b557f/rustversion-1.0.20/src/lib.rs --error-format=json --json=diagnostic-rendered-ansi,artifacts,future-incompat --crate-type proc-macro --emit=dep-info,link -C prefer-dynamic -C embed-bitcode=no --check-cfg 'cfg(docsrs,test)' --check-cfg 'cfg(feature, values())' -C metadata=a90a5cdb6e4a2318 -C extra-filename=-14a42bd42303a147 --out-dir /work/target/debug/deps -L dependency=/work/target/debug/deps --extern proc_macro --cap-lints allow --check-cfg 'cfg(cfg_macro_not_allowed)' --check-cfg 'cfg(host_os, values("windows"))'`
[1m[32m   Compiling[0m rustls-pemfile v1.0.4
[1m[32m     Running[0m `/usr/local/rustup/toolchains/1.86.0-aarch64-unknown-linux-gnu/bin/rustc --crate-name rustls_pemfile --edition=2018 /usr/local/cargo/registry/src/index.crates.io-1949cf8c6b5b557f/rustls-pemfile-1.0.4/src/lib.rs --error-format=json --json=diagnostic-rendered-ansi,artifacts,future-incompat --crate-type lib --emit=dep-info,metadata,link -C embed-bitcode=no -C debuginfo=2 --check-cfg 'cfg(docsrs,test)' --check-cfg 'cfg(feature, values())' -C metadata=709156b1a835317b -C extra-filename=-fa029833ac2f566c --out-dir /work/target/debug/deps -L dependency=/work/target/debug/deps --extern base64=/work/target/debug/deps/libbase64-8dd52127e4098f54.rmeta --cap-lints allow`
[1m[32m     Running[0m `/work/target/debug/build/rustls-4781cff0236cd79a/build-script-build`
[1m[32m     Running[0m `/usr/local/rustup/toolchains/1.86.0-aarch64-unknown-linux-gnu/bin/rustc --crate-name rustls --edition=2021 /usr/local/cargo/registry/src/index.crates.io-1949cf8c6b5b557f/rustls-0.21.12/src/lib.rs --error-format=json --json=diagnostic-rendered-ansi,artifacts,future-incompat --crate-type lib --emit=dep-info,metadata,link -C embed-bitcode=no -C debuginfo=2 --cfg 'feature="default"' --cfg 'feature="log"' --cfg 'feature="logging"' --cfg 'feature="tls12"' --check-cfg 'cfg(docsrs,test)' --check-cfg 'cfg(feature, values("dangerous_configuration", "default", "log", "logging", "quic", "read_buf", "rustversion", "secret_extraction", "tls12"))' -C metadata=7626140e40afc26e -C extra-filename=-d53cd2aeac8732c1 --out-dir /work/target/debug/deps -L dependency=/work/target/debug/deps --extern log=/work/target/debug/deps/liblog-b9fcf50dffa3f048.rmeta --extern ring=/work/target/debug/deps/libring-d2eb826f5138eb5c.rmeta --extern webpki=/work/target/debug/deps/libwebpki-1cd6945169e7276c.rmeta --extern sct=/work/target/debug/deps/libsct-4d894fb5b9a97a2b.rmeta --cap-lints allow -L native=/work/target/debug/build/ring-8e0c6db8efc0c12d/out`
[1m[32m   Compiling[0m lazy_static v1.5.0
[1m[32m     Running[0m `/usr/local/rustup/toolchains/1.86.0-aarch64-unknown-linux-gnu/bin/rustc --crate-name lazy_static --edition=2015 /usr/local/cargo/registry/src/index.crates.io-1949cf8c6b5b557f/lazy_static-1.5.0/src/lib.rs --error-format=json --json=diagnostic-rendered-ansi,artifacts,future-incompat --crate-type lib --emit=dep-info,metadata,link -C embed-bitcode=no -C debuginfo=2 --cfg 'feature="spin"' --cfg 'feature="spin_no_std"' --check-cfg 'cfg(docsrs,test)' --check-cfg 'cfg(feature, values("spin", "spin_no_std"))' -C metadata=a9cf027f536f2582 -C extra-filename=-8fe60b5543d1fbcb --out-dir /work/target/debug/deps -L dependency=/work/target/debug/deps --extern spin=/work/target/debug/deps/libspin-affd2d394170523c.rmeta --cap-lints allow`
[1m[32m   Compiling[0m datafusion-expr-common v50.0.0
[1m[32m     Running[0m `/usr/local/rustup/toolchains/1.86.0-aarch64-unknown-linux-gnu/bin/rustc --crate-name datafusion_expr_common --edition=2021 /usr/local/cargo/registry/src/index.crates.io-1949cf8c6b5b557f/datafusion-expr-common-50.0.0/src/lib.rs --error-format=json --json=diagnostic-rendered-ansi,artifacts,future-incompat --crate-type lib --emit=dep-info,metadata,link -C embed-bitcode=no -C debuginfo=2 '--warn=clippy::used_underscore_binding' --deny=unused_qualifications '--warn=clippy::unnecessary_lazy_evaluations' '--warn=clippy::uninlined_format_args' --warn=unexpected_cfgs '--warn=clippy::or_fun_call' '--warn=clippy::large_futures' --check-cfg 'cfg(datafusion_coop, values("tokio", "tokio_fallback", "per_stream"))' --check-cfg 'cfg(tarpaulin)' --check-cfg 'cfg(tarpaulin_include)' --check-cfg 'cfg(docsrs,test)' --check-cfg 'cfg(feature, values())' -C metadata=a22da8cad5baa046 -C extra-filename=-b02da2eb3e38763d --out-dir /work/target/debug/deps -L dependency=/work/target/debug/deps --extern arrow=/work/target/debug/deps/libarrow-3092aa064421e7bd.rmeta --extern datafusion_common=/work/target/debug/deps/libdatafusion_common-0c87660f0af65d94.rmeta --extern indexmap=/work/target/debug/deps/libindexmap-ceec0bef1e2d0582.rmeta --extern itertools=/work/target/debug/deps/libitertools-bc612184f5a7df17.rmeta --extern paste=/work/target/debug/deps/libpaste-afb10c11da142ed0.so --cap-lints allow`
[1m[32m   Compiling[0m darling v0.20.11
[1m[32m     Running[0m `/usr/local/rustup/toolchains/1.86.0-aarch64-unknown-linux-gnu/bin/rustc --crate-name darling --edition=2021 /usr/local/cargo/registry/src/index.crates.io-1949cf8c6b5b557f/darling-0.20.11/src/lib.rs --error-format=json --json=diagnostic-rendered-ansi,artifacts,future-incompat --crate-type lib --emit=dep-info,metadata,link -C embed-bitcode=no --warn=unexpected_cfgs --check-cfg 'cfg(compiletests)' --cfg 'feature="default"' --cfg 'feature="suggestions"' --check-cfg 'cfg(docsrs,test)' --check-cfg 'cfg(feature, values("default", "diagnostics", "suggestions"))' -C metadata=c60886257eb47c36 -C extra-filename=-1463af28fedc657e --out-dir /work/target/debug/deps -L dependency=/work/target/debug/deps --extern darling_core=/work/target/debug/deps/libdarling_core-8cc5c8895c45946f.rmeta --extern darling_macro=/work/target/debug/deps/libdarling_macro-dfa0a0044ec062fc.so --cap-lints allow`
[1m[32m     Running[0m `/work/target/debug/build/lzma-sys-c714e4a939416457/build-script-build`
[1m[32m     Running[0m `/work/target/debug/build/bzip2-sys-e47a2610359cb201/build-script-build`
[1m[32m   Compiling[0m rustls-native-certs v0.6.3
[1m[32m     Running[0m `/usr/local/rustup/toolchains/1.86.0-aarch64-unknown-linux-gnu/bin/rustc --crate-name rustls_native_certs --edition=2021 /usr/local/cargo/registry/src/index.crates.io-1949cf8c6b5b557f/rustls-native-certs-0.6.3/src/lib.rs --error-format=json --json=diagnostic-rendered-ansi,artifacts,future-incompat --crate-type lib --emit=dep-info,metadata,link -C embed-bitcode=no -C debuginfo=2 --check-cfg 'cfg(docsrs,test)' --check-cfg 'cfg(feature, values())' -C metadata=ee817d111581c033 -C extra-filename=-32177a2fe875ed02 --out-dir /work/target/debug/deps -L dependency=/work/target/debug/deps --extern openssl_probe=/work/target/debug/deps/libopenssl_probe-f21dc1f0eeafbcd9.rmeta --extern rustls_pemfile=/work/target/debug/deps/librustls_pemfile-fa029833ac2f566c.rmeta --cap-lints allow`
[1m[32m     Running[0m `/work/target/debug/build/prettyplease-e748dff75e0f8fd0/build-script-build`
[1m[32m     Running[0m `/usr/local/rustup/toolchains/1.86.0-aarch64-unknown-linux-gnu/bin/rustc --crate-name prettyplease --edition=2021 /usr/local/cargo/registry/src/index.crates.io-1949cf8c6b5b557f/prettyplease-0.2.32/src/lib.rs --error-format=json --json=diagnostic-rendered-ansi,artifacts,future-incompat --crate-type lib --emit=dep-info,metadata,link -C embed-bitcode=no --check-cfg 'cfg(docsrs,test)' --check-cfg 'cfg(feature, values("verbatim"))' -C metadata=25ff0e7134475121 -C extra-filename=-4896c9ece2857da6 --out-dir /work/target/debug/deps -L dependency=/work/target/debug/deps --extern proc_macro2=/work/target/debug/deps/libproc_macro2-49fdc668fa64569f.rmeta --extern syn=/work/target/debug/deps/libsyn-9373f942e3578afe.rmeta --cap-lints allow --check-cfg 'cfg(exhaustive)' --check-cfg 'cfg(prettyplease_debug)' --check-cfg 'cfg(prettyplease_debug_indent)'`
[1m[32m   Compiling[0m libbz2-rs-sys v0.2.1
[1m[32m     Running[0m `/usr/local/rustup/toolchains/1.86.0-aarch64-unknown-linux-gnu/bin/rustc --crate-name libbz2_rs_sys --edition=2021 /usr/local/cargo/registry/src/index.crates.io-1949cf8c6b5b557f/libbz2-rs-sys-0.2.1/src/lib.rs --error-format=json --json=diagnostic-rendered-ansi,artifacts,future-incompat --crate-type lib --emit=dep-info,metadata,link -C embed-bitcode=no -C debuginfo=2 --cfg 'feature="rust-allocator"' --check-cfg 'cfg(docsrs,test)' --check-cfg 'cfg(feature, values("__internal-fuzz-disable-checksum", "c-allocator", "custom-prefix", "default", "export-symbols", "rust-allocator", "semver-prefix", "std", "stdio", "testing-prefix"))' -C metadata=a32d9b1bcfe41d71 -C extra-filename=-b9ac2fbb454b233b --out-dir /work/target/debug/deps -L dependency=/work/target/debug/deps --cap-lints allow`
[1m[32m   Compiling[0m aws-credential-types v1.2.3
[1m[32m     Running[0m `/usr/local/rustup/toolchains/1.86.0-aarch64-unknown-linux-gnu/bin/rustc --crate-name aws_credential_types --edition=2021 /usr/local/cargo/registry/src/index.crates.io-1949cf8c6b5b557f/aws-credential-types-1.2.3/src/lib.rs --error-format=json --json=diagnostic-rendered-ansi,artifacts,future-incompat --crate-type lib --emit=dep-info,metadata,link -C embed-bitcode=no -C debuginfo=2 --cfg 'feature="test-util"' --check-cfg 'cfg(docsrs,test)' --check-cfg 'cfg(feature, values("hardcoded-credentials", "test-util"))' -C metadata=bc9960505831e040 -C extra-filename=-b0458acaef3c2fab --out-dir /work/target/debug/deps -L dependency=/work/target/debug/deps --extern aws_smithy_async=/work/target/debug/deps/libaws_smithy_async-52830edbbc205df5.rmeta --extern aws_smithy_runtime_api=/work/target/debug/deps/libaws_smithy_runtime_api-e20a7c9bdfdec073.rmeta --extern aws_smithy_types=/work/target/debug/deps/libaws_smithy_types-388054aeef446a43.rmeta --extern zeroize=/work/target/debug/deps/libzeroize-adb892c59a9f27ec.rmeta --cap-lints allow`
[1m[32m   Compiling[0m aws-smithy-http v0.62.1
[1m[32m     Running[0m `/usr/local/rustup/toolchains/1.86.0-aarch64-unknown-linux-gnu/bin/rustc --crate-name aws_smithy_http --edition=2021 /usr/local/cargo/registry/src/index.crates.io-1949cf8c6b5b557f/aws-smithy-http-0.62.1/src/lib.rs --error-format=json --json=diagnostic-rendered-ansi,artifacts,future-incompat --crate-type lib --emit=dep-info,metadata,link -C embed-bitcode=no -C debuginfo=2 --check-cfg 'cfg(docsrs,test)' --check-cfg 'cfg(feature, values("aws-smithy-eventstream", "event-stream", "rt-tokio"))' -C metadata=4921cea7d8f64054 -C extra-filename=-1d25996db5b04f28 --out-dir /work/target/debug/deps -L dependency=/work/target/debug/deps --extern aws_smithy_runtime_api=/work/target/debug/deps/libaws_smithy_runtime_api-e20a7c9bdfdec073.rmeta --extern aws_smithy_types=/work/target/debug/deps/libaws_smithy_types-388054aeef446a43.rmeta --extern bytes=/work/target/debug/deps/libbytes-b7f26ff2edee4da7.rmeta --extern bytes_utils=/work/target/debug/deps/libbytes_utils-9176d3b5d8cefa59.rmeta --extern futures_core=/work/target/debug/deps/libfutures_core-2a3a0b2e17309ffd.rmeta --extern http_02x=/work/target/debug/deps/libhttp-f6820c2e49977d38.rmeta --extern http_1x=/work/target/debug/deps/libhttp-bc84ffa0ce9e08c1.rmeta --extern http_body_04x=/work/target/debug/deps/libhttp_body-fd66c27d4f459942.rmeta --extern percent_encoding=/work/target/debug/deps/libpercent_encoding-68d8dbd3afa04ab5.rmeta --extern pin_project_lite=/work/target/debug/deps/libpin_project_lite-489eb5afe2d3bddf.rmeta --extern pin_utils=/work/target/debug/deps/libpin_utils-5adeda489b1522e2.rmeta --extern tracing=/work/target/debug/deps/libtracing-ab9d44c27d15fd96.rmeta --cap-lints allow`
[1m[32m   Compiling[0m aws-types v1.3.7
[1m[32m     Running[0m `/usr/local/rustup/toolchains/1.86.0-aarch64-unknown-linux-gnu/bin/rustc --crate-name build_script_build --edition=2021 /usr/local/cargo/registry/src/index.crates.io-1949cf8c6b5b557f/aws-types-1.3.7/build.rs --error-format=json --json=diagnostic-rendered-ansi,artifacts,future-incompat --crate-type bin --emit=dep-info,link -C embed-bitcode=no --check-cfg 'cfg(docsrs,test)' --check-cfg 'cfg(feature, values("aws-smithy-runtime", "examples"))' -C metadata=4739c68d8e392eaa -C extra-filename=-d5acebf15890da62 --out-dir /work/target/debug/build/aws-types-d5acebf15890da62 -L dependency=/work/target/debug/deps --extern rustc_version=/work/target/debug/deps/librustc_version-3fe58f6d0ea50120.rlib --cap-lints allow`
[1m[32m   Compiling[0m tokio-rustls v0.24.1
[1m[32m     Running[0m `/usr/local/rustup/toolchains/1.86.0-aarch64-unknown-linux-gnu/bin/rustc --crate-name tokio_rustls --edition=2018 /usr/local/cargo/registry/src/index.crates.io-1949cf8c6b5b557f/tokio-rustls-0.24.1/src/lib.rs --error-format=json --json=diagnostic-rendered-ansi,artifacts,future-incompat --crate-type lib --emit=dep-info,metadata,link -C embed-bitcode=no -C debuginfo=2 --cfg 'feature="logging"' --cfg 'feature="tls12"' --check-cfg 'cfg(docsrs,test)' --check-cfg 'cfg(feature, values("dangerous_configuration", "default", "early-data", "logging", "secret_extraction", "tls12"))' -C metadata=48b64dc77b82e4d1 -C extra-filename=-f34172051d8e802d --out-dir /work/target/debug/deps -L dependency=/work/target/debug/deps --extern rustls=/work/target/debug/deps/librustls-d53cd2aeac8732c1.rmeta --extern tokio=/work/target/debug/deps/libtokio-d7b67b7161a91c5d.rmeta --cap-lints allow -L native=/work/target/debug/build/ring-8e0c6db8efc0c12d/out`
[1m[32m   Compiling[0m datafusion-physical-expr-common v50.0.0
[1m[32m     Running[0m `/usr/local/rustup/toolchains/1.86.0-aarch64-unknown-linux-gnu/bin/rustc --crate-name datafusion_physical_expr_common --edition=2021 /usr/local/cargo/registry/src/index.crates.io-1949cf8c6b5b557f/datafusion-physical-expr-common-50.0.0/src/lib.rs --error-format=json --json=diagnostic-rendered-ansi,artifacts,future-incompat --crate-type lib --emit=dep-info,metadata,link -C embed-bitcode=no -C debuginfo=2 '--warn=clippy::used_underscore_binding' --deny=unused_qualifications '--warn=clippy::unnecessary_lazy_evaluations' '--warn=clippy::uninlined_format_args' --warn=unexpected_cfgs '--warn=clippy::or_fun_call' '--warn=clippy::large_futures' --check-cfg 'cfg(datafusion_coop, values("tokio", "tokio_fallback", "per_stream"))' --check-cfg 'cfg(tarpaulin)' --check-cfg 'cfg(tarpaulin_include)' --check-cfg 'cfg(docsrs,test)' --check-cfg 'cfg(feature, values())' -C metadata=6645cf2ae662e17c -C extra-filename=-3caed9a3ddd8935f --out-dir /work/target/debug/deps -L dependency=/work/target/debug/deps --extern ahash=/work/target/debug/deps/libahash-75d3b4e597d9842a.rmeta --extern arrow=/work/target/debug/deps/libarrow-3092aa064421e7bd.rmeta --extern datafusion_common=/work/target/debug/deps/libdatafusion_common-0c87660f0af65d94.rmeta --extern datafusion_expr_common=/work/target/debug/deps/libdatafusion_expr_common-b02da2eb3e38763d.rmeta --extern hashbrown=/work/target/debug/deps/libhashbrown-6bde7ff4f9708e4b.rmeta --extern itertools=/work/target/debug/deps/libitertools-bc612184f5a7df17.rmeta --cap-lints allow`
[1m[32m   Compiling[0m bon-macros v3.6.3
[1m[32m     Running[0m `/usr/local/rustup/toolchains/1.86.0-aarch64-unknown-linux-gnu/bin/rustc --crate-name bon_macros --edition=2021 /usr/local/cargo/registry/src/index.crates.io-1949cf8c6b5b557f/bon-macros-3.6.3/src/lib.rs --error-format=json --json=diagnostic-rendered-ansi,artifacts,future-incompat --crate-type proc-macro --emit=dep-info,link -C prefer-dynamic -C embed-bitcode=no '--warn=clippy::nursery' '--warn=clippy::pedantic' '--warn=clippy::zero_sized_map_values' '--warn=clippy::wildcard_dependencies' '--warn=clippy::verbose_bit_mask' --warn=variant_size_differences '--warn=clippy::useless_transmute' '--warn=clippy::useless_let_if_seq' '--warn=clippy::unused_rounding' --warn=unused_qualifications '--warn=clippy::unused_peekable' --warn=unused_macro_rules --warn=unused_lifetimes --warn=unused_import_braces --warn=unused_extern_crates '--warn=clippy::unused_async' --warn=unstable_features --warn=unsafe_code --warn=unreachable_pub '--warn=clippy::unnested_or_patterns' '--warn=clippy::unnecessary_wraps' '--warn=clippy::unnecessary_struct_initialization' '--warn=clippy::unnecessary_self_imports' '--warn=clippy::unnecessary_join' --warn=unnameable_types --warn=unit_bindings '--warn=clippy::unicode_not_nfc' --warn=unexpected_cfgs '--warn=rustdoc::unescaped_backticks' '--warn=clippy::unchecked_duration_subtraction' '--warn=clippy::type_repetition_in_bounds' '--warn=clippy::try_err' --warn=trivial_numeric_casts --warn=trivial_casts '--warn=clippy::transmute_undefined_repr' '--warn=clippy::transmute_ptr_to_ptr' '--warn=clippy::trait_duplication_in_bounds' '--warn=clippy::trailing_empty_array' '--warn=clippy::suspicious_xor_used_as_pow' '--warn=clippy::suspicious_operation_groupings' '--warn=clippy::suboptimal_flops' '--warn=clippy::string_to_string' '--warn=clippy::string_lit_as_bytes' --warn=single_use_lifetimes '--warn=clippy::same_functions_in_if_condition' '--warn=clippy::rest_pat_in_fully_bound_structs' '--warn=clippy::ref_option_ref' '--warn=clippy::ref_binding_to_reference' --warn=redundant_lifetimes '--warn=clippy::redundant_feature_names' '--warn=clippy::redundant_clone' '--warn=clippy::read_zero_byte_vec' '--warn=clippy::rc_mutex' '--warn=clippy::rc_buffer' '--warn=clippy::range_plus_one' '--warn=clippy::range_minus_one' '--warn=clippy::ptr_as_ptr' '--warn=clippy::path_buf_push_overwrite' '--warn=clippy::or_fun_call' '--warn=clippy::nonstandard_macro_braces' '--warn=clippy::non_send_fields_in_send_ty' --warn=non_local_definitions --warn=non_ascii_idents '--warn=clippy::no_mangle_with_rust_abi' '--warn=clippy::no_effect_underscore_binding' '--warn=clippy::negative_feature_names' '--warn=clippy::needless_for_each' '--warn=clippy::needless_continue' '--warn=clippy::needless_collect' '--warn=clippy::needless_bitwise_bool' '--warn=clippy::naive_bytecount' '--warn=clippy::mut_mut' '--warn=clippy::mixed_read_write_in_expression' --warn=missing_unsafe_on_extern --warn=missing_docs --warn=missing_debug_implementations '--warn=rustdoc::missing_crate_level_docs' --warn=missing_abi --warn=meta_variable_misuse '--warn=clippy::maybe_infinite_iter' '--warn=clippy::match_wild_err_arm' '--warn=clippy::match_on_vec_items' '--allow=clippy::map_unwrap_or' '--warn=clippy::map_flatten' '--warn=clippy::many_single_char_names' '--warn=clippy::manual_ok_or' '--allow=clippy::manual_let_else' '--warn=clippy::manual_instant_elapsed' '--warn=clippy::manual_clamp' --warn=macro_use_extern_crate '--warn=clippy::lossy_float_literal' '--warn=clippy::linkedlist' --warn=let_underscore_drop '--warn=clippy::large_include_file' '--warn=clippy::iter_with_drain' '--warn=clippy::iter_on_empty_collections' '--warn=clippy::iter_not_returning_iterator' '--warn=clippy::invalid_upcast_comparisons' '--warn=clippy::index_refutable_slice' '--warn=clippy::imprecise_flops' '--warn=clippy::implicit_saturating_sub' '--warn=clippy::implicit_clone' '--warn=clippy::if_then_some_else_none' '--warn=clippy::format_push_string' '--warn=clippy::fn_to_numeric_cast_any' '--warn=clippy::fn_params_excessive_bools' '--warn=clippy::float_cmp' '--warn=clippy::flat_map_option' '--warn=clippy::filter_map_next' --warn=ffi_unwind_calls --warn=explicit_outlives_requirements '--warn=clippy::explicit_iter_loop' '--warn=clippy::explicit_into_iter_loop' '--warn=clippy::expl_impl_clone_on_copy' '--warn=clippy::empty_line_after_outer_attr' '--warn=clippy::empty_line_after_doc_comments' '--warn=clippy::empty_drop' --warn=elided_lifetimes_in_paths '--warn=clippy::doc_markdown' '--warn=clippy::doc_link_with_quotes' --warn=deprecated_safe '--warn=clippy::default_union_representation' '--warn=clippy::debug_assert_with_mut_call' '--warn=clippy::dbg_macro' '--warn=clippy::copy_iterator' '--warn=clippy::collection_is_never_read' '--warn=clippy::cloned_instead_of_copied' '--warn=clippy::clear_with_drain' '--warn=clippy::checked_conversions' '--warn=clippy::cast_ptr_alignment' '--warn=clippy::cast_lossless' '--warn=clippy::branches_sharing_code' '--warn=clippy::borrow_as_ptr' '--warn=clippy::bool_to_int_with_if' '--warn=clippy::await_holding_refcell_ref' '--warn=clippy::assertions_on_result_states' --warn=rust_2024_compatibility --allow=tail_expr_drop_order --check-cfg 'cfg(nightly)' --cfg 'feature="default"' --check-cfg 'cfg(docsrs,test)' --check-cfg 'cfg(feature, values("default", "experimental-overwritable", "implied-bounds"))' -C metadata=5474d06d25cf7d43 -C extra-filename=-4000ded6afd81506 --out-dir /work/target/debug/deps -L dependency=/work/target/debug/deps --extern darling=/work/target/debug/deps/libdarling-1463af28fedc657e.rlib --extern ident_case=/work/target/debug/deps/libident_case-405d8a5e2db62129.rlib --extern prettyplease=/work/target/debug/deps/libprettyplease-4896c9ece2857da6.rlib --extern proc_macro2=/work/target/debug/deps/libproc_macro2-49fdc668fa64569f.rlib --extern quote=/work/target/debug/deps/libquote-38f780051616e59b.rlib --extern rustversion=/work/target/debug/deps/librustversion-14a42bd42303a147.so --extern syn=/work/target/debug/deps/libsyn-9373f942e3578afe.rlib --extern proc_macro --cap-lints allow`
[1m[32m   Compiling[0m bzip2 v0.6.0
[1m[32m     Running[0m `/usr/local/rustup/toolchains/1.86.0-aarch64-unknown-linux-gnu/bin/rustc --crate-name bzip2 --edition=2021 /usr/local/cargo/registry/src/index.crates.io-1949cf8c6b5b557f/bzip2-0.6.0/src/lib.rs --error-format=json --json=diagnostic-rendered-ansi,artifacts,future-incompat --crate-type lib --emit=dep-info,metadata,link -C embed-bitcode=no -C debuginfo=2 --cfg 'feature="default"' --check-cfg 'cfg(docsrs,test)' --check-cfg 'cfg(feature, values("bzip2-sys", "default", "static"))' -C metadata=d7db37322d5f5d24 -C extra-filename=-df23c12c2b23552d --out-dir /work/target/debug/deps -L dependency=/work/target/debug/deps --extern libbz2_rs_sys=/work/target/debug/deps/liblibbz2_rs_sys-b9ac2fbb454b233b.rmeta --cap-lints allow`
[1m[32m   Compiling[0m derive_builder_core v0.20.2
[1m[32m     Running[0m `/usr/local/rustup/toolchains/1.86.0-aarch64-unknown-linux-gnu/bin/rustc --crate-name derive_builder_core --edition=2018 /usr/local/cargo/registry/src/index.crates.io-1949cf8c6b5b557f/derive_builder_core-0.20.2/src/lib.rs --error-format=json --json=diagnostic-rendered-ansi,artifacts,future-incompat --crate-type lib --emit=dep-info,metadata,link -C embed-bitcode=no --cfg 'feature="lib_has_std"' --check-cfg 'cfg(docsrs,test)' --check-cfg 'cfg(feature, values("alloc", "clippy", "lib_has_std"))' -C metadata=a576aa09f7e2ddff -C extra-filename=-7aa61e38215b6f10 --out-dir /work/target/debug/deps -L dependency=/work/target/debug/deps --extern darling=/work/target/debug/deps/libdarling-1463af28fedc657e.rmeta --extern proc_macro2=/work/target/debug/deps/libproc_macro2-49fdc668fa64569f.rmeta --extern quote=/work/target/debug/deps/libquote-38f780051616e59b.rmeta --extern syn=/work/target/debug/deps/libsyn-9373f942e3578afe.rmeta --cap-lints allow`
[1m[32m     Running[0m `/usr/local/rustup/toolchains/1.86.0-aarch64-unknown-linux-gnu/bin/rustc --crate-name bzip2_sys --edition=2015 /usr/local/cargo/registry/src/index.crates.io-1949cf8c6b5b557f/bzip2-sys-0.1.13+1.0.8/lib.rs --error-format=json --json=diagnostic-rendered-ansi,artifacts,future-incompat --crate-type lib --emit=dep-info,metadata,link -C embed-bitcode=no -C debuginfo=2 --check-cfg 'cfg(docsrs,test)' --check-cfg 'cfg(feature, values("__disabled", "static"))' -C metadata=6c1abe3088f47c03 -C extra-filename=-f88c35993dccfcae --out-dir /work/target/debug/deps -L dependency=/work/target/debug/deps --cap-lints allow -L native=/work/target/debug/build/bzip2-sys-583c37f52eea31fd/out/lib -l static=bz2`
[1m[32m   Compiling[0m heck v0.5.0
[1m[32m     Running[0m `/usr/local/rustup/toolchains/1.86.0-aarch64-unknown-linux-gnu/bin/rustc --crate-name heck --edition=2021 /usr/local/cargo/registry/src/index.crates.io-1949cf8c6b5b557f/heck-0.5.0/src/lib.rs --error-format=json --json=diagnostic-rendered-ansi,artifacts,future-incompat --crate-type lib --emit=dep-info,metadata,link -C embed-bitcode=no --check-cfg 'cfg(docsrs,test)' --check-cfg 'cfg(feature, values())' -C metadata=4684076a158ad527 -C extra-filename=-b87ef7d182f24229 --out-dir /work/target/debug/deps -L dependency=/work/target/debug/deps --cap-lints allow`
[1m[32m   Compiling[0m rust_decimal v1.37.1
[1m[32m     Running[0m `/usr/local/rustup/toolchains/1.86.0-aarch64-unknown-linux-gnu/bin/rustc --crate-name build_script_build --edition=2021 /usr/local/cargo/registry/src/index.crates.io-1949cf8c6b5b557f/rust_decimal-1.37.1/build.rs --error-format=json --json=diagnostic-rendered-ansi,artifacts,future-incompat --crate-type bin --emit=dep-info,link -C embed-bitcode=no --cfg 'feature="default"' --cfg 'feature="serde"' --cfg 'feature="std"' --check-cfg 'cfg(docsrs,test)' --check-cfg 'cfg(feature, values("borsh", "c-repr", "db-diesel-mysql", "db-diesel-postgres", "db-diesel2-mysql", "db-diesel2-postgres", "db-postgres", "db-tokio-postgres", "default", "diesel", "legacy-ops", "macros", "maths", "maths-nopanic", "ndarray", "proptest", "rand", "rand-0_9", "rkyv", "rkyv-safe", "rocket-traits", "rust-fuzz", "serde", "serde-arbitrary-precision", "serde-bincode", "serde-float", "serde-str", "serde-with-arbitrary-precision", "serde-with-float", "serde-with-str", "serde_json", "std", "tokio-pg", "tokio-postgres"))' -C metadata=843270be828e32c0 -C extra-filename=-ee106b19ae6ccbf3 --out-dir /work/target/debug/build/rust_decimal-ee106b19ae6ccbf3 -L dependency=/work/target/debug/deps --cap-lints allow`
[1m[32m   Compiling[0m glob v0.3.2
[1m[32m     Running[0m `/usr/local/rustup/toolchains/1.86.0-aarch64-unknown-linux-gnu/bin/rustc --crate-name glob --edition=2015 /usr/local/cargo/registry/src/index.crates.io-1949cf8c6b5b557f/glob-0.3.2/src/lib.rs --error-format=json --json=diagnostic-rendered-ansi,artifacts,future-incompat --crate-type lib --emit=dep-info,metadata,link -C embed-bitcode=no -C debuginfo=2 --check-cfg 'cfg(docsrs,test)' --check-cfg 'cfg(feature, values())' -C metadata=67723939da298fdf -C extra-filename=-b0d4ee105be164a3 --out-dir /work/target/debug/deps -L dependency=/work/target/debug/deps --cap-lints allow`
[1m[32m   Compiling[0m hyper-rustls v0.24.2
[1m[32m     Running[0m `/usr/local/rustup/toolchains/1.86.0-aarch64-unknown-linux-gnu/bin/rustc --crate-name hyper_rustls --edition=2021 /usr/local/cargo/registry/src/index.crates.io-1949cf8c6b5b557f/hyper-rustls-0.24.2/src/lib.rs --error-format=json --json=diagnostic-rendered-ansi,artifacts,future-incompat --crate-type lib --emit=dep-info,metadata,link -C embed-bitcode=no -C debuginfo=2 --cfg 'feature="acceptor"' --cfg 'feature="default"' --cfg 'feature="http1"' --cfg 'feature="http2"' --cfg 'feature="log"' --cfg 'feature="logging"' --cfg 'feature="native-tokio"' --cfg 'feature="rustls-native-certs"' --cfg 'feature="tls12"' --cfg 'feature="tokio-runtime"' --check-cfg 'cfg(docsrs,test)' --check-cfg 'cfg(feature, values("acceptor", "default", "http1", "http2", "log", "logging", "native-tokio", "rustls-native-certs", "tls12", "tokio-runtime", "webpki-roots", "webpki-tokio"))' -C metadata=0609df95ac650b23 -C extra-filename=-487fade64269ce84 --out-dir /work/target/debug/deps -L dependency=/work/target/debug/deps --extern futures_util=/work/target/debug/deps/libfutures_util-7d4e9e33dc8645e2.rmeta --extern http=/work/target/debug/deps/libhttp-f6820c2e49977d38.rmeta --extern hyper=/work/target/debug/deps/libhyper-b2931675f00b77a5.rmeta --extern log=/work/target/debug/deps/liblog-b9fcf50dffa3f048.rmeta --extern rustls=/work/target/debug/deps/librustls-d53cd2aeac8732c1.rmeta --extern rustls_native_certs=/work/target/debug/deps/librustls_native_certs-32177a2fe875ed02.rmeta --extern tokio=/work/target/debug/deps/libtokio-d7b67b7161a91c5d.rmeta --extern tokio_rustls=/work/target/debug/deps/libtokio_rustls-f34172051d8e802d.rmeta --cap-lints allow -L native=/work/target/debug/build/ring-8e0c6db8efc0c12d/out`
[1m[32m   Compiling[0m aws-smithy-observability v0.1.3
[1m[32m     Running[0m `/usr/local/rustup/toolchains/1.86.0-aarch64-unknown-linux-gnu/bin/rustc --crate-name aws_smithy_observability --edition=2021 /usr/local/cargo/registry/src/index.crates.io-1949cf8c6b5b557f/aws-smithy-observability-0.1.3/src/lib.rs --error-format=json --json=diagnostic-rendered-ansi,artifacts,future-incompat --crate-type lib --emit=dep-info,metadata,link -C embed-bitcode=no -C debuginfo=2 --check-cfg 'cfg(docsrs,test)' --check-cfg 'cfg(feature, values())' -C metadata=bfa7e0b0c65f9ad6 -C extra-filename=-d0fbf02de85eaef6 --out-dir /work/target/debug/deps -L dependency=/work/target/debug/deps --extern aws_smithy_runtime_api=/work/target/debug/deps/libaws_smithy_runtime_api-e20a7c9bdfdec073.rmeta --cap-lints allow`
[1m[32m     Running[0m `/work/target/debug/build/aws-types-d5acebf15890da62/build-script-build`
[1m[32m   Compiling[0m datafusion-functions-aggregate-common v50.0.0
[1m[32m     Running[0m `/usr/local/rustup/toolchains/1.86.0-aarch64-unknown-linux-gnu/bin/rustc --crate-name datafusion_functions_aggregate_common --edition=2021 /usr/local/cargo/registry/src/index.crates.io-1949cf8c6b5b557f/datafusion-functions-aggregate-common-50.0.0/src/lib.rs --error-format=json --json=diagnostic-rendered-ansi,artifacts,future-incompat --crate-type lib --emit=dep-info,metadata,link -C embed-bitcode=no -C debuginfo=2 '--warn=clippy::used_underscore_binding' --deny=unused_qualifications '--warn=clippy::unnecessary_lazy_evaluations' '--warn=clippy::uninlined_format_args' --warn=unexpected_cfgs '--warn=clippy::or_fun_call' '--warn=clippy::large_futures' --check-cfg 'cfg(datafusion_coop, values("tokio", "tokio_fallback", "per_stream"))' --check-cfg 'cfg(tarpaulin)' --check-cfg 'cfg(tarpaulin_include)' --check-cfg 'cfg(docsrs,test)' --check-cfg 'cfg(feature, values())' -C metadata=409e1d1e864904a0 -C extra-filename=-a57fb2e2d2ea15c9 --out-dir /work/target/debug/deps -L dependency=/work/target/debug/deps --extern ahash=/work/target/debug/deps/libahash-75d3b4e597d9842a.rmeta --extern arrow=/work/target/debug/deps/libarrow-3092aa064421e7bd.rmeta --extern datafusion_common=/work/target/debug/deps/libdatafusion_common-0c87660f0af65d94.rmeta --extern datafusion_expr_common=/work/target/debug/deps/libdatafusion_expr_common-b02da2eb3e38763d.rmeta --extern datafusion_physical_expr_common=/work/target/debug/deps/libdatafusion_physical_expr_common-3caed9a3ddd8935f.rmeta --cap-lints allow`
[1m[32m   Compiling[0m datafusion-functions-window-common v50.0.0
[1m[32m     Running[0m `/usr/local/rustup/toolchains/1.86.0-aarch64-unknown-linux-gnu/bin/rustc --crate-name datafusion_functions_window_common --edition=2021 /usr/local/cargo/registry/src/index.crates.io-1949cf8c6b5b557f/datafusion-functions-window-common-50.0.0/src/lib.rs --error-format=json --json=diagnostic-rendered-ansi,artifacts,future-incompat --crate-type lib --emit=dep-info,metadata,link -C embed-bitcode=no -C debuginfo=2 '--warn=clippy::used_underscore_binding' --deny=unused_qualifications '--warn=clippy::unnecessary_lazy_evaluations' '--warn=clippy::uninlined_format_args' --warn=unexpected_cfgs '--warn=clippy::or_fun_call' '--warn=clippy::large_futures' --check-cfg 'cfg(datafusion_coop, values("tokio", "tokio_fallback", "per_stream"))' --check-cfg 'cfg(tarpaulin)' --check-cfg 'cfg(tarpaulin_include)' --check-cfg 'cfg(docsrs,test)' --check-cfg 'cfg(feature, values())' -C metadata=a183138c4481b916 -C extra-filename=-2b9a40e787a82caa --out-dir /work/target/debug/deps -L dependency=/work/target/debug/deps --extern datafusion_common=/work/target/debug/deps/libdatafusion_common-0c87660f0af65d94.rmeta --extern datafusion_physical_expr_common=/work/target/debug/deps/libdatafusion_physical_expr_common-3caed9a3ddd8935f.rmeta --cap-lints allow`
[1m[32m   Compiling[0m bzip2 v0.5.2
[1m[32m     Running[0m `/usr/local/rustup/toolchains/1.86.0-aarch64-unknown-linux-gnu/bin/rustc --crate-name bzip2 --edition=2021 /usr/local/cargo/registry/src/index.crates.io-1949cf8c6b5b557f/bzip2-0.5.2/src/lib.rs --error-format=json --json=diagnostic-rendered-ansi,artifacts,future-incompat --crate-type lib --emit=dep-info,metadata,link -C embed-bitcode=no -C debuginfo=2 --cfg 'feature="default"' --check-cfg 'cfg(docsrs,test)' --check-cfg 'cfg(feature, values("default", "libbz2-rs-sys", "static"))' -C metadata=4a6769469847b5a7 -C extra-filename=-37b00a6df5af6b01 --out-dir /work/target/debug/deps -L dependency=/work/target/debug/deps --extern bzip2_sys=/work/target/debug/deps/libbzip2_sys-f88c35993dccfcae.rmeta --cap-lints allow -L native=/work/target/debug/build/bzip2-sys-583c37f52eea31fd/out/lib`
[1m[32m   Compiling[0m strum_macros v0.27.1
[1m[32m     Running[0m `/usr/local/rustup/toolchains/1.86.0-aarch64-unknown-linux-gnu/bin/rustc --crate-name strum_macros --edition=2021 /usr/local/cargo/registry/src/index.crates.io-1949cf8c6b5b557f/strum_macros-0.27.1/src/lib.rs --error-format=json --json=diagnostic-rendered-ansi,artifacts,future-incompat --crate-type proc-macro --emit=dep-info,link -C prefer-dynamic -C embed-bitcode=no --check-cfg 'cfg(docsrs,test)' --check-cfg 'cfg(feature, values())' -C metadata=1e7c4ef7fa9440ae -C extra-filename=-34cd34e2ab348ab1 --out-dir /work/target/debug/deps -L dependency=/work/target/debug/deps --extern heck=/work/target/debug/deps/libheck-b87ef7d182f24229.rlib --extern proc_macro2=/work/target/debug/deps/libproc_macro2-49fdc668fa64569f.rlib --extern quote=/work/target/debug/deps/libquote-38f780051616e59b.rlib --extern rustversion=/work/target/debug/deps/librustversion-14a42bd42303a147.so --extern syn=/work/target/debug/deps/libsyn-9373f942e3578afe.rlib --extern proc_macro --cap-lints allow`
[1m[32m   Compiling[0m derive_builder_macro v0.20.2
[1m[32m     Running[0m `/usr/local/rustup/toolchains/1.86.0-aarch64-unknown-linux-gnu/bin/rustc --crate-name derive_builder_macro --edition=2018 /usr/local/cargo/registry/src/index.crates.io-1949cf8c6b5b557f/derive_builder_macro-0.20.2/src/lib.rs --error-format=json --json=diagnostic-rendered-ansi,artifacts,future-incompat --crate-type proc-macro --emit=dep-info,link -C prefer-dynamic -C embed-bitcode=no --cfg 'feature="lib_has_std"' --check-cfg 'cfg(docsrs,test)' --check-cfg 'cfg(feature, values("alloc", "clippy", "lib_has_std"))' -C metadata=488f2eda77c0461c -C extra-filename=-dc57a09ccb8ad50b --out-dir /work/target/debug/deps -L dependency=/work/target/debug/deps --extern derive_builder_core=/work/target/debug/deps/libderive_builder_core-7aa61e38215b6f10.rlib --extern syn=/work/target/debug/deps/libsyn-9373f942e3578afe.rlib --extern proc_macro --cap-lints allow`
[1m[32m   Compiling[0m serde_bytes v0.11.17
[1m[32m     Running[0m `/usr/local/rustup/toolchains/1.86.0-aarch64-unknown-linux-gnu/bin/rustc --crate-name serde_bytes --edition=2018 /usr/local/cargo/registry/src/index.crates.io-1949cf8c6b5b557f/serde_bytes-0.11.17/src/lib.rs --error-format=json --json=diagnostic-rendered-ansi,artifacts,future-incompat --crate-type lib --emit=dep-info,metadata,link -C embed-bitcode=no -C debuginfo=2 --cfg 'feature="default"' --cfg 'feature="std"' --check-cfg 'cfg(docsrs,test)' --check-cfg 'cfg(feature, values("alloc", "default", "std"))' -C metadata=449e04f96efd225a -C extra-filename=-b8dd982d3f1fb620 --out-dir /work/target/debug/deps -L dependency=/work/target/debug/deps --extern serde=/work/target/debug/deps/libserde-40c2de2881464769.rmeta --cap-lints allow`
[1m[32m   Compiling[0m strum v0.27.1
[1m[32m     Running[0m `/usr/local/rustup/toolchains/1.86.0-aarch64-unknown-linux-gnu/bin/rustc --crate-name strum --edition=2021 /usr/local/cargo/registry/src/index.crates.io-1949cf8c6b5b557f/strum-0.27.1/src/lib.rs --error-format=json --json=diagnostic-rendered-ansi,artifacts,future-incompat --crate-type lib --emit=dep-info,metadata,link -C embed-bitcode=no -C debuginfo=2 --check-cfg 'cfg(docsrs,test)' --check-cfg 'cfg(feature, values("default", "derive", "phf", "std", "strum_macros"))' -C metadata=36b1eb6b5353a39a -C extra-filename=-05ebec8bcfdbfaee --out-dir /work/target/debug/deps -L dependency=/work/target/debug/deps --cap-lints allow`
[1m[32m     Running[0m `/work/target/debug/build/rust_decimal-ee106b19ae6ccbf3/build-script-build`
[1m[32m     Running[0m `/usr/local/rustup/toolchains/1.86.0-aarch64-unknown-linux-gnu/bin/rustc --crate-name rust_decimal --edition=2021 /usr/local/cargo/registry/src/index.crates.io-1949cf8c6b5b557f/rust_decimal-1.37.1/src/lib.rs --error-format=json --json=diagnostic-rendered-ansi,artifacts,future-incompat --crate-type lib --emit=dep-info,metadata,link -C embed-bitcode=no -C debuginfo=2 --cfg 'feature="default"' --cfg 'feature="serde"' --cfg 'feature="std"' --check-cfg 'cfg(docsrs,test)' --check-cfg 'cfg(feature, values("borsh", "c-repr", "db-diesel-mysql", "db-diesel-postgres", "db-diesel2-mysql", "db-diesel2-postgres", "db-postgres", "db-tokio-postgres", "default", "diesel", "legacy-ops", "macros", "maths", "maths-nopanic", "ndarray", "proptest", "rand", "rand-0_9", "rkyv", "rkyv-safe", "rocket-traits", "rust-fuzz", "serde", "serde-arbitrary-precision", "serde-bincode", "serde-float", "serde-str", "serde-with-arbitrary-precision", "serde-with-float", "serde-with-str", "serde_json", "std", "tokio-pg", "tokio-postgres"))' -C metadata=72bc63e3029832f7 -C extra-filename=-fa0a49f7fb38b53d --out-dir /work/target/debug/deps -L dependency=/work/target/debug/deps --extern arrayvec=/work/target/debug/deps/libarrayvec-27df31c51735493c.rmeta --extern num_traits=/work/target/debug/deps/libnum_traits-0c0462975c553d05.rmeta --extern serde=/work/target/debug/deps/libserde-40c2de2881464769.rmeta --cap-lints allow`
[1m[32m     Running[0m `/usr/local/rustup/toolchains/1.86.0-aarch64-unknown-linux-gnu/bin/rustc --crate-name aws_types --edition=2021 /usr/local/cargo/registry/src/index.crates.io-1949cf8c6b5b557f/aws-types-1.3.7/src/lib.rs --error-format=json --json=diagnostic-rendered-ansi,artifacts,future-incompat --crate-type lib --emit=dep-info,metadata,link -C embed-bitcode=no -C debuginfo=2 --check-cfg 'cfg(docsrs,test)' --check-cfg 'cfg(feature, values("aws-smithy-runtime", "examples"))' -C metadata=f1550749b849beb9 -C extra-filename=-3c419d85e92b871a --out-dir /work/target/debug/deps -L dependency=/work/target/debug/deps --extern aws_credential_types=/work/target/debug/deps/libaws_credential_types-b0458acaef3c2fab.rmeta --extern aws_smithy_async=/work/target/debug/deps/libaws_smithy_async-52830edbbc205df5.rmeta --extern aws_smithy_runtime_api=/work/target/debug/deps/libaws_smithy_runtime_api-e20a7c9bdfdec073.rmeta --extern aws_smithy_types=/work/target/debug/deps/libaws_smithy_types-388054aeef446a43.rmeta --extern tracing=/work/target/debug/deps/libtracing-ab9d44c27d15fd96.rmeta --cap-lints allow`
[1m[32m   Compiling[0m aws-sigv4 v1.3.1
[1m[32m     Running[0m `/usr/local/rustup/toolchains/1.86.0-aarch64-unknown-linux-gnu/bin/rustc --crate-name aws_sigv4 --edition=2021 /usr/local/cargo/registry/src/index.crates.io-1949cf8c6b5b557f/aws-sigv4-1.3.1/src/lib.rs --error-format=json --json=diagnostic-rendered-ansi,artifacts,future-incompat --crate-type lib --emit=dep-info,metadata,link -C embed-bitcode=no -C debuginfo=2 --cfg 'feature="default"' --cfg 'feature="http0-compat"' --cfg 'feature="http1"' --cfg 'feature="sign-http"' --check-cfg 'cfg(docsrs,test)' --check-cfg 'cfg(feature, values("default", "http0-compat", "http1", "sign-eventstream", "sign-http", "sigv4a"))' -C metadata=8c9de5777c04e38e -C extra-filename=-93652e54d11ba8b0 --out-dir /work/target/debug/deps -L dependency=/work/target/debug/deps --extern aws_credential_types=/work/target/debug/deps/libaws_credential_types-b0458acaef3c2fab.rmeta --extern aws_smithy_http=/work/target/debug/deps/libaws_smithy_http-1d25996db5b04f28.rmeta --extern aws_smithy_runtime_api=/work/target/debug/deps/libaws_smithy_runtime_api-e20a7c9bdfdec073.rmeta --extern aws_smithy_types=/work/target/debug/deps/libaws_smithy_types-388054aeef446a43.rmeta --extern bytes=/work/target/debug/deps/libbytes-b7f26ff2edee4da7.rmeta --extern form_urlencoded=/work/target/debug/deps/libform_urlencoded-15a074f68b3f9381.rmeta --extern hex=/work/target/debug/deps/libhex-b91ed9c800ce79f7.rmeta --extern hmac=/work/target/debug/deps/libhmac-9f66939c0beb406f.rmeta --extern http0=/work/target/debug/deps/libhttp-f6820c2e49977d38.rmeta --extern http=/work/target/debug/deps/libhttp-bc84ffa0ce9e08c1.rmeta --extern percent_encoding=/work/target/debug/deps/libpercent_encoding-68d8dbd3afa04ab5.rmeta --extern sha2=/work/target/debug/deps/libsha2-07be730302790482.rmeta --extern time=/work/target/debug/deps/libtime-c8d230ad51f411d4.rmeta --extern tracing=/work/target/debug/deps/libtracing-ab9d44c27d15fd96.rmeta --cap-lints allow`
[1m[32m   Compiling[0m ordered-float v5.0.0
[1m[32m     Running[0m `/usr/local/rustup/toolchains/1.86.0-aarch64-unknown-linux-gnu/bin/rustc --crate-name ordered_float --edition=2021 /usr/local/cargo/registry/src/index.crates.io-1949cf8c6b5b557f/ordered-float-5.0.0/src/lib.rs --error-format=json --json=diagnostic-rendered-ansi,artifacts,future-incompat --crate-type lib --emit=dep-info,metadata,link -C embed-bitcode=no -C debuginfo=2 --cfg 'feature="default"' --cfg 'feature="serde"' --cfg 'feature="std"' --check-cfg 'cfg(docsrs,test)' --check-cfg 'cfg(feature, values("arbitrary", "borsh", "bytemuck", "default", "derive-visitor", "libm", "num-cmp", "proptest", "rand", "randtest", "rkyv", "rkyv_16", "rkyv_32", "rkyv_64", "rkyv_ck", "schemars", "serde", "speedy", "std"))' -C metadata=754263ef13da1098 -C extra-filename=-23bdf0a8aae23f3d --out-dir /work/target/debug/deps -L dependency=/work/target/debug/deps --extern num_traits=/work/target/debug/deps/libnum_traits-0c0462975c553d05.rmeta --extern serde=/work/target/debug/deps/libserde-40c2de2881464769.rmeta --cap-lints allow`
[1m[32m   Compiling[0m serde_repr v0.1.20
[1m[32m     Running[0m `/usr/local/rustup/toolchains/1.86.0-aarch64-unknown-linux-gnu/bin/rustc --crate-name serde_repr --edition=2021 /usr/local/cargo/registry/src/index.crates.io-1949cf8c6b5b557f/serde_repr-0.1.20/src/lib.rs --error-format=json --json=diagnostic-rendered-ansi,artifacts,future-incompat --crate-type proc-macro --emit=dep-info,link -C prefer-dynamic -C embed-bitcode=no --check-cfg 'cfg(docsrs,test)' --check-cfg 'cfg(feature, values())' -C metadata=ea6afe6b97a0c934 -C extra-filename=-26c07255389211f8 --out-dir /work/target/debug/deps -L dependency=/work/target/debug/deps --extern proc_macro2=/work/target/debug/deps/libproc_macro2-49fdc668fa64569f.rlib --extern quote=/work/target/debug/deps/libquote-38f780051616e59b.rlib --extern syn=/work/target/debug/deps/libsyn-9373f942e3578afe.rlib --extern proc_macro --cap-lints allow`
[1m[32m   Compiling[0m datafusion-expr v50.0.0
[1m[32m     Running[0m `/usr/local/rustup/toolchains/1.86.0-aarch64-unknown-linux-gnu/bin/rustc --crate-name datafusion_expr --edition=2021 /usr/local/cargo/registry/src/index.crates.io-1949cf8c6b5b557f/datafusion-expr-50.0.0/src/lib.rs --error-format=json --json=diagnostic-rendered-ansi,artifacts,future-incompat --crate-type lib --emit=dep-info,metadata,link -C embed-bitcode=no '--warn=clippy::used_underscore_binding' --deny=unused_qualifications '--warn=clippy::unnecessary_lazy_evaluations' '--warn=clippy::uninlined_format_args' --warn=unexpected_cfgs '--warn=clippy::or_fun_call' '--warn=clippy::large_futures' --check-cfg 'cfg(datafusion_coop, values("tokio", "tokio_fallback", "per_stream"))' --check-cfg 'cfg(tarpaulin)' --check-cfg 'cfg(tarpaulin_include)' --check-cfg 'cfg(docsrs,test)' --check-cfg 'cfg(feature, values("recursive_protection"))' -C metadata=e08b91bb26f4ce3d -C extra-filename=-21e5781160ec4c67 --out-dir /work/target/debug/deps -L dependency=/work/target/debug/deps --extern arrow=/work/target/debug/deps/libarrow-3092aa064421e7bd.rmeta --extern async_trait=/work/target/debug/deps/libasync_trait-d0fe424747ac3921.so --extern chrono=/work/target/debug/deps/libchrono-f76a78178f169454.rmeta --extern datafusion_common=/work/target/debug/deps/libdatafusion_common-0c87660f0af65d94.rmeta --extern datafusion_doc=/work/target/debug/deps/libdatafusion_doc-49b4af3b1e0a30b7.rmeta --extern datafusion_expr_common=/work/target/debug/deps/libdatafusion_expr_common-b02da2eb3e38763d.rmeta --extern datafusion_functions_aggregate_common=/work/target/debug/deps/libdatafusion_functions_aggregate_common-a57fb2e2d2ea15c9.rmeta --extern datafusion_functions_window_common=/work/target/debug/deps/libdatafusion_functions_window_common-2b9a40e787a82caa.rmeta --extern datafusion_physical_expr_common=/work/target/debug/deps/libdatafusion_physical_expr_common-3caed9a3ddd8935f.rmeta --extern indexmap=/work/target/debug/deps/libindexmap-ceec0bef1e2d0582.rmeta --extern paste=/work/target/debug/deps/libpaste-afb10c11da142ed0.so --extern serde_json=/work/target/debug/deps/libserde_json-baea028125921894.rmeta --extern sqlparser=/work/target/debug/deps/libsqlparser-883709f83c67d083.rmeta --cap-lints allow`
[1m[32m   Compiling[0m derive-getters v0.5.0
[1m[32m     Running[0m `/usr/local/rustup/toolchains/1.86.0-aarch64-unknown-linux-gnu/bin/rustc --crate-name derive_getters --edition=2021 /usr/local/cargo/registry/src/index.crates.io-1949cf8c6b5b557f/derive-getters-0.5.0/src/lib.rs --error-format=json --json=diagnostic-rendered-ansi,artifacts,future-incompat --crate-type proc-macro --emit=dep-info,link -C prefer-dynamic -C embed-bitcode=no --cfg 'feature="default"' --check-cfg 'cfg(docsrs,test)' --check-cfg 'cfg(feature, values("auto_copy_getters", "default"))' -C metadata=be6e59ffe063fad1 -C extra-filename=-a82c758e2cf00a01 --out-dir /work/target/debug/deps -L dependency=/work/target/debug/deps --extern proc_macro2=/work/target/debug/deps/libproc_macro2-49fdc668fa64569f.rlib --extern quote=/work/target/debug/deps/libquote-38f780051616e59b.rlib --extern syn=/work/target/debug/deps/libsyn-9373f942e3578afe.rlib --extern proc_macro --cap-lints allow`
[1m[32m     Running[0m `/usr/local/rustup/toolchains/1.86.0-aarch64-unknown-linux-gnu/bin/rustc --crate-name rand_core --edition=2018 /usr/local/cargo/registry/src/index.crates.io-1949cf8c6b5b557f/rand_core-0.6.4/src/lib.rs --error-format=json --json=diagnostic-rendered-ansi,artifacts,future-incompat --crate-type lib --emit=dep-info,metadata,link -C embed-bitcode=no -C debuginfo=2 --cfg 'feature="alloc"' --cfg 'feature="getrandom"' --cfg 'feature="std"' --check-cfg 'cfg(docsrs,test)' --check-cfg 'cfg(feature, values("alloc", "getrandom", "serde", "serde1", "std"))' -C metadata=94107fec88ce7ba9 -C extra-filename=-3632972918f2503b --out-dir /work/target/debug/deps -L dependency=/work/target/debug/deps --extern getrandom=/work/target/debug/deps/libgetrandom-f46fed3fc4e131a3.rmeta --cap-lints allow`
[1m[32m   Compiling[0m base64ct v1.7.3
[1m[32m     Running[0m `/usr/local/rustup/toolchains/1.86.0-aarch64-unknown-linux-gnu/bin/rustc --crate-name base64ct --edition=2021 /usr/local/cargo/registry/src/index.crates.io-1949cf8c6b5b557f/base64ct-1.7.3/src/lib.rs --error-format=json --json=diagnostic-rendered-ansi,artifacts,future-incompat --crate-type lib --emit=dep-info,metadata,link -C embed-bitcode=no -C debuginfo=2 --cfg 'feature="alloc"' --check-cfg 'cfg(docsrs,test)' --check-cfg 'cfg(feature, values("alloc", "std"))' -C metadata=8f53fc9d6dafbc8e -C extra-filename=-16d74ed42a11fccb --out-dir /work/target/debug/deps -L dependency=/work/target/debug/deps --cap-lints allow`
[1m[32m   Compiling[0m murmur3 v0.5.2
[1m[32m     Running[0m `/usr/local/rustup/toolchains/1.86.0-aarch64-unknown-linux-gnu/bin/rustc --crate-name murmur3 --edition=2018 /usr/local/cargo/registry/src/index.crates.io-1949cf8c6b5b557f/murmur3-0.5.2/src/lib.rs --error-format=json --json=diagnostic-rendered-ansi,artifacts,future-incompat --crate-type lib --emit=dep-info,metadata,link -C embed-bitcode=no -C debuginfo=2 --check-cfg 'cfg(docsrs,test)' --check-cfg 'cfg(feature, values())' -C metadata=6e3ad3f4785d00ad -C extra-filename=-54a4e092d4b96bb9 --out-dir /work/target/debug/deps -L dependency=/work/target/debug/deps --cap-lints allow`
[1m[32m   Compiling[0m aws-smithy-json v0.61.3
[1m[32m     Running[0m `/usr/local/rustup/toolchains/1.86.0-aarch64-unknown-linux-gnu/bin/rustc --crate-name aws_smithy_json --edition=2021 /usr/local/cargo/registry/src/index.crates.io-1949cf8c6b5b557f/aws-smithy-json-0.61.3/src/lib.rs --error-format=json --json=diagnostic-rendered-ansi,artifacts,future-incompat --crate-type lib --emit=dep-info,metadata,link -C embed-bitcode=no -C debuginfo=2 --check-cfg 'cfg(docsrs,test)' --check-cfg 'cfg(feature, values())' -C metadata=1c6cacbcfeb8143f -C extra-filename=-5e50320bddcc545c --out-dir /work/target/debug/deps -L dependency=/work/target/debug/deps --extern aws_smithy_types=/work/target/debug/deps/libaws_smithy_types-388054aeef446a43.rmeta --cap-lints allow`
[1m[32m   Compiling[0m lru v0.16.0
[1m[32m     Running[0m `/usr/local/rustup/toolchains/1.86.0-aarch64-unknown-linux-gnu/bin/rustc --crate-name lru --edition=2015 /usr/local/cargo/registry/src/index.crates.io-1949cf8c6b5b557f/lru-0.16.0/src/lib.rs --error-format=json --json=diagnostic-rendered-ansi,artifacts,future-incompat --crate-type lib --emit=dep-info,metadata,link -C embed-bitcode=no -C debuginfo=2 --cfg 'feature="default"' --cfg 'feature="hashbrown"' --check-cfg 'cfg(docsrs,test)' --check-cfg 'cfg(feature, values("default", "hashbrown", "nightly"))' -C metadata=4bc84bc5ed0f9e82 -C extra-filename=-8c8765d84db5151b --out-dir /work/target/debug/deps -L dependency=/work/target/debug/deps --extern hashbrown=/work/target/debug/deps/libhashbrown-f46a9b443634d9f9.rmeta --cap-lints allow`
[1m[32m   Compiling[0m pem-rfc7468 v0.7.0
[1m[32m     Running[0m `/usr/local/rustup/toolchains/1.86.0-aarch64-unknown-linux-gnu/bin/rustc --crate-name pem_rfc7468 --edition=2021 /usr/local/cargo/registry/src/index.crates.io-1949cf8c6b5b557f/pem-rfc7468-0.7.0/src/lib.rs --error-format=json --json=diagnostic-rendered-ansi,artifacts,future-incompat --crate-type lib --emit=dep-info,metadata,link -C embed-bitcode=no -C debuginfo=2 --cfg 'feature="alloc"' --check-cfg 'cfg(docsrs,test)' --check-cfg 'cfg(feature, values("alloc", "std"))' -C metadata=f3c959a3a6fdcaa5 -C extra-filename=-7fb93ae6ccd28cc1 --out-dir /work/target/debug/deps -L dependency=/work/target/debug/deps --extern base64ct=/work/target/debug/deps/libbase64ct-16d74ed42a11fccb.rmeta --cap-lints allow`
[1m[32m   Compiling[0m rand_chacha v0.3.1
[1m[32m     Running[0m `/usr/local/rustup/toolchains/1.86.0-aarch64-unknown-linux-gnu/bin/rustc --crate-name rand_chacha --edition=2018 /usr/local/cargo/registry/src/index.crates.io-1949cf8c6b5b557f/rand_chacha-0.3.1/src/lib.rs --error-format=json --json=diagnostic-rendered-ansi,artifacts,future-incompat --crate-type lib --emit=dep-info,metadata,link -C embed-bitcode=no -C debuginfo=2 --cfg 'feature="std"' --check-cfg 'cfg(docsrs,test)' --check-cfg 'cfg(feature, values("default", "serde", "serde1", "simd", "std"))' -C metadata=48748d2b4a2a1500 -C extra-filename=-1cbc3f42af8db0e7 --out-dir /work/target/debug/deps -L dependency=/work/target/debug/deps --extern ppv_lite86=/work/target/debug/deps/libppv_lite86-fac0d0bc103da390.rmeta --extern rand_core=/work/target/debug/deps/librand_core-3632972918f2503b.rmeta --cap-lints allow`
[1m[32m   Compiling[0m concurrent-queue v2.5.0
[1m[32m     Running[0m `/usr/local/rustup/toolchains/1.86.0-aarch64-unknown-linux-gnu/bin/rustc --crate-name concurrent_queue --edition=2021 /usr/local/cargo/registry/src/index.crates.io-1949cf8c6b5b557f/concurrent-queue-2.5.0/src/lib.rs --error-format=json --json=diagnostic-rendered-ansi,artifacts,future-incompat --crate-type lib --emit=dep-info,metadata,link -C embed-bitcode=no -C debuginfo=2 --cfg 'feature="std"' --check-cfg 'cfg(docsrs,test)' --check-cfg 'cfg(feature, values("default", "loom", "portable-atomic", "std"))' -C metadata=4d5ef6c28cffcfc1 -C extra-filename=-44742559e3e5c9bc --out-dir /work/target/debug/deps -L dependency=/work/target/debug/deps --extern crossbeam_utils=/work/target/debug/deps/libcrossbeam_utils-060241e66be16762.rmeta --cap-lints allow`
[1m[32m   Compiling[0m tinyvec_macros v0.1.1
[1m[32m     Running[0m `/usr/local/rustup/toolchains/1.86.0-aarch64-unknown-linux-gnu/bin/rustc --crate-name tinyvec_macros --edition=2018 /usr/local/cargo/registry/src/index.crates.io-1949cf8c6b5b557f/tinyvec_macros-0.1.1/src/lib.rs --error-format=json --json=diagnostic-rendered-ansi,artifacts,future-incompat --crate-type lib --emit=dep-info,metadata,link -C embed-bitcode=no -C debuginfo=2 --check-cfg 'cfg(docsrs,test)' --check-cfg 'cfg(feature, values())' -C metadata=3264307550f09e9a -C extra-filename=-b6fc781d159cb53b --out-dir /work/target/debug/deps -L dependency=/work/target/debug/deps --cap-lints allow`
[1m[32m   Compiling[0m derive_builder v0.20.2
[1m[32m     Running[0m `/usr/local/rustup/toolchains/1.86.0-aarch64-unknown-linux-gnu/bin/rustc --crate-name derive_builder --edition=2018 /usr/local/cargo/registry/src/index.crates.io-1949cf8c6b5b557f/derive_builder-0.20.2/src/lib.rs --error-format=json --json=diagnostic-rendered-ansi,artifacts,future-incompat --crate-type lib --emit=dep-info,metadata,link -C embed-bitcode=no -C debuginfo=2 --warn=unexpected_cfgs --check-cfg 'cfg(compiletests)' --cfg 'feature="default"' --cfg 'feature="std"' --check-cfg 'cfg(docsrs,test)' --check-cfg 'cfg(feature, values("alloc", "clippy", "default", "std"))' -C metadata=2c49c9e4ccafdd31 -C extra-filename=-138def0814bd49c9 --out-dir /work/target/debug/deps -L dependency=/work/target/debug/deps --extern derive_builder_macro=/work/target/debug/deps/libderive_builder_macro-dc57a09ccb8ad50b.so --cap-lints allow`
[1m[32m   Compiling[0m der v0.7.10
[1m[32m     Running[0m `/usr/local/rustup/toolchains/1.86.0-aarch64-unknown-linux-gnu/bin/rustc --crate-name der --edition=2021 /usr/local/cargo/registry/src/index.crates.io-1949cf8c6b5b557f/der-0.7.10/src/lib.rs --error-format=json --json=diagnostic-rendered-ansi,artifacts,future-incompat --crate-type lib --emit=dep-info,metadata,link -C embed-bitcode=no -C debuginfo=2 --cfg 'feature="alloc"' --cfg 'feature="oid"' --cfg 'feature="pem"' --cfg 'feature="std"' --cfg 'feature="zeroize"' --check-cfg 'cfg(docsrs,test)' --check-cfg 'cfg(feature, values("alloc", "arbitrary", "bytes", "derive", "flagset", "oid", "pem", "real", "std", "time", "zeroize"))' -C metadata=45a4357d910b1f98 -C extra-filename=-15a3a7ac3c9aa7fa --out-dir /work/target/debug/deps -L dependency=/work/target/debug/deps --extern const_oid=/work/target/debug/deps/libconst_oid-fdf12afda8cc3945.rmeta --extern pem_rfc7468=/work/target/debug/deps/libpem_rfc7468-7fb93ae6ccd28cc1.rmeta --extern zeroize=/work/target/debug/deps/libzeroize-adb892c59a9f27ec.rmeta --cap-lints allow`
[1m[32m   Compiling[0m parking v2.2.1
[1m[32m   Compiling[0m crc-catalog v2.4.0
[1m[32m     Running[0m `/usr/local/rustup/toolchains/1.86.0-aarch64-unknown-linux-gnu/bin/rustc --crate-name parking --edition=2018 /usr/local/cargo/registry/src/index.crates.io-1949cf8c6b5b557f/parking-2.2.1/src/lib.rs --error-format=json --json=diagnostic-rendered-ansi,artifacts,future-incompat --crate-type lib --emit=dep-info,metadata,link -C embed-bitcode=no -C debuginfo=2 --check-cfg 'cfg(docsrs,test)' --check-cfg 'cfg(feature, values("loom"))' -C metadata=4d1aca9c09080f35 -C extra-filename=-51b9adec0d1a81cd --out-dir /work/target/debug/deps -L dependency=/work/target/debug/deps --cap-lints allow`
[1m[32m     Running[0m `/usr/local/rustup/toolchains/1.86.0-aarch64-unknown-linux-gnu/bin/rustc --crate-name crc_catalog --edition=2018 /usr/local/cargo/registry/src/index.crates.io-1949cf8c6b5b557f/crc-catalog-2.4.0/src/lib.rs --error-format=json --json=diagnostic-rendered-ansi,artifacts,future-incompat --crate-type lib --emit=dep-info,metadata,link -C embed-bitcode=no -C debuginfo=2 --check-cfg 'cfg(docsrs,test)' --check-cfg 'cfg(feature, values())' -C metadata=e1c1bfced79a9e84 -C extra-filename=-a116649173e6ed8d --out-dir /work/target/debug/deps -L dependency=/work/target/debug/deps --cap-lints allow`
[1m[32m     Running[0m `/usr/local/rustup/toolchains/1.86.0-aarch64-unknown-linux-gnu/bin/rustc --crate-name rand --edition=2018 /usr/local/cargo/registry/src/index.crates.io-1949cf8c6b5b557f/rand-0.8.5/src/lib.rs --error-format=json --json=diagnostic-rendered-ansi,artifacts,future-incompat --crate-type lib --emit=dep-info,metadata,link -C embed-bitcode=no -C debuginfo=2 --cfg 'feature="alloc"' --cfg 'feature="getrandom"' --cfg 'feature="libc"' --cfg 'feature="rand_chacha"' --cfg 'feature="std"' --cfg 'feature="std_rng"' --check-cfg 'cfg(docsrs,test)' --check-cfg 'cfg(feature, values("alloc", "default", "getrandom", "libc", "log", "min_const_gen", "nightly", "packed_simd", "rand_chacha", "serde", "serde1", "simd_support", "small_rng", "std", "std_rng"))' -C metadata=41ea19505bfeabf8 -C extra-filename=-4353c3d82baa5ea8 --out-dir /work/target/debug/deps -L dependency=/work/target/debug/deps --extern libc=/work/target/debug/deps/liblibc-33634091ba1aaaf5.rmeta --extern rand_chacha=/work/target/debug/deps/librand_chacha-1cbc3f42af8db0e7.rmeta --extern rand_core=/work/target/debug/deps/librand_core-3632972918f2503b.rmeta --cap-lints allow`
[1m[32m   Compiling[0m crossbeam-queue v0.3.12
[1m[32m     Running[0m `/usr/local/rustup/toolchains/1.86.0-aarch64-unknown-linux-gnu/bin/rustc --crate-name crossbeam_queue --edition=2021 /usr/local/cargo/registry/src/index.crates.io-1949cf8c6b5b557f/crossbeam-queue-0.3.12/src/lib.rs --error-format=json --json=diagnostic-rendered-ansi,artifacts,future-incompat --crate-type lib --emit=dep-info,metadata,link -C embed-bitcode=no -C debuginfo=2 --warn=unexpected_cfgs '--allow=clippy::lint_groups_priority' '--allow=clippy::declare_interior_mutable_const' --check-cfg 'cfg(crossbeam_loom)' --check-cfg 'cfg(crossbeam_sanitize)' --cfg 'feature="alloc"' --cfg 'feature="default"' --cfg 'feature="std"' --check-cfg 'cfg(docsrs,test)' --check-cfg 'cfg(feature, values("alloc", "default", "nightly", "std"))' -C metadata=608593466a475c87 -C extra-filename=-9a21466aaa153604 --out-dir /work/target/debug/deps -L dependency=/work/target/debug/deps --extern crossbeam_utils=/work/target/debug/deps/libcrossbeam_utils-060241e66be16762.rmeta --cap-lints allow`
[1m[32m   Compiling[0m bon v3.6.3
[1m[32m     Running[0m `/usr/local/rustup/toolchains/1.86.0-aarch64-unknown-linux-gnu/bin/rustc --crate-name bon --edition=2021 /usr/local/cargo/registry/src/index.crates.io-1949cf8c6b5b557f/bon-3.6.3/src/lib.rs --error-format=json --json=diagnostic-rendered-ansi,artifacts,future-incompat --crate-type lib --emit=dep-info,metadata,link -C embed-bitcode=no -C debuginfo=2 '--warn=clippy::nursery' '--warn=clippy::pedantic' '--warn=clippy::zero_sized_map_values' '--warn=clippy::wildcard_dependencies' '--warn=clippy::verbose_bit_mask' --warn=variant_size_differences '--warn=clippy::useless_transmute' '--warn=clippy::useless_let_if_seq' '--warn=clippy::unused_rounding' --warn=unused_qualifications '--warn=clippy::unused_peekable' --warn=unused_macro_rules --warn=unused_lifetimes --warn=unused_import_braces --warn=unused_extern_crates '--warn=clippy::unused_async' --warn=unstable_features --warn=unsafe_code --warn=unreachable_pub '--warn=clippy::unnested_or_patterns' '--warn=clippy::unnecessary_wraps' '--warn=clippy::unnecessary_struct_initialization' '--warn=clippy::unnecessary_self_imports' '--warn=clippy::unnecessary_join' --warn=unnameable_types --warn=unit_bindings '--warn=clippy::unicode_not_nfc' --warn=unexpected_cfgs '--warn=rustdoc::unescaped_backticks' '--warn=clippy::unchecked_duration_subtraction' '--warn=clippy::type_repetition_in_bounds' '--warn=clippy::try_err' --warn=trivial_numeric_casts --warn=trivial_casts '--warn=clippy::transmute_undefined_repr' '--warn=clippy::transmute_ptr_to_ptr' '--warn=clippy::trait_duplication_in_bounds' '--warn=clippy::trailing_empty_array' '--warn=clippy::suspicious_xor_used_as_pow' '--warn=clippy::suspicious_operation_groupings' '--warn=clippy::suboptimal_flops' '--warn=clippy::string_to_string' '--warn=clippy::string_lit_as_bytes' --warn=single_use_lifetimes '--warn=clippy::same_functions_in_if_condition' '--warn=clippy::rest_pat_in_fully_bound_structs' '--warn=clippy::ref_option_ref' '--warn=clippy::ref_binding_to_reference' --warn=redundant_lifetimes '--warn=clippy::redundant_feature_names' '--warn=clippy::redundant_clone' '--warn=clippy::read_zero_byte_vec' '--warn=clippy::rc_mutex' '--warn=clippy::rc_buffer' '--warn=clippy::range_plus_one' '--warn=clippy::range_minus_one' '--warn=clippy::ptr_as_ptr' '--warn=clippy::path_buf_push_overwrite' '--warn=clippy::or_fun_call' '--warn=clippy::nonstandard_macro_braces' '--warn=clippy::non_send_fields_in_send_ty' --warn=non_local_definitions --warn=non_ascii_idents '--warn=clippy::no_mangle_with_rust_abi' '--warn=clippy::no_effect_underscore_binding' '--warn=clippy::negative_feature_names' '--warn=clippy::needless_for_each' '--warn=clippy::needless_continue' '--warn=clippy::needless_collect' '--warn=clippy::needless_bitwise_bool' '--warn=clippy::naive_bytecount' '--warn=clippy::mut_mut' '--warn=clippy::mixed_read_write_in_expression' --warn=missing_unsafe_on_extern --warn=missing_docs --warn=missing_debug_implementations '--warn=rustdoc::missing_crate_level_docs' --warn=missing_abi --warn=meta_variable_misuse '--warn=clippy::maybe_infinite_iter' '--warn=clippy::match_wild_err_arm' '--warn=clippy::match_on_vec_items' '--allow=clippy::map_unwrap_or' '--warn=clippy::map_flatten' '--warn=clippy::many_single_char_names' '--warn=clippy::manual_ok_or' '--allow=clippy::manual_let_else' '--warn=clippy::manual_instant_elapsed' '--warn=clippy::manual_clamp' --warn=macro_use_extern_crate '--warn=clippy::lossy_float_literal' '--warn=clippy::linkedlist' --warn=let_underscore_drop '--warn=clippy::large_include_file' '--warn=clippy::iter_with_drain' '--warn=clippy::iter_on_empty_collections' '--warn=clippy::iter_not_returning_iterator' '--warn=clippy::invalid_upcast_comparisons' '--warn=clippy::index_refutable_slice' '--warn=clippy::imprecise_flops' '--warn=clippy::implicit_saturating_sub' '--warn=clippy::implicit_clone' '--warn=clippy::if_then_some_else_none' '--warn=clippy::format_push_string' '--warn=clippy::fn_to_numeric_cast_any' '--warn=clippy::fn_params_excessive_bools' '--warn=clippy::float_cmp' '--warn=clippy::flat_map_option' '--warn=clippy::filter_map_next' --warn=ffi_unwind_calls --warn=explicit_outlives_requirements '--warn=clippy::explicit_iter_loop' '--warn=clippy::explicit_into_iter_loop' '--warn=clippy::expl_impl_clone_on_copy' '--warn=clippy::empty_line_after_outer_attr' '--warn=clippy::empty_line_after_doc_comments' '--warn=clippy::empty_drop' --warn=elided_lifetimes_in_paths '--warn=clippy::doc_markdown' '--warn=clippy::doc_link_with_quotes' --warn=deprecated_safe '--warn=clippy::default_union_representation' '--warn=clippy::debug_assert_with_mut_call' '--warn=clippy::dbg_macro' '--warn=clippy::copy_iterator' '--warn=clippy::collection_is_never_read' '--warn=clippy::cloned_instead_of_copied' '--warn=clippy::clear_with_drain' '--warn=clippy::checked_conversions' '--warn=clippy::cast_ptr_alignment' '--warn=clippy::cast_lossless' '--warn=clippy::branches_sharing_code' '--warn=clippy::borrow_as_ptr' '--warn=clippy::bool_to_int_with_if' '--warn=clippy::await_holding_refcell_ref' '--warn=clippy::assertions_on_result_states' --warn=rust_2024_compatibility --allow=tail_expr_drop_order --check-cfg 'cfg(nightly)' --check-cfg 'cfg(docsrs,test)' --check-cfg 'cfg(feature, values("alloc", "default", "experimental-getter", "experimental-overwritable", "implied-bounds", "std"))' -C metadata=9f09e794a819f25e -C extra-filename=-303874592b073041 --out-dir /work/target/debug/deps -L dependency=/work/target/debug/deps --extern bon_macros=/work/target/debug/deps/libbon_macros-4000ded6afd81506.so --extern rustversion=/work/target/debug/deps/librustversion-14a42bd42303a147.so --cap-lints allow`
[1m[32m   Compiling[0m tinyvec v1.9.0
[1m[32m     Running[0m `/usr/local/rustup/toolchains/1.86.0-aarch64-unknown-linux-gnu/bin/rustc --crate-name tinyvec --edition=2018 /usr/local/cargo/registry/src/index.crates.io-1949cf8c6b5b557f/tinyvec-1.9.0/src/lib.rs --error-format=json --json=diagnostic-rendered-ansi,artifacts,future-incompat --crate-type lib --emit=dep-info,metadata,link -C embed-bitcode=no -C debuginfo=2 --cfg 'feature="alloc"' --cfg 'feature="default"' --cfg 'feature="tinyvec_macros"' --check-cfg 'cfg(docsrs,test)' --check-cfg 'cfg(feature, values("alloc", "arbitrary", "borsh", "debugger_visualizer", "default", "experimental_write_impl", "generic-array", "grab_spare_slice", "latest_stable_rust", "nightly_slice_partition_dedup", "real_blackbox", "rustc_1_40", "rustc_1_55", "rustc_1_57", "rustc_1_61", "serde", "std", "tinyvec_macros"))' -C metadata=c0707a846e312bc3 -C extra-filename=-7cb2592ac74bbdbf --out-dir /work/target/debug/deps -L dependency=/work/target/debug/deps --extern tinyvec_macros=/work/target/debug/deps/libtinyvec_macros-b6fc781d159cb53b.rmeta --cap-lints allow`
[1m[32m   Compiling[0m futures-intrusive v0.5.0
[1m[32m     Running[0m `/usr/local/rustup/toolchains/1.86.0-aarch64-unknown-linux-gnu/bin/rustc --crate-name futures_intrusive --edition=2018 /usr/local/cargo/registry/src/index.crates.io-1949cf8c6b5b557f/futures-intrusive-0.5.0/src/lib.rs --error-format=json --json=diagnostic-rendered-ansi,artifacts,future-incompat --crate-type lib --emit=dep-info,metadata,link -C embed-bitcode=no -C debuginfo=2 --cfg 'feature="alloc"' --cfg 'feature="default"' --cfg 'feature="parking_lot"' --cfg 'feature="std"' --check-cfg 'cfg(docsrs,test)' --check-cfg 'cfg(feature, values("alloc", "default", "parking_lot", "std"))' -C metadata=a9a13de3f0bc1ce5 -C extra-filename=-1bbb6bd96fa26374 --out-dir /work/target/debug/deps -L dependency=/work/target/debug/deps --extern futures_core=/work/target/debug/deps/libfutures_core-2a3a0b2e17309ffd.rmeta --extern lock_api=/work/target/debug/deps/liblock_api-9103886146cd5a80.rmeta --extern parking_lot=/work/target/debug/deps/libparking_lot-d94659161a08da67.rmeta --cap-lints allow`
[1m[32m   Compiling[0m tokio-stream v0.1.17
[1m[32m     Running[0m `/usr/local/rustup/toolchains/1.86.0-aarch64-unknown-linux-gnu/bin/rustc --crate-name tokio_stream --edition=2021 /usr/local/cargo/registry/src/index.crates.io-1949cf8c6b5b557f/tokio-stream-0.1.17/src/lib.rs --error-format=json --json=diagnostic-rendered-ansi,artifacts,future-incompat --crate-type lib --emit=dep-info,metadata,link -C embed-bitcode=no -C debuginfo=2 --cfg 'feature="default"' --cfg 'feature="fs"' --cfg 'feature="time"' --check-cfg 'cfg(docsrs,test)' --check-cfg 'cfg(feature, values("default", "fs", "full", "io-util", "net", "signal", "sync", "time", "tokio-util"))' -C metadata=f39b9b94bc5f219d -C extra-filename=-53a431c76b0d9e28 --out-dir /work/target/debug/deps -L dependency=/work/target/debug/deps --extern futures_core=/work/target/debug/deps/libfutures_core-2a3a0b2e17309ffd.rmeta --extern pin_project_lite=/work/target/debug/deps/libpin_project_lite-489eb5afe2d3bddf.rmeta --extern tokio=/work/target/debug/deps/libtokio-d7b67b7161a91c5d.rmeta --cap-lints allow`
[1m[32m   Compiling[0m crc v3.2.1
[1m[32m     Running[0m `/usr/local/rustup/toolchains/1.86.0-aarch64-unknown-linux-gnu/bin/rustc --crate-name crc --edition=2021 /usr/local/cargo/registry/src/index.crates.io-1949cf8c6b5b557f/crc-3.2.1/src/lib.rs --error-format=json --json=diagnostic-rendered-ansi,artifacts,future-incompat --crate-type lib --emit=dep-info,metadata,link -C embed-bitcode=no -C debuginfo=2 --check-cfg 'cfg(docsrs,test)' --check-cfg 'cfg(feature, values())' -C metadata=9e7bde7ecbc252e9 -C extra-filename=-ac06f977d725a235 --out-dir /work/target/debug/deps -L dependency=/work/target/debug/deps --extern crc_catalog=/work/target/debug/deps/libcrc_catalog-a116649173e6ed8d.rmeta --cap-lints allow`
[1m[32m   Compiling[0m datafusion-macros v50.0.0
[1m[32m     Running[0m `/usr/local/rustup/toolchains/1.86.0-aarch64-unknown-linux-gnu/bin/rustc --crate-name datafusion_macros --edition=2021 /usr/local/cargo/registry/src/index.crates.io-1949cf8c6b5b557f/datafusion-macros-50.0.0/src/user_doc.rs --error-format=json --json=diagnostic-rendered-ansi,artifacts,future-incompat --crate-type proc-macro --emit=dep-info,link -C prefer-dynamic -C embed-bitcode=no '--warn=clippy::used_underscore_binding' --deny=unused_qualifications '--warn=clippy::unnecessary_lazy_evaluations' '--warn=clippy::uninlined_format_args' --warn=unexpected_cfgs '--warn=clippy::or_fun_call' '--warn=clippy::large_futures' --check-cfg 'cfg(datafusion_coop, values("tokio", "tokio_fallback", "per_stream"))' --check-cfg 'cfg(tarpaulin)' --check-cfg 'cfg(tarpaulin_include)' --check-cfg 'cfg(docsrs,test)' --check-cfg 'cfg(feature, values())' -C metadata=665c5a917d11f8cb -C extra-filename=-f4e8e837035837a6 --out-dir /work/target/debug/deps -L dependency=/work/target/debug/deps --extern datafusion_expr=/work/target/debug/deps/libdatafusion_expr-21e5781160ec4c67.rlib --extern quote=/work/target/debug/deps/libquote-38f780051616e59b.rlib --extern syn=/work/target/debug/deps/libsyn-9373f942e3578afe.rlib --extern proc_macro --cap-lints allow`
[1m[32m   Compiling[0m event-listener v5.4.0
[1m[32m     Running[0m `/usr/local/rustup/toolchains/1.86.0-aarch64-unknown-linux-gnu/bin/rustc --crate-name event_listener --edition=2021 /usr/local/cargo/registry/src/index.crates.io-1949cf8c6b5b557f/event-listener-5.4.0/src/lib.rs --error-format=json --json=diagnostic-rendered-ansi,artifacts,future-incompat --crate-type lib --emit=dep-info,metadata,link -C embed-bitcode=no -C debuginfo=2 --warn=unexpected_cfgs --check-cfg 'cfg(loom)' --cfg 'feature="default"' --cfg 'feature="parking"' --cfg 'feature="std"' --check-cfg 'cfg(docsrs,test)' --check-cfg 'cfg(feature, values("critical-section", "default", "loom", "parking", "portable-atomic", "portable-atomic-util", "portable_atomic_crate", "std"))' -C metadata=dd1ea22f79648884 -C extra-filename=-07cf3e040c50dc70 --out-dir /work/target/debug/deps -L dependency=/work/target/debug/deps --extern concurrent_queue=/work/target/debug/deps/libconcurrent_queue-44742559e3e5c9bc.rmeta --extern parking=/work/target/debug/deps/libparking-51b9adec0d1a81cd.rmeta --extern pin_project_lite=/work/target/debug/deps/libpin_project_lite-489eb5afe2d3bddf.rmeta --cap-lints allow`
[1m[32m   Compiling[0m spki v0.7.3
[1m[32m     Running[0m `/usr/local/rustup/toolchains/1.86.0-aarch64-unknown-linux-gnu/bin/rustc --crate-name spki --edition=2021 /usr/local/cargo/registry/src/index.crates.io-1949cf8c6b5b557f/spki-0.7.3/src/lib.rs --error-format=json --json=diagnostic-rendered-ansi,artifacts,future-incompat --crate-type lib --emit=dep-info,metadata,link -C embed-bitcode=no -C debuginfo=2 --cfg 'feature="alloc"' --cfg 'feature="pem"' --cfg 'feature="std"' --check-cfg 'cfg(docsrs,test)' --check-cfg 'cfg(feature, values("alloc", "arbitrary", "base64", "fingerprint", "pem", "sha2", "std"))' -C metadata=7bba3abf50af2068 -C extra-filename=-28e0a3373f1e8184 --out-dir /work/target/debug/deps -L dependency=/work/target/debug/deps --extern der=/work/target/debug/deps/libder-15a3a7ac3c9aa7fa.rmeta --cap-lints allow`
[1m[32m   Compiling[0m webpki-roots v0.26.10
[1m[32m     Running[0m `/usr/local/rustup/toolchains/1.86.0-aarch64-unknown-linux-gnu/bin/rustc --crate-name webpki_roots --edition=2021 /usr/local/cargo/registry/src/index.crates.io-1949cf8c6b5b557f/webpki-roots-0.26.10/src/lib.rs --error-format=json --json=diagnostic-rendered-ansi,artifacts,future-incompat --crate-type lib --emit=dep-info,metadata,link -C embed-bitcode=no -C debuginfo=2 --check-cfg 'cfg(docsrs,test)' --check-cfg 'cfg(feature, values())' -C metadata=e6c5994384943a02 -C extra-filename=-7d64faf5323f93b3 --out-dir /work/target/debug/deps -L dependency=/work/target/debug/deps --extern pki_types=/work/target/debug/deps/librustls_pki_types-c8edff32b96bb94f.rmeta --cap-lints allow`
[1m[32m   Compiling[0m hashlink v0.10.0
[1m[32m     Running[0m `/usr/local/rustup/toolchains/1.86.0-aarch64-unknown-linux-gnu/bin/rustc --crate-name hashlink --edition=2018 /usr/local/cargo/registry/src/index.crates.io-1949cf8c6b5b557f/hashlink-0.10.0/src/lib.rs --error-format=json --json=diagnostic-rendered-ansi,artifacts,future-incompat --crate-type lib --emit=dep-info,metadata,link -C embed-bitcode=no -C debuginfo=2 --check-cfg 'cfg(docsrs,test)' --check-cfg 'cfg(feature, values("serde", "serde_impl"))' -C metadata=aeebeefb5e7fcde2 -C extra-filename=-15f18996fbfc4c70 --out-dir /work/target/debug/deps -L dependency=/work/target/debug/deps --extern hashbrown=/work/target/debug/deps/libhashbrown-f46a9b443634d9f9.rmeta --cap-lints allow`
[1m[32m   Compiling[0m apache-avro v0.18.0
[1m[32m     Running[0m `/usr/local/rustup/toolchains/1.86.0-aarch64-unknown-linux-gnu/bin/rustc --crate-name apache_avro --edition=2021 /usr/local/cargo/registry/src/index.crates.io-1949cf8c6b5b557f/apache-avro-0.18.0/src/lib.rs --error-format=json --json=diagnostic-rendered-ansi,artifacts,future-incompat --crate-type lib --emit=dep-info,metadata,link -C embed-bitcode=no -C debuginfo=2 --check-cfg 'cfg(docsrs,test)' --check-cfg 'cfg(feature, values("bzip", "derive", "snappy", "xz", "zstandard"))' -C metadata=e9cacee49d43bf54 -C extra-filename=-29174da822c69cae --out-dir /work/target/debug/deps -L dependency=/work/target/debug/deps --extern bigdecimal=/work/target/debug/deps/libbigdecimal-8d191343a846f9b6.rmeta --extern bon=/work/target/debug/deps/libbon-303874592b073041.rmeta --extern digest=/work/target/debug/deps/libdigest-d240c95a8ab84e71.rmeta --extern log=/work/target/debug/deps/liblog-b9fcf50dffa3f048.rmeta --extern miniz_oxide=/work/target/debug/deps/libminiz_oxide-06f94ec6dfff3c63.rmeta --extern num_bigint=/work/target/debug/deps/libnum_bigint-a801c3be0b179c01.rmeta --extern rand=/work/target/debug/deps/librand-a678609889908172.rmeta --extern regex_lite=/work/target/debug/deps/libregex_lite-1b72bcfe93280173.rmeta --extern serde=/work/target/debug/deps/libserde-40c2de2881464769.rmeta --extern serde_bytes=/work/target/debug/deps/libserde_bytes-b8dd982d3f1fb620.rmeta --extern serde_json=/work/target/debug/deps/libserde_json-0c1b94d84eed19db.rmeta --extern strum=/work/target/debug/deps/libstrum-05ebec8bcfdbfaee.rmeta --extern strum_macros=/work/target/debug/deps/libstrum_macros-34cd34e2ab348ab1.so --extern thiserror=/work/target/debug/deps/libthiserror-78cc097649a50b84.rmeta --extern uuid=/work/target/debug/deps/libuuid-53765d6c1496d63d.rmeta --cap-lints allow`
[1m[32m   Compiling[0m vcpkg v0.2.15
[1m[32m     Running[0m `/usr/local/rustup/toolchains/1.86.0-aarch64-unknown-linux-gnu/bin/rustc --crate-name vcpkg --edition=2015 /usr/local/cargo/registry/src/index.crates.io-1949cf8c6b5b557f/vcpkg-0.2.15/src/lib.rs --error-format=json --json=diagnostic-rendered-ansi,artifacts,future-incompat --crate-type lib --emit=dep-info,metadata,link -C embed-bitcode=no --check-cfg 'cfg(docsrs,test)' --check-cfg 'cfg(feature, values())' -C metadata=09a32abc0ea91f34 -C extra-filename=-20256c427dd8300f --out-dir /work/target/debug/deps -L dependency=/work/target/debug/deps --cap-lints allow`
[1m[32m   Compiling[0m num-bigint-dig v0.8.4
[1m[32m     Running[0m `/usr/local/rustup/toolchains/1.86.0-aarch64-unknown-linux-gnu/bin/rustc --crate-name build_script_build --edition=2021 /usr/local/cargo/registry/src/index.crates.io-1949cf8c6b5b557f/num-bigint-dig-0.8.4/build.rs --error-format=json --json=diagnostic-rendered-ansi,artifacts,future-incompat --crate-type bin --emit=dep-info,link -C embed-bitcode=no --cfg 'feature="i128"' --cfg 'feature="prime"' --cfg 'feature="rand"' --cfg 'feature="u64_digit"' --cfg 'feature="zeroize"' --check-cfg 'cfg(docsrs,test)' --check-cfg 'cfg(feature, values("arbitrary", "default", "fuzz", "i128", "nightly", "prime", "rand", "serde", "std", "u64_digit", "zeroize"))' -C metadata=46950f0f867d0007 -C extra-filename=-11838cb90ed78b31 --out-dir /work/target/debug/build/num-bigint-dig-11838cb90ed78b31 -L dependency=/work/target/debug/deps --cap-lints allow`
[1m[32m   Compiling[0m unicode-normalization v0.1.24
[1m[32m     Running[0m `/usr/local/rustup/toolchains/1.86.0-aarch64-unknown-linux-gnu/bin/rustc --crate-name unicode_normalization --edition=2018 /usr/local/cargo/registry/src/index.crates.io-1949cf8c6b5b557f/unicode-normalization-0.1.24/src/lib.rs --error-format=json --json=diagnostic-rendered-ansi,artifacts,future-incompat --crate-type lib --emit=dep-info,metadata,link -C embed-bitcode=no -C debuginfo=2 --cfg 'feature="default"' --cfg 'feature="std"' --check-cfg 'cfg(docsrs,test)' --check-cfg 'cfg(feature, values("default", "std"))' -C metadata=d0635223545b9a69 -C extra-filename=-1505a981e27b940f --out-dir /work/target/debug/deps -L dependency=/work/target/debug/deps --extern tinyvec=/work/target/debug/deps/libtinyvec-7cb2592ac74bbdbf.rmeta --cap-lints allow`
[1m[32m   Compiling[0m pin-project-internal v1.1.10
[1m[32m     Running[0m `/usr/local/rustup/toolchains/1.86.0-aarch64-unknown-linux-gnu/bin/rustc --crate-name pin_project_internal --edition=2021 /usr/local/cargo/registry/src/index.crates.io-1949cf8c6b5b557f/pin-project-internal-1.1.10/src/lib.rs --error-format=json --json=diagnostic-rendered-ansi,artifacts,future-incompat --crate-type proc-macro --emit=dep-info,link -C prefer-dynamic -C embed-bitcode=no '--warn=clippy::unused_trait_names' --warn=unreachable_pub --warn=unnameable_types --warn=unexpected_cfgs '--warn=clippy::undocumented_unsafe_blocks' '--warn=clippy::transmute_undefined_repr' '--warn=clippy::trailing_empty_array' --warn=single_use_lifetimes --warn=rust_2018_idioms '--warn=clippy::pedantic' --warn=non_ascii_idents '--warn=clippy::inline_asm_x86_att_syntax' --warn=improper_ctypes_definitions --warn=improper_ctypes --warn=deprecated_safe '--warn=clippy::default_union_representation' '--warn=clippy::as_underscore' '--warn=clippy::as_ptr_cast_mut' '--warn=clippy::all' '--allow=clippy::unreadable_literal' '--allow=clippy::type_complexity' '--allow=clippy::too_many_lines' '--allow=clippy::too_many_arguments' '--allow=clippy::struct_field_names' '--allow=clippy::struct_excessive_bools' '--allow=clippy::single_match_else' '--allow=clippy::single_match' '--allow=clippy::similar_names' '--allow=clippy::range_plus_one' '--allow=clippy::nonminimal_bool' '--allow=clippy::naive_bytecount' '--allow=clippy::module_name_repetitions' '--allow=clippy::missing_errors_doc' '--allow=clippy::manual_range_contains' '--allow=clippy::manual_assert' '--allow=clippy::lint_groups_priority' '--allow=clippy::incompatible_msrv' '--allow=clippy::float_cmp' '--allow=clippy::doc_markdown' '--allow=clippy::declare_interior_mutable_const' '--allow=clippy::cast_lossless' '--allow=clippy::borrow_as_ptr' '--allow=clippy::bool_assert_comparison' --check-cfg 'cfg(docsrs,test)' --check-cfg 'cfg(feature, values())' -C metadata=22e84fb3f3f8568d -C extra-filename=-67f167ae12a202d6 --out-dir /work/target/debug/deps -L dependency=/work/target/debug/deps --extern proc_macro2=/work/target/debug/deps/libproc_macro2-49fdc668fa64569f.rlib --extern quote=/work/target/debug/deps/libquote-38f780051616e59b.rlib --extern syn=/work/target/debug/deps/libsyn-9373f942e3578afe.rlib --extern proc_macro --cap-lints allow`
[1m[32m   Compiling[0m xmlparser v0.13.6
[1m[32m     Running[0m `/usr/local/rustup/toolchains/1.86.0-aarch64-unknown-linux-gnu/bin/rustc --crate-name xmlparser --edition=2018 /usr/local/cargo/registry/src/index.crates.io-1949cf8c6b5b557f/xmlparser-0.13.6/src/lib.rs --error-format=json --json=diagnostic-rendered-ansi,artifacts,future-incompat --crate-type lib --emit=dep-info,metadata,link -C embed-bitcode=no -C debuginfo=2 --cfg 'feature="default"' --cfg 'feature="std"' --check-cfg 'cfg(docsrs,test)' --check-cfg 'cfg(feature, values("default", "std"))' -C metadata=359e0deabcd78754 -C extra-filename=-a41616b164c44bf6 --out-dir /work/target/debug/deps -L dependency=/work/target/debug/deps --cap-lints allow`
[1m[32m   Compiling[0m pkcs8 v0.10.2
[1m[32m     Running[0m `/usr/local/rustup/toolchains/1.86.0-aarch64-unknown-linux-gnu/bin/rustc --crate-name pkcs8 --edition=2021 /usr/local/cargo/registry/src/index.crates.io-1949cf8c6b5b557f/pkcs8-0.10.2/src/lib.rs --error-format=json --json=diagnostic-rendered-ansi,artifacts,future-incompat --crate-type lib --emit=dep-info,metadata,link -C embed-bitcode=no -C debuginfo=2 --cfg 'feature="alloc"' --cfg 'feature="pem"' --cfg 'feature="std"' --check-cfg 'cfg(docsrs,test)' --check-cfg 'cfg(feature, values("3des", "alloc", "des-insecure", "encryption", "getrandom", "pem", "pkcs5", "rand_core", "sha1-insecure", "std", "subtle"))' -C metadata=ba16b842ad58465e -C extra-filename=-29023219ab5693a5 --out-dir /work/target/debug/deps -L dependency=/work/target/debug/deps --extern der=/work/target/debug/deps/libder-15a3a7ac3c9aa7fa.rmeta --extern spki=/work/target/debug/deps/libspki-28e0a3373f1e8184.rmeta --cap-lints allow`
[1m[32m   Compiling[0m unicode-bidi v0.3.18
[1m[32m     Running[0m `/usr/local/rustup/toolchains/1.86.0-aarch64-unknown-linux-gnu/bin/rustc --crate-name unicode_bidi --edition=2018 /usr/local/cargo/registry/src/index.crates.io-1949cf8c6b5b557f/unicode-bidi-0.3.18/src/lib.rs --error-format=json --json=diagnostic-rendered-ansi,artifacts,future-incompat --crate-type lib --emit=dep-info,metadata,link -C embed-bitcode=no -C debuginfo=2 --cfg 'feature="default"' --cfg 'feature="hardcoded-data"' --cfg 'feature="std"' --check-cfg 'cfg(docsrs,test)' --check-cfg 'cfg(feature, values("bench_it", "default", "flame", "flame_it", "flamer", "hardcoded-data", "serde", "smallvec", "std", "unstable", "with_serde"))' -C metadata=5bb3543fc802bc71 -C extra-filename=-9c45c22662ed07c0 --out-dir /work/target/debug/deps -L dependency=/work/target/debug/deps --cap-lints allow`
[1m[32m   Compiling[0m unicode-properties v0.1.3
[1m[32m     Running[0m `/usr/local/rustup/toolchains/1.86.0-aarch64-unknown-linux-gnu/bin/rustc --crate-name unicode_properties --edition=2021 /usr/local/cargo/registry/src/index.crates.io-1949cf8c6b5b557f/unicode-properties-0.1.3/src/lib.rs --error-format=json --json=diagnostic-rendered-ansi,artifacts,future-incompat --crate-type lib --emit=dep-info,metadata,link -C embed-bitcode=no -C debuginfo=2 --cfg 'feature="default"' --cfg 'feature="emoji"' --cfg 'feature="general-category"' --check-cfg 'cfg(docsrs,test)' --check-cfg 'cfg(feature, values("default", "emoji", "general-category"))' -C metadata=a616c36aaebaa216 -C extra-filename=-0f1db90f338f6e81 --out-dir /work/target/debug/deps -L dependency=/work/target/debug/deps --cap-lints allow`
[1m[32m   Compiling[0m libsqlite3-sys v0.30.1
[1m[32m     Running[0m `/usr/local/rustup/toolchains/1.86.0-aarch64-unknown-linux-gnu/bin/rustc --crate-name build_script_build --edition=2021 /usr/local/cargo/registry/src/index.crates.io-1949cf8c6b5b557f/libsqlite3-sys-0.30.1/build.rs --error-format=json --json=diagnostic-rendered-ansi,artifacts,future-incompat --crate-type bin --emit=dep-info,link -C embed-bitcode=no --cfg 'feature="bundled"' --cfg 'feature="bundled_bindings"' --cfg 'feature="cc"' --cfg 'feature="pkg-config"' --cfg 'feature="unlock_notify"' --cfg 'feature="vcpkg"' --check-cfg 'cfg(docsrs,test)' --check-cfg 'cfg(feature, values("bindgen", "buildtime_bindgen", "bundled", "bundled-sqlcipher", "bundled-sqlcipher-vendored-openssl", "bundled-windows", "bundled_bindings", "cc", "default", "in_gecko", "loadable_extension", "min_sqlite_version_3_14_0", "openssl-sys", "pkg-config", "prettyplease", "preupdate_hook", "quote", "session", "sqlcipher", "syn", "unlock_notify", "vcpkg", "wasm32-wasi-vfs", "with-asan"))' -C metadata=6f12f556071d666b -C extra-filename=-82e8983d622a3cc4 --out-dir /work/target/debug/build/libsqlite3-sys-82e8983d622a3cc4 -L dependency=/work/target/debug/deps --extern cc=/work/target/debug/deps/libcc-13da0a2c2b32aae7.rlib --extern pkg_config=/work/target/debug/deps/libpkg_config-e6b81fe79bb73097.rlib --extern vcpkg=/work/target/debug/deps/libvcpkg-20256c427dd8300f.rlib --cap-lints allow`
[1m[32m   Compiling[0m urlencoding v2.1.3
[1m[32m     Running[0m `/usr/local/rustup/toolchains/1.86.0-aarch64-unknown-linux-gnu/bin/rustc --crate-name urlencoding --edition=2021 /usr/local/cargo/registry/src/index.crates.io-1949cf8c6b5b557f/urlencoding-2.1.3/src/lib.rs --error-format=json --json=diagnostic-rendered-ansi,artifacts,future-incompat --crate-type lib --emit=dep-info,metadata,link -C embed-bitcode=no -C debuginfo=2 --check-cfg 'cfg(docsrs,test)' --check-cfg 'cfg(feature, values())' -C metadata=d0b1ae6242e3bc0a -C extra-filename=-1769b6732e1e055f --out-dir /work/target/debug/deps -L dependency=/work/target/debug/deps --cap-lints allow`
[1m[32m   Compiling[0m iceberg-rust-spec v0.9.0 (/work/iceberg-rust-spec)
[1m[32m     Running[0m `/usr/local/rustup/toolchains/1.86.0-aarch64-unknown-linux-gnu/bin/rustc --crate-name iceberg_rust_spec --edition=2021 iceberg-rust-spec/src/lib.rs --error-format=json --json=diagnostic-rendered-ansi,artifacts,future-incompat --crate-type lib --emit=dep-info,metadata,link -C embed-bitcode=no -C debuginfo=2 --check-cfg 'cfg(docsrs,test)' --check-cfg 'cfg(feature, values())' -C metadata=4310bb8c89a2f75d -C extra-filename=-7c1a39c1b1f8584e --out-dir /work/target/debug/deps -C incremental=/work/target/debug/incremental -L dependency=/work/target/debug/deps --extern apache_avro=/work/target/debug/deps/libapache_avro-29174da822c69cae.rmeta --extern arrow_schema=/work/target/debug/deps/libarrow_schema-93c6cdcbca3cb8f8.rmeta --extern chrono=/work/target/debug/deps/libchrono-85cc897a59e31a52.rmeta --extern derive_getters=/work/target/debug/deps/libderive_getters-a82c758e2cf00a01.so --extern derive_builder=/work/target/debug/deps/libderive_builder-138def0814bd49c9.rmeta --extern getrandom=/work/target/debug/deps/libgetrandom-51884759767b25c9.rmeta --extern itertools=/work/target/debug/deps/libitertools-b9229d5e770bb0a9.rmeta --extern murmur3=/work/target/debug/deps/libmurmur3-54a4e092d4b96bb9.rmeta --extern ordered_float=/work/target/debug/deps/libordered_float-23bdf0a8aae23f3d.rmeta --extern rust_decimal=/work/target/debug/deps/librust_decimal-fa0a49f7fb38b53d.rmeta --extern serde=/work/target/debug/deps/libserde-40c2de2881464769.rmeta --extern serde_bytes=/work/target/debug/deps/libserde_bytes-b8dd982d3f1fb620.rmeta --extern serde_derive=/work/target/debug/deps/libserde_derive-224b5868f540403f.so --extern serde_json=/work/target/debug/deps/libserde_json-0c1b94d84eed19db.rmeta --extern serde_repr=/work/target/debug/deps/libserde_repr-26c07255389211f8.so --extern thiserror=/work/target/debug/deps/libthiserror-78cc097649a50b84.rmeta --extern url=/work/target/debug/deps/liburl-5862d104b722478d.rmeta --extern uuid=/work/target/debug/deps/libuuid-53765d6c1496d63d.rmeta`
[1m[32m     Running[0m `/work/target/debug/build/num-bigint-dig-11838cb90ed78b31/build-script-build`
[1m[32m   Compiling[0m pkcs1 v0.7.5
[1m[32m     Running[0m `/usr/local/rustup/toolchains/1.86.0-aarch64-unknown-linux-gnu/bin/rustc --crate-name pkcs1 --edition=2021 /usr/local/cargo/registry/src/index.crates.io-1949cf8c6b5b557f/pkcs1-0.7.5/src/lib.rs --error-format=json --json=diagnostic-rendered-ansi,artifacts,future-incompat --crate-type lib --emit=dep-info,metadata,link -C embed-bitcode=no -C debuginfo=2 --cfg 'feature="alloc"' --cfg 'feature="pem"' --cfg 'feature="pkcs8"' --cfg 'feature="std"' --cfg 'feature="zeroize"' --check-cfg 'cfg(docsrs,test)' --check-cfg 'cfg(feature, values("alloc", "pem", "pkcs8", "std", "zeroize"))' -C metadata=d96b0492ae8a46d1 -C extra-filename=-4ebf729b6a3d543b --out-dir /work/target/debug/deps -L dependency=/work/target/debug/deps --extern der=/work/target/debug/deps/libder-15a3a7ac3c9aa7fa.rmeta --extern pkcs8=/work/target/debug/deps/libpkcs8-29023219ab5693a5.rmeta --extern spki=/work/target/debug/deps/libspki-28e0a3373f1e8184.rmeta --cap-lints allow`
[1m[32m     Running[0m `/usr/local/rustup/toolchains/1.86.0-aarch64-unknown-linux-gnu/bin/rustc --crate-name num_bigint_dig --edition=2021 /usr/local/cargo/registry/src/index.crates.io-1949cf8c6b5b557f/num-bigint-dig-0.8.4/src/lib.rs --error-format=json --json=diagnostic-rendered-ansi,artifacts,future-incompat --crate-type lib --emit=dep-info,metadata,link -C embed-bitcode=no -C debuginfo=2 --cfg 'feature="i128"' --cfg 'feature="prime"' --cfg 'feature="rand"' --cfg 'feature="u64_digit"' --cfg 'feature="zeroize"' --check-cfg 'cfg(docsrs,test)' --check-cfg 'cfg(feature, values("arbitrary", "default", "fuzz", "i128", "nightly", "prime", "rand", "serde", "std", "u64_digit", "zeroize"))' -C metadata=3586373cacffc8e8 -C extra-filename=-92509717104ef8b5 --out-dir /work/target/debug/deps -L dependency=/work/target/debug/deps --extern byteorder=/work/target/debug/deps/libbyteorder-8ff8374bf7425247.rmeta --extern lazy_static=/work/target/debug/deps/liblazy_static-8fe60b5543d1fbcb.rmeta --extern libm=/work/target/debug/deps/liblibm-47b8d2aaaf677f28.rmeta --extern num_integer=/work/target/debug/deps/libnum_integer-1769e8f989d68225.rmeta --extern num_iter=/work/target/debug/deps/libnum_iter-efd81a4d019c6ce7.rmeta --extern num_traits=/work/target/debug/deps/libnum_traits-0c0462975c553d05.rmeta --extern rand=/work/target/debug/deps/librand-4353c3d82baa5ea8.rmeta --extern smallvec=/work/target/debug/deps/libsmallvec-4aaa278677b0235a.rmeta --extern zeroize=/work/target/debug/deps/libzeroize-adb892c59a9f27ec.rmeta --cap-lints allow --cfg has_i128`
[1m[32m   Compiling[0m stringprep v0.1.5
[1m[32m     Running[0m `/usr/local/rustup/toolchains/1.86.0-aarch64-unknown-linux-gnu/bin/rustc --crate-name stringprep --edition=2015 /usr/local/cargo/registry/src/index.crates.io-1949cf8c6b5b557f/stringprep-0.1.5/src/lib.rs --error-format=json --json=diagnostic-rendered-ansi,artifacts,future-incompat --crate-type lib --emit=dep-info,metadata,link -C embed-bitcode=no -C debuginfo=2 --check-cfg 'cfg(docsrs,test)' --check-cfg 'cfg(feature, values())' -C metadata=1c225dce24083f9f -C extra-filename=-6d54abc7b0cd5a13 --out-dir /work/target/debug/deps -L dependency=/work/target/debug/deps --extern unicode_bidi=/work/target/debug/deps/libunicode_bidi-9c45c22662ed07c0.rmeta --extern unicode_normalization=/work/target/debug/deps/libunicode_normalization-1505a981e27b940f.rmeta --extern unicode_properties=/work/target/debug/deps/libunicode_properties-0f1db90f338f6e81.rmeta --cap-lints allow`
[1m[32m   Compiling[0m aws-smithy-xml v0.60.9
[1m[32m     Running[0m `/usr/local/rustup/toolchains/1.86.0-aarch64-unknown-linux-gnu/bin/rustc --crate-name aws_smithy_xml --edition=2021 /usr/local/cargo/registry/src/index.crates.io-1949cf8c6b5b557f/aws-smithy-xml-0.60.9/src/lib.rs --error-format=json --json=diagnostic-rendered-ansi,artifacts,future-incompat --crate-type lib --emit=dep-info,metadata,link -C embed-bitcode=no -C debuginfo=2 --check-cfg 'cfg(docsrs,test)' --check-cfg 'cfg(feature, values())' -C metadata=23d811d192a4a365 -C extra-filename=-97b543cd89391a6e --out-dir /work/target/debug/deps -L dependency=/work/target/debug/deps --extern xmlparser=/work/target/debug/deps/libxmlparser-a41616b164c44bf6.rmeta --cap-lints allow`
[1m[32m   Compiling[0m aws-smithy-query v0.60.7
[1m[32m     Running[0m `/usr/local/rustup/toolchains/1.86.0-aarch64-unknown-linux-gnu/bin/rustc --crate-name aws_smithy_query --edition=2021 /usr/local/cargo/registry/src/index.crates.io-1949cf8c6b5b557f/aws-smithy-query-0.60.7/src/lib.rs --error-format=json --json=diagnostic-rendered-ansi,artifacts,future-incompat --crate-type lib --emit=dep-info,metadata,link -C embed-bitcode=no -C debuginfo=2 --check-cfg 'cfg(docsrs,test)' --check-cfg 'cfg(feature, values())' -C metadata=b3b03f5133a615dd -C extra-filename=-d512e606967aa1f7 --out-dir /work/target/debug/deps -L dependency=/work/target/debug/deps --extern aws_smithy_types=/work/target/debug/deps/libaws_smithy_types-388054aeef446a43.rmeta --extern urlencoding=/work/target/debug/deps/liburlencoding-1769b6732e1e055f.rmeta --cap-lints allow`
[1m[32m   Compiling[0m signature v2.2.0
[1m[32m     Running[0m `/usr/local/rustup/toolchains/1.86.0-aarch64-unknown-linux-gnu/bin/rustc --crate-name signature --edition=2021 /usr/local/cargo/registry/src/index.crates.io-1949cf8c6b5b557f/signature-2.2.0/src/lib.rs --error-format=json --json=diagnostic-rendered-ansi,artifacts,future-incompat --crate-type lib --emit=dep-info,metadata,link -C embed-bitcode=no -C debuginfo=2 --cfg 'feature="alloc"' --cfg 'feature="digest"' --cfg 'feature="rand_core"' --cfg 'feature="std"' --check-cfg 'cfg(docsrs,test)' --check-cfg 'cfg(feature, values("alloc", "derive", "digest", "rand_core", "std"))' -C metadata=ea169c3599a0d7bf -C extra-filename=-7710918e497788b5 --out-dir /work/target/debug/deps -L dependency=/work/target/debug/deps --extern digest=/work/target/debug/deps/libdigest-d240c95a8ab84e71.rmeta --extern rand_core=/work/target/debug/deps/librand_core-3632972918f2503b.rmeta --cap-lints allow`
[1m[32m   Compiling[0m hkdf v0.12.4
[1m[32m     Running[0m `/usr/local/rustup/toolchains/1.86.0-aarch64-unknown-linux-gnu/bin/rustc --crate-name hkdf --edition=2018 /usr/local/cargo/registry/src/index.crates.io-1949cf8c6b5b557f/hkdf-0.12.4/src/lib.rs --error-format=json --json=diagnostic-rendered-ansi,artifacts,future-incompat --crate-type lib --emit=dep-info,metadata,link -C embed-bitcode=no -C debuginfo=2 --check-cfg 'cfg(docsrs,test)' --check-cfg 'cfg(feature, values("std"))' -C metadata=5220119d6a952272 -C extra-filename=-b9c50bc501162373 --out-dir /work/target/debug/deps -L dependency=/work/target/debug/deps --extern hmac=/work/target/debug/deps/libhmac-9f66939c0beb406f.rmeta --cap-lints allow`
[1m[32m   Compiling[0m ring v0.16.20
[1m[32m     Running[0m `/usr/local/rustup/toolchains/1.86.0-aarch64-unknown-linux-gnu/bin/rustc --crate-name build_script_build --edition=2018 /usr/local/cargo/registry/src/index.crates.io-1949cf8c6b5b557f/ring-0.16.20/build.rs --error-format=json --json=diagnostic-rendered-ansi,artifacts,future-incompat --crate-type bin --emit=dep-info,link -C embed-bitcode=no --cfg 'feature="alloc"' --cfg 'feature="default"' --cfg 'feature="dev_urandom_fallback"' --cfg 'feature="once_cell"' --check-cfg 'cfg(docsrs,test)' --check-cfg 'cfg(feature, values("alloc", "default", "dev_urandom_fallback", "internal_benches", "once_cell", "slow_tests", "std", "test_logging", "wasm32_c"))' -C metadata=62d6cc3e5203431b -C extra-filename=-e4b296bba5cfe94b --out-dir /work/target/debug/build/ring-e4b296bba5cfe94b -L dependency=/work/target/debug/deps --extern cc=/work/target/debug/deps/libcc-13da0a2c2b32aae7.rlib --cap-lints allow`
[1m[32m   Compiling[0m whoami v1.6.0
[1m[32m     Running[0m `/usr/local/rustup/toolchains/1.86.0-aarch64-unknown-linux-gnu/bin/rustc --crate-name whoami --edition=2018 /usr/local/cargo/registry/src/index.crates.io-1949cf8c6b5b557f/whoami-1.6.0/src/lib.rs --error-format=json --json=diagnostic-rendered-ansi,artifacts,future-incompat --crate-type lib --emit=dep-info,metadata,link -C embed-bitcode=no -C debuginfo=2 --allow=unexpected_cfgs --check-cfg 'cfg(daku)' --check-cfg 'cfg(docsrs,test)' --check-cfg 'cfg(feature, values("default", "web", "web-sys"))' -C metadata=c9f3abaf452f222f -C extra-filename=-d970e034d05fbc2f --out-dir /work/target/debug/deps -L dependency=/work/target/debug/deps --cap-lints allow`
[1m[32m   Compiling[0m itoa v0.4.8
[1m[32m     Running[0m `/usr/local/rustup/toolchains/1.86.0-aarch64-unknown-linux-gnu/bin/rustc --crate-name itoa --edition=2015 /usr/local/cargo/registry/src/index.crates.io-1949cf8c6b5b557f/itoa-0.4.8/src/lib.rs --error-format=json --json=diagnostic-rendered-ansi,artifacts,future-incompat --crate-type lib --emit=dep-info,metadata,link -C embed-bitcode=no -C debuginfo=2 --cfg 'feature="default"' --cfg 'feature="std"' --check-cfg 'cfg(docsrs,test)' --check-cfg 'cfg(feature, values("default", "i128", "std"))' -C metadata=58d8e9cf12f32f5d -C extra-filename=-9c33d0ab4e10dbdf --out-dir /work/target/debug/deps -L dependency=/work/target/debug/deps --cap-lints allow`
[1m[32m   Compiling[0m dotenvy v0.15.7
[1m[32m     Running[0m `/usr/local/rustup/toolchains/1.86.0-aarch64-unknown-linux-gnu/bin/rustc --crate-name dotenvy --edition=2018 /usr/local/cargo/registry/src/index.crates.io-1949cf8c6b5b557f/dotenvy-0.15.7/src/lib.rs --error-format=json --json=diagnostic-rendered-ansi,artifacts,future-incompat --crate-type lib --emit=dep-info,metadata,link -C embed-bitcode=no -C debuginfo=2 --check-cfg 'cfg(docsrs,test)' --check-cfg 'cfg(feature, values("clap", "cli"))' -C metadata=84a9deb8822b1990 -C extra-filename=-1716769d95635180 --out-dir /work/target/debug/deps -L dependency=/work/target/debug/deps --cap-lints allow`
[1m[32m   Compiling[0m rsa v0.9.8
[1m[32m     Running[0m `/usr/local/rustup/toolchains/1.86.0-aarch64-unknown-linux-gnu/bin/rustc --crate-name rsa --edition=2021 /usr/local/cargo/registry/src/index.crates.io-1949cf8c6b5b557f/rsa-0.9.8/src/lib.rs --error-format=json --json=diagnostic-rendered-ansi,artifacts,future-incompat --crate-type lib --emit=dep-info,metadata,link -C embed-bitcode=no -C debuginfo=2 --cfg 'feature="default"' --cfg 'feature="pem"' --cfg 'feature="std"' --cfg 'feature="u64_digit"' --check-cfg 'cfg(docsrs,test)' --check-cfg 'cfg(feature, values("default", "getrandom", "hazmat", "nightly", "pem", "pkcs5", "serde", "sha1", "sha2", "std", "u64_digit"))' -C metadata=2b2caa1ee3790dae -C extra-filename=-a6ce8c26dc754a31 --out-dir /work/target/debug/deps -L dependency=/work/target/debug/deps --extern const_oid=/work/target/debug/deps/libconst_oid-fdf12afda8cc3945.rmeta --extern digest=/work/target/debug/deps/libdigest-d240c95a8ab84e71.rmeta --extern num_bigint=/work/target/debug/deps/libnum_bigint_dig-92509717104ef8b5.rmeta --extern num_integer=/work/target/debug/deps/libnum_integer-1769e8f989d68225.rmeta --extern num_traits=/work/target/debug/deps/libnum_traits-0c0462975c553d05.rmeta --extern pkcs1=/work/target/debug/deps/libpkcs1-4ebf729b6a3d543b.rmeta --extern pkcs8=/work/target/debug/deps/libpkcs8-29023219ab5693a5.rmeta --extern rand_core=/work/target/debug/deps/librand_core-3632972918f2503b.rmeta --extern signature=/work/target/debug/deps/libsignature-7710918e497788b5.rmeta --extern spki=/work/target/debug/deps/libspki-28e0a3373f1e8184.rmeta --extern subtle=/work/target/debug/deps/libsubtle-cec5c82d83114130.rmeta --extern zeroize=/work/target/debug/deps/libzeroize-adb892c59a9f27ec.rmeta --cap-lints allow`
[1m[32m   Compiling[0m flume v0.11.1
[1m[32m     Running[0m `/usr/local/rustup/toolchains/1.86.0-aarch64-unknown-linux-gnu/bin/rustc --crate-name flume --edition=2018 /usr/local/cargo/registry/src/index.crates.io-1949cf8c6b5b557f/flume-0.11.1/src/lib.rs --error-format=json --json=diagnostic-rendered-ansi,artifacts,future-incompat --crate-type lib --emit=dep-info,metadata,link -C embed-bitcode=no -C debuginfo=2 --cfg 'feature="async"' --cfg 'feature="futures-core"' --cfg 'feature="futures-sink"' --check-cfg 'cfg(docsrs,test)' --check-cfg 'cfg(feature, values("async", "default", "eventual-fairness", "futures-core", "futures-sink", "nanorand", "select", "spin"))' -C metadata=d85a4ad02d45b8cd -C extra-filename=-71ebe2cf23194cc8 --out-dir /work/target/debug/deps -L dependency=/work/target/debug/deps --extern futures_core=/work/target/debug/deps/libfutures_core-2a3a0b2e17309ffd.rmeta --extern futures_sink=/work/target/debug/deps/libfutures_sink-06a4bc4e92cdd000.rmeta --extern spin1=/work/target/debug/deps/libspin-affd2d394170523c.rmeta --cap-lints allow`
[1m[32m   Compiling[0m aws-smithy-types v0.33.1
[1m[32m     Running[0m `/usr/local/rustup/toolchains/1.86.0-aarch64-unknown-linux-gnu/bin/rustc --crate-name aws_smithy_types --edition=2018 /usr/local/cargo/registry/src/index.crates.io-1949cf8c6b5b557f/aws-smithy-types-0.33.1/src/lib.rs --error-format=json --json=diagnostic-rendered-ansi,artifacts,future-incompat --crate-type lib --emit=dep-info,metadata,link -C embed-bitcode=no -C debuginfo=2 --check-cfg 'cfg(docsrs,test)' --check-cfg 'cfg(feature, values())' -C metadata=bf948b666f0d30a8 -C extra-filename=-ec58199e9acc33e8 --out-dir /work/target/debug/deps -L dependency=/work/target/debug/deps --extern itoa=/work/target/debug/deps/libitoa-9c33d0ab4e10dbdf.rmeta --extern num_integer=/work/target/debug/deps/libnum_integer-1769e8f989d68225.rmeta --extern ryu=/work/target/debug/deps/libryu-fd20ddf8b64a1db0.rmeta --extern time=/work/target/debug/deps/libtime-c8d230ad51f411d4.rmeta --cap-lints allow`
[1m[32m   Compiling[0m sha1 v0.10.6
[1m[32m     Running[0m `/usr/local/rustup/toolchains/1.86.0-aarch64-unknown-linux-gnu/bin/rustc --crate-name sha1 --edition=2018 /usr/local/cargo/registry/src/index.crates.io-1949cf8c6b5b557f/sha1-0.10.6/src/lib.rs --error-format=json --json=diagnostic-rendered-ansi,artifacts,future-incompat --crate-type lib --emit=dep-info,metadata,link -C embed-bitcode=no -C debuginfo=2 --check-cfg 'cfg(docsrs,test)' --check-cfg 'cfg(feature, values("asm", "compress", "default", "force-soft", "loongarch64_asm", "oid", "sha1-asm", "std"))' -C metadata=128d49ddec9249a1 -C extra-filename=-53f648bb5355a51c --out-dir /work/target/debug/deps -L dependency=/work/target/debug/deps --extern cfg_if=/work/target/debug/deps/libcfg_if-3d86f520ef21fd6a.rmeta --extern cpufeatures=/work/target/debug/deps/libcpufeatures-a18fd9d0213e6fd3.rmeta --extern digest=/work/target/debug/deps/libdigest-d240c95a8ab84e71.rmeta --cap-lints allow`
[1m[32m   Compiling[0m spin v0.5.2
[1m[32m     Running[0m `/usr/local/rustup/toolchains/1.86.0-aarch64-unknown-linux-gnu/bin/rustc --crate-name spin --edition=2015 /usr/local/cargo/registry/src/index.crates.io-1949cf8c6b5b557f/spin-0.5.2/src/lib.rs --error-format=json --json=diagnostic-rendered-ansi,artifacts,future-incompat --crate-type lib --emit=dep-info,metadata,link -C embed-bitcode=no -C debuginfo=2 --check-cfg 'cfg(docsrs,test)' --check-cfg 'cfg(feature, values())' -C metadata=4ad8961b5ec272ec -C extra-filename=-441b43cddfe14b43 --out-dir /work/target/debug/deps -L dependency=/work/target/debug/deps --cap-lints allow`
[1m[32m   Compiling[0m untrusted v0.7.1
[1m[32m     Running[0m `/usr/local/rustup/toolchains/1.86.0-aarch64-unknown-linux-gnu/bin/rustc --crate-name untrusted --edition=2018 /usr/local/cargo/registry/src/index.crates.io-1949cf8c6b5b557f/untrusted-0.7.1/src/untrusted.rs --error-format=json --json=diagnostic-rendered-ansi,artifacts,future-incompat --crate-type lib --emit=dep-info,metadata,link -C embed-bitcode=no -C debuginfo=2 --check-cfg 'cfg(docsrs,test)' --check-cfg 'cfg(feature, values())' -C metadata=7e89d5a3db141cb9 -C extra-filename=-b7282d12fbad7053 --out-dir /work/target/debug/deps -L dependency=/work/target/debug/deps --cap-lints allow`
[1m[32m   Compiling[0m home v0.5.11
[1m[32m     Running[0m `/usr/local/rustup/toolchains/1.86.0-aarch64-unknown-linux-gnu/bin/rustc --crate-name home --edition=2021 /usr/local/cargo/registry/src/index.crates.io-1949cf8c6b5b557f/home-0.5.11/src/lib.rs --error-format=json --json=diagnostic-rendered-ansi,artifacts,future-incompat --crate-type lib --emit=dep-info,metadata,link -C embed-bitcode=no -C debuginfo=2 '--allow=clippy::all' '--warn=clippy::correctness' '--warn=clippy::self_named_module_files' --warn=rust_2018_idioms '--allow=rustdoc::private_intra_doc_links' '--warn=clippy::print_stdout' '--warn=clippy::print_stderr' '--warn=clippy::disallowed_methods' '--warn=clippy::dbg_macro' --check-cfg 'cfg(docsrs,test)' --check-cfg 'cfg(feature, values())' -C metadata=6281655addd55bc8 -C extra-filename=-fcd2fec9400dd1f3 --out-dir /work/target/debug/deps -L dependency=/work/target/debug/deps --cap-lints allow`
[1m[32m     Running[0m `/work/target/debug/build/libsqlite3-sys-82e8983d622a3cc4/build-script-build`
[1m[32m     Running[0m `/usr/local/rustup/toolchains/1.86.0-aarch64-unknown-linux-gnu/bin/rustc --crate-name lzma_sys --edition=2018 /usr/local/cargo/registry/src/index.crates.io-1949cf8c6b5b557f/lzma-sys-0.1.20/src/lib.rs --error-format=json --json=diagnostic-rendered-ansi,artifacts,future-incompat --crate-type lib --emit=dep-info,metadata,link -C embed-bitcode=no -C debuginfo=2 --cfg 'feature="static"' --check-cfg 'cfg(docsrs,test)' --check-cfg 'cfg(feature, values("static"))' -C metadata=d77295c6e1afbdac -C extra-filename=-6b58a87c224a63d9 --out-dir /work/target/debug/deps -L dependency=/work/target/debug/deps --extern libc=/work/target/debug/deps/liblibc-33634091ba1aaaf5.rmeta --cap-lints allow -L native=/work/target/debug/build/lzma-sys-00c33fd18c15f1c2/out -l static=lzma`
[1m[32m   Compiling[0m pin-project v1.1.10
[1m[32m     Running[0m `/usr/local/rustup/toolchains/1.86.0-aarch64-unknown-linux-gnu/bin/rustc --crate-name pin_project --edition=2021 /usr/local/cargo/registry/src/index.crates.io-1949cf8c6b5b557f/pin-project-1.1.10/src/lib.rs --error-format=json --json=diagnostic-rendered-ansi,artifacts,future-incompat --crate-type lib --emit=dep-info,metadata,link -C embed-bitcode=no -C debuginfo=2 '--warn=clippy::unused_trait_names' --warn=unreachable_pub --warn=unnameable_types --warn=unexpected_cfgs '--warn=clippy::undocumented_unsafe_blocks' '--warn=clippy::transmute_undefined_repr' '--warn=clippy::trailing_empty_array' --warn=single_use_lifetimes --warn=rust_2018_idioms '--warn=clippy::pedantic' --warn=non_ascii_idents '--warn=clippy::inline_asm_x86_att_syntax' --warn=improper_ctypes_definitions --warn=improper_ctypes --warn=deprecated_safe '--warn=clippy::default_union_representation' '--warn=clippy::as_underscore' '--warn=clippy::as_ptr_cast_mut' '--warn=clippy::all' '--allow=clippy::unreadable_literal' '--allow=clippy::type_complexity' '--allow=clippy::too_many_lines' '--allow=clippy::too_many_arguments' '--allow=clippy::struct_field_names' '--allow=clippy::struct_excessive_bools' '--allow=clippy::single_match_else' '--allow=clippy::single_match' '--allow=clippy::similar_names' '--allow=clippy::range_plus_one' '--allow=clippy::nonminimal_bool' '--allow=clippy::naive_bytecount' '--allow=clippy::module_name_repetitions' '--allow=clippy::missing_errors_doc' '--allow=clippy::manual_range_contains' '--allow=clippy::manual_assert' '--allow=clippy::lint_groups_priority' '--allow=clippy::incompatible_msrv' '--allow=clippy::float_cmp' '--allow=clippy::doc_markdown' '--allow=clippy::declare_interior_mutable_const' '--allow=clippy::cast_lossless' '--allow=clippy::borrow_as_ptr' '--allow=clippy::bool_assert_comparison' --check-cfg 'cfg(docsrs,test)' --check-cfg 'cfg(feature, values())' -C metadata=f315f96708bb62aa -C extra-filename=-62123a506e1cf956 --out-dir /work/target/debug/deps -L dependency=/work/target/debug/deps --extern pin_project_internal=/work/target/debug/deps/libpin_project_internal-67f167ae12a202d6.so --cap-lints allow`
[1m[32m   Compiling[0m serde_with_macros v3.12.0
[1m[32m     Running[0m `/usr/local/rustup/toolchains/1.86.0-aarch64-unknown-linux-gnu/bin/rustc --crate-name serde_with_macros --edition=2021 /usr/local/cargo/registry/src/index.crates.io-1949cf8c6b5b557f/serde_with_macros-3.12.0/src/lib.rs --error-format=json --json=diagnostic-rendered-ansi,artifacts,future-incompat --crate-type proc-macro --emit=dep-info,link -C prefer-dynamic -C embed-bitcode=no --warn=rust_2018_idioms --warn=variant_size_differences --warn=unused_import_braces --warn=unused_extern_crates --warn=unexpected_cfgs --warn=trivial_numeric_casts --warn=trivial_casts '--warn=clippy::semicolon_if_nothing_returned' '--warn=clippy::redundant_closure_for_method_calls' --warn=missing_docs '--warn=rustdoc::missing_crate_level_docs' '--allow=clippy::manual-unwrap-or-default' '--allow=clippy::explicit_auto_deref' '--warn=clippy::doc_markdown' '--warn=clippy::default_trait_access' '--warn=clippy::cloned_instead_of_copied' --check-cfg 'cfg(tarpaulin)' --check-cfg 'cfg(tarpaulin_include)' --check-cfg 'cfg(docsrs,test)' --check-cfg 'cfg(feature, values("schemars_0_8"))' -C metadata=6e89f20d0ccd5d4f -C extra-filename=-732724b215dbb79e --out-dir /work/target/debug/deps -L dependency=/work/target/debug/deps --extern darling=/work/target/debug/deps/libdarling-1463af28fedc657e.rlib --extern proc_macro2=/work/target/debug/deps/libproc_macro2-49fdc668fa64569f.rlib --extern quote=/work/target/debug/deps/libquote-38f780051616e59b.rlib --extern syn=/work/target/debug/deps/libsyn-9373f942e3578afe.rlib --extern proc_macro --cap-lints allow`
[1m[32m   Compiling[0m secrecy v0.8.0
[1m[32m     Running[0m `/usr/local/rustup/toolchains/1.86.0-aarch64-unknown-linux-gnu/bin/rustc --crate-name secrecy --edition=2018 /usr/local/cargo/registry/src/index.crates.io-1949cf8c6b5b557f/secrecy-0.8.0/src/lib.rs --error-format=json --json=diagnostic-rendered-ansi,artifacts,future-incompat --crate-type lib --emit=dep-info,metadata,link -C embed-bitcode=no -C debuginfo=2 --cfg 'feature="alloc"' --cfg 'feature="default"' --check-cfg 'cfg(docsrs,test)' --check-cfg 'cfg(feature, values("alloc", "bytes", "default", "serde"))' -C metadata=ea0fe68bcbe33f6d -C extra-filename=-003e3e7593b79498 --out-dir /work/target/debug/deps -L dependency=/work/target/debug/deps --extern zeroize=/work/target/debug/deps/libzeroize-adb892c59a9f27ec.rmeta --cap-lints allow`
[1m[32m   Compiling[0m aws-smithy-http v0.33.1
[1m[32m     Running[0m `/usr/local/rustup/toolchains/1.86.0-aarch64-unknown-linux-gnu/bin/rustc --crate-name aws_smithy_http --edition=2018 /usr/local/cargo/registry/src/index.crates.io-1949cf8c6b5b557f/aws-smithy-http-0.33.1/src/lib.rs --error-format=json --json=diagnostic-rendered-ansi,artifacts,future-incompat --crate-type lib --emit=dep-info,metadata,link -C embed-bitcode=no -C debuginfo=2 --check-cfg 'cfg(docsrs,test)' --check-cfg 'cfg(feature, values("aws-smithy-eventstream", "event-stream", "rt-tokio", "tokio", "tokio-util"))' -C metadata=6ec2ea97b1269085 -C extra-filename=-19b0d26e1dab76bd --out-dir /work/target/debug/deps -L dependency=/work/target/debug/deps --extern aws_smithy_types=/work/target/debug/deps/libaws_smithy_types-ec58199e9acc33e8.rmeta --extern bytes=/work/target/debug/deps/libbytes-b7f26ff2edee4da7.rmeta --extern bytes_utils=/work/target/debug/deps/libbytes_utils-9176d3b5d8cefa59.rmeta --extern futures_core=/work/target/debug/deps/libfutures_core-2a3a0b2e17309ffd.rmeta --extern http=/work/target/debug/deps/libhttp-f6820c2e49977d38.rmeta --extern http_body=/work/target/debug/deps/libhttp_body-fd66c27d4f459942.rmeta --extern hyper=/work/target/debug/deps/libhyper-b2931675f00b77a5.rmeta --extern percent_encoding=/work/target/debug/deps/libpercent_encoding-68d8dbd3afa04ab5.rmeta --extern pin_project=/work/target/debug/deps/libpin_project-62123a506e1cf956.rmeta --extern tracing=/work/target/debug/deps/libtracing-ab9d44c27d15fd96.rmeta --cap-lints allow`
[1m[32m   Compiling[0m xz2 v0.1.7
[1m[32m     Running[0m `/usr/local/rustup/toolchains/1.86.0-aarch64-unknown-linux-gnu/bin/rustc --crate-name xz2 --edition=2018 /usr/local/cargo/registry/src/index.crates.io-1949cf8c6b5b557f/xz2-0.1.7/src/lib.rs --error-format=json --json=diagnostic-rendered-ansi,artifacts,future-incompat --crate-type lib --emit=dep-info,metadata,link -C embed-bitcode=no -C debuginfo=2 --cfg 'feature="static"' --check-cfg 'cfg(docsrs,test)' --check-cfg 'cfg(feature, values("futures", "static", "tokio", "tokio-io"))' -C metadata=599eda1cc28e664a -C extra-filename=-d4f514b3e214ee73 --out-dir /work/target/debug/deps -L dependency=/work/target/debug/deps --extern lzma_sys=/work/target/debug/deps/liblzma_sys-6b58a87c224a63d9.rmeta --cap-lints allow -L native=/work/target/debug/build/lzma-sys-00c33fd18c15f1c2/out`
[1m[32m   Compiling[0m tracing-futures v0.2.5
[1m[32m     Running[0m `/usr/local/rustup/toolchains/1.86.0-aarch64-unknown-linux-gnu/bin/rustc --crate-name tracing_futures --edition=2018 /usr/local/cargo/registry/src/index.crates.io-1949cf8c6b5b557f/tracing-futures-0.2.5/src/lib.rs --error-format=json --json=diagnostic-rendered-ansi,artifacts,future-incompat --crate-type lib --emit=dep-info,metadata,link -C embed-bitcode=no -C debuginfo=2 --cfg 'feature="default"' --cfg 'feature="pin-project"' --cfg 'feature="std"' --cfg 'feature="std-future"' --check-cfg 'cfg(docsrs,test)' --check-cfg 'cfg(feature, values("default", "futures", "futures-01", "futures-03", "futures-task", "futures_01", "pin-project", "std", "std-future", "tokio", "tokio-executor"))' -C metadata=956cbe829a680298 -C extra-filename=-e68576dab947c92e --out-dir /work/target/debug/deps -L dependency=/work/target/debug/deps --extern pin_project=/work/target/debug/deps/libpin_project-62123a506e1cf956.rmeta --extern tracing=/work/target/debug/deps/libtracing-ab9d44c27d15fd96.rmeta --cap-lints allow`
[1m[32m     Running[0m `/work/target/debug/build/ring-e4b296bba5cfe94b/build-script-build`
[1m[32m   Compiling[0m async-compression v0.4.19
[1m[32m     Running[0m `/usr/local/rustup/toolchains/1.86.0-aarch64-unknown-linux-gnu/bin/rustc --crate-name async_compression --edition=2018 /usr/local/cargo/registry/src/index.crates.io-1949cf8c6b5b557f/async-compression-0.4.19/src/lib.rs --error-format=json --json=diagnostic-rendered-ansi,artifacts,future-incompat --crate-type lib --emit=dep-info,metadata,link -C embed-bitcode=no -C debuginfo=2 --cfg 'feature="bzip2"' --cfg 'feature="flate2"' --cfg 'feature="gzip"' --cfg 'feature="libzstd"' --cfg 'feature="tokio"' --cfg 'feature="xz"' --cfg 'feature="xz2"' --cfg 'feature="zstd"' --cfg 'feature="zstd-safe"' --check-cfg 'cfg(docsrs,test)' --check-cfg 'cfg(feature, values("all", "all-algorithms", "all-implementations", "brotli", "bzip2", "deflate", "deflate64", "flate2", "futures-io", "gzip", "libzstd", "lzma", "tokio", "xz", "xz2", "zlib", "zstd", "zstd-safe", "zstdmt"))' -C metadata=5d40bd4e0e238ab0 -C extra-filename=-72b0aa7afa88cfc1 --out-dir /work/target/debug/deps -L dependency=/work/target/debug/deps --extern bzip2=/work/target/debug/deps/libbzip2-37b00a6df5af6b01.rmeta --extern flate2=/work/target/debug/deps/libflate2-02f8980a443a4331.rmeta --extern futures_core=/work/target/debug/deps/libfutures_core-2a3a0b2e17309ffd.rmeta --extern memchr=/work/target/debug/deps/libmemchr-43e1c146a71885ce.rmeta --extern pin_project_lite=/work/target/debug/deps/libpin_project_lite-489eb5afe2d3bddf.rmeta --extern tokio=/work/target/debug/deps/libtokio-d7b67b7161a91c5d.rmeta --extern xz2=/work/target/debug/deps/libxz2-d4f514b3e214ee73.rmeta --extern libzstd=/work/target/debug/deps/libzstd-ea44ec4522e0cd47.rmeta --extern zstd_safe=/work/target/debug/deps/libzstd_safe-26deab1d6e67ab84.rmeta --cap-lints allow -L native=/work/target/debug/build/bzip2-sys-583c37f52eea31fd/out/lib -L native=/work/target/debug/build/lzma-sys-00c33fd18c15f1c2/out -L native=/work/target/debug/build/zstd-sys-7cb059f3c6ab1cb1/out`
[1m[32m     Running[0m `/usr/local/rustup/toolchains/1.86.0-aarch64-unknown-linux-gnu/bin/rustc --crate-name libsqlite3_sys --edition=2021 /usr/local/cargo/registry/src/index.crates.io-1949cf8c6b5b557f/libsqlite3-sys-0.30.1/src/lib.rs --error-format=json --json=diagnostic-rendered-ansi,artifacts,future-incompat --crate-type lib --emit=dep-info,metadata,link -C embed-bitcode=no -C debuginfo=2 --cfg 'feature="bundled"' --cfg 'feature="bundled_bindings"' --cfg 'feature="cc"' --cfg 'feature="pkg-config"' --cfg 'feature="unlock_notify"' --cfg 'feature="vcpkg"' --check-cfg 'cfg(docsrs,test)' --check-cfg 'cfg(feature, values("bindgen", "buildtime_bindgen", "bundled", "bundled-sqlcipher", "bundled-sqlcipher-vendored-openssl", "bundled-windows", "bundled_bindings", "cc", "default", "in_gecko", "loadable_extension", "min_sqlite_version_3_14_0", "openssl-sys", "pkg-config", "prettyplease", "preupdate_hook", "quote", "session", "sqlcipher", "syn", "unlock_notify", "vcpkg", "wasm32-wasi-vfs", "with-asan"))' -C metadata=453d41da86144d6a -C extra-filename=-2b4c65435d855fed --out-dir /work/target/debug/deps -L dependency=/work/target/debug/deps --cap-lints allow -L native=/work/target/debug/build/libsqlite3-sys-8c6e1b900a0dc541/out -l static=sqlite3`
[1m[32m   Compiling[0m serde_with v3.12.0
[1m[32m     Running[0m `/usr/local/rustup/toolchains/1.86.0-aarch64-unknown-linux-gnu/bin/rustc --crate-name serde_with --edition=2021 /usr/local/cargo/registry/src/index.crates.io-1949cf8c6b5b557f/serde_with-3.12.0/src/lib.rs --error-format=json --json=diagnostic-rendered-ansi,artifacts,future-incompat --crate-type lib --emit=dep-info,metadata,link -C embed-bitcode=no -C debuginfo=2 --warn=rust_2018_idioms --warn=variant_size_differences --warn=unused_import_braces --warn=unused_extern_crates --warn=unexpected_cfgs --warn=trivial_numeric_casts --warn=trivial_casts '--warn=clippy::semicolon_if_nothing_returned' '--warn=clippy::redundant_closure_for_method_calls' --warn=missing_docs '--warn=rustdoc::missing_crate_level_docs' '--allow=clippy::manual-unwrap-or-default' '--allow=clippy::explicit_auto_deref' '--warn=clippy::doc_markdown' '--warn=clippy::default_trait_access' '--warn=clippy::cloned_instead_of_copied' --check-cfg 'cfg(tarpaulin)' --check-cfg 'cfg(tarpaulin_include)' --cfg 'feature="alloc"' --cfg 'feature="base64"' --cfg 'feature="macros"' --cfg 'feature="std"' --check-cfg 'cfg(docsrs,test)' --check-cfg 'cfg(feature, values("alloc", "base64", "chrono", "chrono_0_4", "default", "guide", "hashbrown_0_14", "hashbrown_0_15", "hex", "indexmap", "indexmap_1", "indexmap_2", "json", "macros", "schemars_0_8", "std", "time_0_3"))' -C metadata=580e16cc9d8da57c -C extra-filename=-020dc617684ce10a --out-dir /work/target/debug/deps -L dependency=/work/target/debug/deps --extern base64=/work/target/debug/deps/libbase64-654283100a0b6a3e.rmeta --extern serde=/work/target/debug/deps/libserde-40c2de2881464769.rmeta --extern serde_derive=/work/target/debug/deps/libserde_derive-224b5868f540403f.so --extern serde_with_macros=/work/target/debug/deps/libserde_with_macros-732724b215dbb79e.so --cap-lints allow`
[1m[32m     Running[0m `/usr/local/rustup/toolchains/1.86.0-aarch64-unknown-linux-gnu/bin/rustc --crate-name ring --edition=2018 /usr/local/cargo/registry/src/index.crates.io-1949cf8c6b5b557f/ring-0.16.20/src/lib.rs --error-format=json --json=diagnostic-rendered-ansi,artifacts,future-incompat --crate-type lib --emit=dep-info,metadata,link -C embed-bitcode=no -C debuginfo=2 --cfg 'feature="alloc"' --cfg 'feature="default"' --cfg 'feature="dev_urandom_fallback"' --cfg 'feature="once_cell"' --check-cfg 'cfg(docsrs,test)' --check-cfg 'cfg(feature, values("alloc", "default", "dev_urandom_fallback", "internal_benches", "once_cell", "slow_tests", "std", "test_logging", "wasm32_c"))' -C metadata=396274b29e76d008 -C extra-filename=-b032e214acc96548 --out-dir /work/target/debug/deps -L dependency=/work/target/debug/deps --extern libc=/work/target/debug/deps/liblibc-33634091ba1aaaf5.rmeta --extern once_cell=/work/target/debug/deps/libonce_cell-b19178b062812169.rmeta --extern spin=/work/target/debug/deps/libspin-441b43cddfe14b43.rmeta --extern untrusted=/work/target/debug/deps/libuntrusted-b7282d12fbad7053.rmeta --cap-lints allow -L native=/work/target/debug/build/ring-4931c9dacdf4ca49/out -l static=ring-core -l static=ring-test`
[1m[32m   Compiling[0m aws-sigv4 v0.3.1
[1m[32m     Running[0m `/usr/local/rustup/toolchains/1.86.0-aarch64-unknown-linux-gnu/bin/rustc --crate-name aws_sigv4 --edition=2018 /usr/local/cargo/registry/src/index.crates.io-1949cf8c6b5b557f/aws-sigv4-0.3.1/src/lib.rs --error-format=json --json=diagnostic-rendered-ansi,artifacts,future-incompat --crate-type lib --emit=dep-info,metadata,link -C embed-bitcode=no -C debuginfo=2 --cfg 'feature="default"' --cfg 'feature="form_urlencoded"' --cfg 'feature="http"' --cfg 'feature="percent-encoding"' --cfg 'feature="sign-http"' --check-cfg 'cfg(docsrs,test)' --check-cfg 'cfg(feature, values("aws-smithy-eventstream", "bytes", "default", "form_urlencoded", "http", "percent-encoding", "sign-eventstream", "sign-http"))' -C metadata=74867d305b90102e -C extra-filename=-b00cf6cfcd82a55b --out-dir /work/target/debug/deps -L dependency=/work/target/debug/deps --extern aws_smithy_http=/work/target/debug/deps/libaws_smithy_http-19b0d26e1dab76bd.rmeta --extern form_urlencoded=/work/target/debug/deps/libform_urlencoded-15a074f68b3f9381.rmeta --extern hex=/work/target/debug/deps/libhex-b91ed9c800ce79f7.rmeta --extern http=/work/target/debug/deps/libhttp-f6820c2e49977d38.rmeta --extern once_cell=/work/target/debug/deps/libonce_cell-b19178b062812169.rmeta --extern percent_encoding=/work/target/debug/deps/libpercent_encoding-68d8dbd3afa04ab5.rmeta --extern regex=/work/target/debug/deps/libregex-e04a0c8a2ff6ee99.rmeta --extern ring=/work/target/debug/deps/libring-b032e214acc96548.rmeta --extern time=/work/target/debug/deps/libtime-c8d230ad51f411d4.rmeta --extern tracing=/work/target/debug/deps/libtracing-ab9d44c27d15fd96.rmeta --cap-lints allow -L native=/work/target/debug/build/ring-4931c9dacdf4ca49/out`
[1m[32m     Running[0m `/work/target/debug/build/aws-lc-rs-c54c645bd195abcf/build-script-build`
[1m[32m     Running[0m `/usr/local/rustup/toolchains/1.86.0-aarch64-unknown-linux-gnu/bin/rustc --crate-name aws_lc_sys --edition=2021 /usr/local/cargo/registry/src/index.crates.io-1949cf8c6b5b557f/aws-lc-sys-0.28.2/src/lib.rs --error-format=json --json=diagnostic-rendered-ansi,artifacts,future-incompat --crate-type lib --emit=dep-info,metadata,link -C embed-bitcode=no -C debuginfo=2 --cfg 'feature="prebuilt-nasm"' --check-cfg 'cfg(docsrs,test)' --check-cfg 'cfg(feature, values("asan", "bindgen", "prebuilt-nasm", "ssl"))' -C metadata=843912d909356c0f -C extra-filename=-008ee0907b47efe9 --out-dir /work/target/debug/deps -L dependency=/work/target/debug/deps --cap-lints allow -L native=/work/target/debug/build/aws-lc-sys-bd24c8912a5110ee/out -l static=aws_lc_0_28_2_crypto --cfg aarch64_unknown_linux_gnu`
[1m[32m     Running[0m `/work/target/debug/build/rustls-6ee6f1da2bc63c9e/build-script-build`
[1m[32m     Running[0m `/usr/local/rustup/toolchains/1.86.0-aarch64-unknown-linux-gnu/bin/rustc --crate-name aws_lc_rs --edition=2021 /usr/local/cargo/registry/src/index.crates.io-1949cf8c6b5b557f/aws-lc-rs-1.13.0/src/lib.rs --error-format=json --json=diagnostic-rendered-ansi,artifacts,future-incompat --crate-type lib --emit=dep-info,metadata,link -C embed-bitcode=no -C debuginfo=2 --cfg 'feature="aws-lc-sys"' --cfg 'feature="prebuilt-nasm"' --check-cfg 'cfg(docsrs,test)' --check-cfg 'cfg(feature, values("alloc", "asan", "aws-lc-sys", "bindgen", "default", "fips", "non-fips", "prebuilt-nasm", "ring-io", "ring-sig-verify", "test_logging", "unstable"))' -C metadata=e13bd0272623e8e6 -C extra-filename=-96285aa604ed67b9 --out-dir /work/target/debug/deps -L dependency=/work/target/debug/deps --extern aws_lc_sys=/work/target/debug/deps/libaws_lc_sys-008ee0907b47efe9.rmeta --extern zeroize=/work/target/debug/deps/libzeroize-adb892c59a9f27ec.rmeta --cap-lints allow -L native=/work/target/debug/build/aws-lc-sys-bd24c8912a5110ee/out --check-cfg 'cfg(disable_slow_tests)'`
[1m[32m   Compiling[0m rustls-webpki v0.103.2
[1m[32m     Running[0m `/usr/local/rustup/toolchains/1.86.0-aarch64-unknown-linux-gnu/bin/rustc --crate-name webpki --edition=2021 /usr/local/cargo/registry/src/index.crates.io-1949cf8c6b5b557f/rustls-webpki-0.103.2/src/lib.rs --error-format=json --json=diagnostic-rendered-ansi,artifacts,future-incompat --crate-type lib --emit=dep-info,metadata,link -C embed-bitcode=no -C debuginfo=2 --cfg 'feature="alloc"' --cfg 'feature="aws-lc-rs"' --cfg 'feature="ring"' --cfg 'feature="std"' --check-cfg 'cfg(docsrs,test)' --check-cfg 'cfg(feature, values("alloc", "aws-lc-rs", "aws-lc-rs-fips", "default", "ring", "std"))' -C metadata=0cd501f16871c050 -C extra-filename=-e8b2ff3dca1a99bf --out-dir /work/target/debug/deps -L dependency=/work/target/debug/deps --extern aws_lc_rs=/work/target/debug/deps/libaws_lc_rs-96285aa604ed67b9.rmeta --extern ring=/work/target/debug/deps/libring-d2eb826f5138eb5c.rmeta --extern pki_types=/work/target/debug/deps/librustls_pki_types-c8edff32b96bb94f.rmeta --extern untrusted=/work/target/debug/deps/libuntrusted-ccac08fe448c8f54.rmeta --cap-lints allow -L native=/work/target/debug/build/aws-lc-sys-bd24c8912a5110ee/out -L native=/work/target/debug/build/ring-8e0c6db8efc0c12d/out`
[1m[32m     Running[0m `/usr/local/rustup/toolchains/1.86.0-aarch64-unknown-linux-gnu/bin/rustc --crate-name rustls --edition=2021 /usr/local/cargo/registry/src/index.crates.io-1949cf8c6b5b557f/rustls-0.23.27/src/lib.rs --error-format=json --json=diagnostic-rendered-ansi,artifacts,future-incompat --crate-type lib --emit=dep-info,metadata,link -C embed-bitcode=no -C debuginfo=2 --warn=unexpected_cfgs --check-cfg 'cfg(bench)' --check-cfg 'cfg(coverage_nightly)' --check-cfg 'cfg(read_buf)' --cfg 'feature="aws-lc-rs"' --cfg 'feature="aws_lc_rs"' --cfg 'feature="ring"' --cfg 'feature="std"' --cfg 'feature="tls12"' --check-cfg 'cfg(docsrs,test)' --check-cfg 'cfg(feature, values("aws-lc-rs", "aws_lc_rs", "brotli", "custom-provider", "default", "fips", "hashbrown", "log", "logging", "prefer-post-quantum", "read_buf", "ring", "rustversion", "std", "tls12", "zlib"))' -C metadata=ccd497f0c264e136 -C extra-filename=-26085208aa3c48b5 --out-dir /work/target/debug/deps -L dependency=/work/target/debug/deps --extern aws_lc_rs=/work/target/debug/deps/libaws_lc_rs-96285aa604ed67b9.rmeta --extern once_cell=/work/target/debug/deps/libonce_cell-b19178b062812169.rmeta --extern ring=/work/target/debug/deps/libring-d2eb826f5138eb5c.rmeta --extern pki_types=/work/target/debug/deps/librustls_pki_types-c8edff32b96bb94f.rmeta --extern webpki=/work/target/debug/deps/libwebpki-e8b2ff3dca1a99bf.rmeta --extern subtle=/work/target/debug/deps/libsubtle-cec5c82d83114130.rmeta --extern zeroize=/work/target/debug/deps/libzeroize-adb892c59a9f27ec.rmeta --cap-lints allow -L native=/work/target/debug/build/aws-lc-sys-bd24c8912a5110ee/out -L native=/work/target/debug/build/ring-8e0c6db8efc0c12d/out`
[1m[32m   Compiling[0m tokio-rustls v0.26.2
[1m[32m   Compiling[0m sqlx-core v0.8.5
[1m[32m     Running[0m `/usr/local/rustup/toolchains/1.86.0-aarch64-unknown-linux-gnu/bin/rustc --crate-name tokio_rustls --edition=2021 /usr/local/cargo/registry/src/index.crates.io-1949cf8c6b5b557f/tokio-rustls-0.26.2/src/lib.rs --error-format=json --json=diagnostic-rendered-ansi,artifacts,future-incompat --crate-type lib --emit=dep-info,metadata,link -C embed-bitcode=no -C debuginfo=2 --cfg 'feature="ring"' --cfg 'feature="tls12"' --check-cfg 'cfg(docsrs,test)' --check-cfg 'cfg(feature, values("aws-lc-rs", "aws_lc_rs", "default", "early-data", "fips", "logging", "ring", "tls12"))' -C metadata=7c1d8a14da174d8e -C extra-filename=-24b991da45bf33c5 --out-dir /work/target/debug/deps -L dependency=/work/target/debug/deps --extern rustls=/work/target/debug/deps/librustls-26085208aa3c48b5.rmeta --extern tokio=/work/target/debug/deps/libtokio-d7b67b7161a91c5d.rmeta --cap-lints allow -L native=/work/target/debug/build/aws-lc-sys-bd24c8912a5110ee/out -L native=/work/target/debug/build/ring-8e0c6db8efc0c12d/out`
[1m[32m     Running[0m `/usr/local/rustup/toolchains/1.86.0-aarch64-unknown-linux-gnu/bin/rustc --crate-name sqlx_core --edition=2021 /usr/local/cargo/registry/src/index.crates.io-1949cf8c6b5b557f/sqlx-core-0.8.5/src/lib.rs --error-format=json --json=diagnostic-rendered-ansi,artifacts,future-incompat --crate-type lib --emit=dep-info,metadata,link -C embed-bitcode=no -C debuginfo=2 '--deny=clippy::disallowed_methods' '--deny=clippy::cast_sign_loss' '--deny=clippy::cast_possible_wrap' '--deny=clippy::cast_possible_truncation' --cfg 'feature="_rt-tokio"' --cfg 'feature="_tls-rustls"' --cfg 'feature="_tls-rustls-ring-webpki"' --cfg 'feature="any"' --cfg 'feature="crc"' --cfg 'feature="default"' --cfg 'feature="json"' --cfg 'feature="migrate"' --cfg 'feature="offline"' --cfg 'feature="rustls"' --cfg 'feature="serde"' --cfg 'feature="serde_json"' --cfg 'feature="sha2"' --cfg 'feature="tokio"' --cfg 'feature="tokio-stream"' --cfg 'feature="webpki-roots"' --check-cfg 'cfg(docsrs,test)' --check-cfg 'cfg(feature, values("_rt-async-std", "_rt-tokio", "_tls-native-tls", "_tls-none", "_tls-rustls", "_tls-rustls-aws-lc-rs", "_tls-rustls-ring-native-roots", "_tls-rustls-ring-webpki", "any", "async-io", "async-std", "bigdecimal", "bit-vec", "bstr", "chrono", "crc", "default", "ipnet", "ipnetwork", "json", "mac_address", "migrate", "native-tls", "offline", "regex", "rust_decimal", "rustls", "rustls-native-certs", "serde", "serde_json", "sha2", "time", "tokio", "tokio-stream", "uuid", "webpki-roots"))' -C metadata=a6df5da0c555e4ff -C extra-filename=-a448c02e65471aa5 --out-dir /work/target/debug/deps -L dependency=/work/target/debug/deps --extern base64=/work/target/debug/deps/libbase64-654283100a0b6a3e.rmeta --extern bytes=/work/target/debug/deps/libbytes-b7f26ff2edee4da7.rmeta --extern crc=/work/target/debug/deps/libcrc-ac06f977d725a235.rmeta --extern crossbeam_queue=/work/target/debug/deps/libcrossbeam_queue-9a21466aaa153604.rmeta --extern either=/work/target/debug/deps/libeither-562436f9042728fb.rmeta --extern event_listener=/work/target/debug/deps/libevent_listener-07cf3e040c50dc70.rmeta --extern futures_core=/work/target/debug/deps/libfutures_core-2a3a0b2e17309ffd.rmeta --extern futures_intrusive=/work/target/debug/deps/libfutures_intrusive-1bbb6bd96fa26374.rmeta --extern futures_io=/work/target/debug/deps/libfutures_io-79e971d42e88061a.rmeta --extern futures_util=/work/target/debug/deps/libfutures_util-7d4e9e33dc8645e2.rmeta --extern hashbrown=/work/target/debug/deps/libhashbrown-f46a9b443634d9f9.rmeta --extern hashlink=/work/target/debug/deps/libhashlink-15f18996fbfc4c70.rmeta --extern indexmap=/work/target/debug/deps/libindexmap-9a85cd7b101e1bbc.rmeta --extern log=/work/target/debug/deps/liblog-b9fcf50dffa3f048.rmeta --extern memchr=/work/target/debug/deps/libmemchr-43e1c146a71885ce.rmeta --extern once_cell=/work/target/debug/deps/libonce_cell-b19178b062812169.rmeta --extern percent_encoding=/work/target/debug/deps/libpercent_encoding-68d8dbd3afa04ab5.rmeta --extern rustls=/work/target/debug/deps/librustls-26085208aa3c48b5.rmeta --extern serde=/work/target/debug/deps/libserde-40c2de2881464769.rmeta --extern serde_json=/work/target/debug/deps/libserde_json-0c1b94d84eed19db.rmeta --extern sha2=/work/target/debug/deps/libsha2-07be730302790482.rmeta --extern smallvec=/work/target/debug/deps/libsmallvec-4aaa278677b0235a.rmeta --extern thiserror=/work/target/debug/deps/libthiserror-78cc097649a50b84.rmeta --extern tokio=/work/target/debug/deps/libtokio-d7b67b7161a91c5d.rmeta --extern tokio_stream=/work/target/debug/deps/libtokio_stream-53a431c76b0d9e28.rmeta --extern tracing=/work/target/debug/deps/libtracing-ab9d44c27d15fd96.rmeta --extern url=/work/target/debug/deps/liburl-5862d104b722478d.rmeta --extern webpki_roots=/work/target/debug/deps/libwebpki_roots-7d64faf5323f93b3.rmeta --cap-lints allow -L native=/work/target/debug/build/aws-lc-sys-bd24c8912a5110ee/out -L native=/work/target/debug/build/ring-8e0c6db8efc0c12d/out`
[1m[32m   Compiling[0m hyper-rustls v0.27.5
[1m[32m     Running[0m `/usr/local/rustup/toolchains/1.86.0-aarch64-unknown-linux-gnu/bin/rustc --crate-name hyper_rustls --edition=2021 /usr/local/cargo/registry/src/index.crates.io-1949cf8c6b5b557f/hyper-rustls-0.27.5/src/lib.rs --error-format=json --json=diagnostic-rendered-ansi,artifacts,future-incompat --crate-type lib --emit=dep-info,metadata,link -C embed-bitcode=no -C debuginfo=2 --cfg 'feature="http1"' --cfg 'feature="http2"' --cfg 'feature="native-tokio"' --cfg 'feature="ring"' --cfg 'feature="rustls-native-certs"' --cfg 'feature="tls12"' --check-cfg 'cfg(docsrs,test)' --check-cfg 'cfg(feature, values("aws-lc-rs", "default", "fips", "http1", "http2", "log", "logging", "native-tokio", "ring", "rustls-native-certs", "rustls-platform-verifier", "tls12", "webpki-roots", "webpki-tokio"))' -C metadata=50c06f80d2ea332a -C extra-filename=-91307deba6d3609b --out-dir /work/target/debug/deps -L dependency=/work/target/debug/deps --extern futures_util=/work/target/debug/deps/libfutures_util-7d4e9e33dc8645e2.rmeta --extern http=/work/target/debug/deps/libhttp-bc84ffa0ce9e08c1.rmeta --extern hyper=/work/target/debug/deps/libhyper-128b69b8d6b0c4b6.rmeta --extern hyper_util=/work/target/debug/deps/libhyper_util-184ca92796623609.rmeta --extern rustls=/work/target/debug/deps/librustls-26085208aa3c48b5.rmeta --extern rustls_native_certs=/work/target/debug/deps/librustls_native_certs-f4cd54b15151a26a.rmeta --extern pki_types=/work/target/debug/deps/librustls_pki_types-c8edff32b96bb94f.rmeta --extern tokio=/work/target/debug/deps/libtokio-d7b67b7161a91c5d.rmeta --extern tokio_rustls=/work/target/debug/deps/libtokio_rustls-24b991da45bf33c5.rmeta --extern tower_service=/work/target/debug/deps/libtower_service-3167d1a01e43302f.rmeta --cap-lints allow -L native=/work/target/debug/build/aws-lc-sys-bd24c8912a5110ee/out -L native=/work/target/debug/build/ring-8e0c6db8efc0c12d/out`
[1m[32m   Compiling[0m reqwest v0.12.15
[1m[32m   Compiling[0m aws-smithy-http-client v1.0.1
[1m[32m     Running[0m `/usr/local/rustup/toolchains/1.86.0-aarch64-unknown-linux-gnu/bin/rustc --crate-name reqwest --edition=2021 /usr/local/cargo/registry/src/index.crates.io-1949cf8c6b5b557f/reqwest-0.12.15/src/lib.rs --error-format=json --json=diagnostic-rendered-ansi,artifacts,future-incompat --crate-type lib --emit=dep-info,metadata,link -C embed-bitcode=no -C debuginfo=2 --warn=unexpected_cfgs --check-cfg 'cfg(reqwest_unstable)' --cfg 'feature="__rustls"' --cfg 'feature="__rustls-ring"' --cfg 'feature="__tls"' --cfg 'feature="h2"' --cfg 'feature="http2"' --cfg 'feature="json"' --cfg 'feature="multipart"' --cfg 'feature="rustls-tls-manual-roots"' --cfg 'feature="rustls-tls-manual-roots-no-provider"' --cfg 'feature="rustls-tls-native-roots"' --cfg 'feature="rustls-tls-native-roots-no-provider"' --cfg 'feature="stream"' --check-cfg 'cfg(docsrs,test)' --check-cfg 'cfg(feature, values("__rustls", "__rustls-ring", "__tls", "blocking", "brotli", "charset", "cookies", "default", "default-tls", "deflate", "gzip", "h2", "hickory-dns", "http2", "http3", "json", "macos-system-configuration", "multipart", "native-tls", "native-tls-alpn", "native-tls-vendored", "rustls-tls", "rustls-tls-manual-roots", "rustls-tls-manual-roots-no-provider", "rustls-tls-native-roots", "rustls-tls-native-roots-no-provider", "rustls-tls-no-provider", "rustls-tls-webpki-roots", "rustls-tls-webpki-roots-no-provider", "socks", "stream", "trust-dns", "zstd"))' -C metadata=4fde05be98dd1268 -C extra-filename=-5d35b3b8ce8e184b --out-dir /work/target/debug/deps -L dependency=/work/target/debug/deps --extern base64=/work/target/debug/deps/libbase64-654283100a0b6a3e.rmeta --extern bytes=/work/target/debug/deps/libbytes-b7f26ff2edee4da7.rmeta --extern futures_core=/work/target/debug/deps/libfutures_core-2a3a0b2e17309ffd.rmeta --extern futures_util=/work/target/debug/deps/libfutures_util-7d4e9e33dc8645e2.rmeta --extern h2=/work/target/debug/deps/libh2-73c0d45d37943526.rmeta --extern http=/work/target/debug/deps/libhttp-bc84ffa0ce9e08c1.rmeta --extern http_body=/work/target/debug/deps/libhttp_body-621718221c729043.rmeta --extern http_body_util=/work/target/debug/deps/libhttp_body_util-0cbcb10032179b5c.rmeta --extern hyper=/work/target/debug/deps/libhyper-128b69b8d6b0c4b6.rmeta --extern hyper_rustls=/work/target/debug/deps/libhyper_rustls-91307deba6d3609b.rmeta --extern hyper_util=/work/target/debug/deps/libhyper_util-184ca92796623609.rmeta --extern ipnet=/work/target/debug/deps/libipnet-b78ef1f5d8ab3c91.rmeta --extern log=/work/target/debug/deps/liblog-b9fcf50dffa3f048.rmeta --extern mime=/work/target/debug/deps/libmime-7ef63734cfc9451b.rmeta --extern mime_guess=/work/target/debug/deps/libmime_guess-3863f1ce6bc4ec74.rmeta --extern once_cell=/work/target/debug/deps/libonce_cell-b19178b062812169.rmeta --extern percent_encoding=/work/target/debug/deps/libpercent_encoding-68d8dbd3afa04ab5.rmeta --extern pin_project_lite=/work/target/debug/deps/libpin_project_lite-489eb5afe2d3bddf.rmeta --extern rustls=/work/target/debug/deps/librustls-26085208aa3c48b5.rmeta --extern rustls_native_certs=/work/target/debug/deps/librustls_native_certs-f4cd54b15151a26a.rmeta --extern rustls_pemfile=/work/target/debug/deps/librustls_pemfile-772cadf63d52bb14.rmeta --extern rustls_pki_types=/work/target/debug/deps/librustls_pki_types-c8edff32b96bb94f.rmeta --extern serde=/work/target/debug/deps/libserde-40c2de2881464769.rmeta --extern serde_json=/work/target/debug/deps/libserde_json-0c1b94d84eed19db.rmeta --extern serde_urlencoded=/work/target/debug/deps/libserde_urlencoded-5add6978f4f0eef5.rmeta --extern sync_wrapper=/work/target/debug/deps/libsync_wrapper-be66c4569b9c78dc.rmeta --extern tokio=/work/target/debug/deps/libtokio-d7b67b7161a91c5d.rmeta --extern tokio_rustls=/work/target/debug/deps/libtokio_rustls-24b991da45bf33c5.rmeta --extern tokio_util=/work/target/debug/deps/libtokio_util-af6ade555c63f2c0.rmeta --extern tower=/work/target/debug/deps/libtower-af999eb7a5397078.rmeta --extern tower_service=/work/target/debug/deps/libtower_service-3167d1a01e43302f.rmeta --extern url=/work/target/debug/deps/liburl-5862d104b722478d.rmeta --cap-lints allow -L native=/work/target/debug/build/aws-lc-sys-bd24c8912a5110ee/out -L native=/work/target/debug/build/ring-8e0c6db8efc0c12d/out`
[1m[32m     Running[0m `/usr/local/rustup/toolchains/1.86.0-aarch64-unknown-linux-gnu/bin/rustc --crate-name aws_smithy_http_client --edition=2021 /usr/local/cargo/registry/src/index.crates.io-1949cf8c6b5b557f/aws-smithy-http-client-1.0.1/src/lib.rs --error-format=json --json=diagnostic-rendered-ansi,artifacts,future-incompat --crate-type lib --emit=dep-info,metadata,link -C embed-bitcode=no -C debuginfo=2 --cfg 'feature="default-client"' --cfg 'feature="hyper-014"' --cfg 'feature="legacy-rustls-ring"' --cfg 'feature="rustls-aws-lc"' --check-cfg 'cfg(docsrs,test)' --check-cfg 'cfg(feature, values("default-client", "hyper-014", "legacy-rustls-ring", "legacy-test-util", "rustls-aws-lc", "rustls-aws-lc-fips", "rustls-ring", "s2n-tls", "test-util", "wire-mock"))' -C metadata=0788b9ab2a94914e -C extra-filename=-0baadd111aa8afbf --out-dir /work/target/debug/deps -L dependency=/work/target/debug/deps --extern aws_smithy_async=/work/target/debug/deps/libaws_smithy_async-52830edbbc205df5.rmeta --extern aws_smithy_runtime_api=/work/target/debug/deps/libaws_smithy_runtime_api-e20a7c9bdfdec073.rmeta --extern aws_smithy_types=/work/target/debug/deps/libaws_smithy_types-388054aeef446a43.rmeta --extern h2=/work/target/debug/deps/libh2-73c0d45d37943526.rmeta --extern http_02x=/work/target/debug/deps/libhttp-f6820c2e49977d38.rmeta --extern http_1x=/work/target/debug/deps/libhttp-bc84ffa0ce9e08c1.rmeta --extern http_body_04x=/work/target/debug/deps/libhttp_body-fd66c27d4f459942.rmeta --extern hyper_0_14=/work/target/debug/deps/libhyper-b2931675f00b77a5.rmeta --extern hyper=/work/target/debug/deps/libhyper-128b69b8d6b0c4b6.rmeta --extern legacy_hyper_rustls=/work/target/debug/deps/libhyper_rustls-487fade64269ce84.rmeta --extern hyper_rustls=/work/target/debug/deps/libhyper_rustls-91307deba6d3609b.rmeta --extern hyper_util=/work/target/debug/deps/libhyper_util-184ca92796623609.rmeta --extern pin_project_lite=/work/target/debug/deps/libpin_project_lite-489eb5afe2d3bddf.rmeta --extern legacy_rustls=/work/target/debug/deps/librustls-d53cd2aeac8732c1.rmeta --extern rustls=/work/target/debug/deps/librustls-26085208aa3c48b5.rmeta --extern rustls_native_certs=/work/target/debug/deps/librustls_native_certs-f4cd54b15151a26a.rmeta --extern rustls_pki_types=/work/target/debug/deps/librustls_pki_types-c8edff32b96bb94f.rmeta --extern tokio=/work/target/debug/deps/libtokio-d7b67b7161a91c5d.rmeta --extern tower=/work/target/debug/deps/libtower-af999eb7a5397078.rmeta --extern tracing=/work/target/debug/deps/libtracing-ab9d44c27d15fd96.rmeta --cap-lints allow -L native=/work/target/debug/build/ring-8e0c6db8efc0c12d/out -L native=/work/target/debug/build/aws-lc-sys-bd24c8912a5110ee/out`
[1m[32m   Compiling[0m sqlx-postgres v0.8.5
[1m[32m   Compiling[0m sqlx-sqlite v0.8.5
[1m[32m   Compiling[0m sqlx-mysql v0.8.5
[1m[32m     Running[0m `/usr/local/rustup/toolchains/1.86.0-aarch64-unknown-linux-gnu/bin/rustc --crate-name sqlx_postgres --edition=2021 /usr/local/cargo/registry/src/index.crates.io-1949cf8c6b5b557f/sqlx-postgres-0.8.5/src/lib.rs --error-format=json --json=diagnostic-rendered-ansi,artifacts,future-incompat --crate-type lib --emit=dep-info,metadata,link -C embed-bitcode=no -C debuginfo=2 '--deny=clippy::disallowed_methods' '--deny=clippy::cast_sign_loss' '--deny=clippy::cast_possible_wrap' '--deny=clippy::cast_possible_truncation' --cfg 'feature="any"' --check-cfg 'cfg(docsrs,test)' --check-cfg 'cfg(feature, values("any", "bigdecimal", "bit-vec", "chrono", "ipnet", "ipnetwork", "json", "mac_address", "migrate", "offline", "rust_decimal", "time", "uuid"))' -C metadata=a3c9f914d7913406 -C extra-filename=-b0a173ae187ed134 --out-dir /work/target/debug/deps -L dependency=/work/target/debug/deps --extern atoi=/work/target/debug/deps/libatoi-a318f52d49aab69b.rmeta --extern base64=/work/target/debug/deps/libbase64-654283100a0b6a3e.rmeta --extern bitflags=/work/target/debug/deps/libbitflags-e43ce81c7956362b.rmeta --extern byteorder=/work/target/debug/deps/libbyteorder-8ff8374bf7425247.rmeta --extern crc=/work/target/debug/deps/libcrc-ac06f977d725a235.rmeta --extern dotenvy=/work/target/debug/deps/libdotenvy-1716769d95635180.rmeta --extern futures_channel=/work/target/debug/deps/libfutures_channel-88df6a0f03d53ee4.rmeta --extern futures_core=/work/target/debug/deps/libfutures_core-2a3a0b2e17309ffd.rmeta --extern futures_util=/work/target/debug/deps/libfutures_util-7d4e9e33dc8645e2.rmeta --extern hex=/work/target/debug/deps/libhex-b91ed9c800ce79f7.rmeta --extern hkdf=/work/target/debug/deps/libhkdf-b9c50bc501162373.rmeta --extern hmac=/work/target/debug/deps/libhmac-9f66939c0beb406f.rmeta --extern home=/work/target/debug/deps/libhome-fcd2fec9400dd1f3.rmeta --extern itoa=/work/target/debug/deps/libitoa-da0e5894b0f1e0a5.rmeta --extern log=/work/target/debug/deps/liblog-b9fcf50dffa3f048.rmeta --extern md5=/work/target/debug/deps/libmd5-0acf50ca0f8c3a3d.rmeta --extern memchr=/work/target/debug/deps/libmemchr-43e1c146a71885ce.rmeta --extern once_cell=/work/target/debug/deps/libonce_cell-b19178b062812169.rmeta --extern rand=/work/target/debug/deps/librand-4353c3d82baa5ea8.rmeta --extern serde=/work/target/debug/deps/libserde-40c2de2881464769.rmeta --extern serde_json=/work/target/debug/deps/libserde_json-0c1b94d84eed19db.rmeta --extern sha2=/work/target/debug/deps/libsha2-07be730302790482.rmeta --extern smallvec=/work/target/debug/deps/libsmallvec-4aaa278677b0235a.rmeta --extern sqlx_core=/work/target/debug/deps/libsqlx_core-a448c02e65471aa5.rmeta --extern stringprep=/work/target/debug/deps/libstringprep-6d54abc7b0cd5a13.rmeta --extern thiserror=/work/target/debug/deps/libthiserror-78cc097649a50b84.rmeta --extern tracing=/work/target/debug/deps/libtracing-ab9d44c27d15fd96.rmeta --extern whoami=/work/target/debug/deps/libwhoami-d970e034d05fbc2f.rmeta --cap-lints allow -L native=/work/target/debug/build/aws-lc-sys-bd24c8912a5110ee/out -L native=/work/target/debug/build/ring-8e0c6db8efc0c12d/out`
[1m[32m     Running[0m `/usr/local/rustup/toolchains/1.86.0-aarch64-unknown-linux-gnu/bin/rustc --crate-name sqlx_sqlite --edition=2021 /usr/local/cargo/registry/src/index.crates.io-1949cf8c6b5b557f/sqlx-sqlite-0.8.5/src/lib.rs --error-format=json --json=diagnostic-rendered-ansi,artifacts,future-incompat --crate-type lib --emit=dep-info,metadata,link -C embed-bitcode=no -C debuginfo=2 '--deny=clippy::disallowed_methods' '--deny=clippy::cast_sign_loss' '--deny=clippy::cast_possible_wrap' '--deny=clippy::cast_possible_truncation' --cfg 'feature="any"' --cfg 'feature="bundled"' --check-cfg 'cfg(docsrs,test)' --check-cfg 'cfg(feature, values("any", "bundled", "chrono", "json", "migrate", "offline", "preupdate-hook", "regexp", "serde", "time", "unbundled", "uuid"))' -C metadata=cfa76dd9a77f6f3f -C extra-filename=-c61d96a7aec4b8d1 --out-dir /work/target/debug/deps -L dependency=/work/target/debug/deps --extern atoi=/work/target/debug/deps/libatoi-a318f52d49aab69b.rmeta --extern flume=/work/target/debug/deps/libflume-71ebe2cf23194cc8.rmeta --extern futures_channel=/work/target/debug/deps/libfutures_channel-88df6a0f03d53ee4.rmeta --extern futures_core=/work/target/debug/deps/libfutures_core-2a3a0b2e17309ffd.rmeta --extern futures_executor=/work/target/debug/deps/libfutures_executor-4e4704f512f9cb01.rmeta --extern futures_intrusive=/work/target/debug/deps/libfutures_intrusive-1bbb6bd96fa26374.rmeta --extern futures_util=/work/target/debug/deps/libfutures_util-7d4e9e33dc8645e2.rmeta --extern libsqlite3_sys=/work/target/debug/deps/liblibsqlite3_sys-2b4c65435d855fed.rmeta --extern log=/work/target/debug/deps/liblog-b9fcf50dffa3f048.rmeta --extern percent_encoding=/work/target/debug/deps/libpercent_encoding-68d8dbd3afa04ab5.rmeta --extern serde_urlencoded=/work/target/debug/deps/libserde_urlencoded-5add6978f4f0eef5.rmeta --extern sqlx_core=/work/target/debug/deps/libsqlx_core-a448c02e65471aa5.rmeta --extern thiserror=/work/target/debug/deps/libthiserror-78cc097649a50b84.rmeta --extern tracing=/work/target/debug/deps/libtracing-ab9d44c27d15fd96.rmeta --extern url=/work/target/debug/deps/liburl-5862d104b722478d.rmeta --cap-lints allow -L native=/work/target/debug/build/libsqlite3-sys-8c6e1b900a0dc541/out -L native=/work/target/debug/build/aws-lc-sys-bd24c8912a5110ee/out -L native=/work/target/debug/build/ring-8e0c6db8efc0c12d/out`
[1m[32m     Running[0m `/usr/local/rustup/toolchains/1.86.0-aarch64-unknown-linux-gnu/bin/rustc --crate-name sqlx_mysql --edition=2021 /usr/local/cargo/registry/src/index.crates.io-1949cf8c6b5b557f/sqlx-mysql-0.8.5/src/lib.rs --error-format=json --json=diagnostic-rendered-ansi,artifacts,future-incompat --crate-type lib --emit=dep-info,metadata,link -C embed-bitcode=no -C debuginfo=2 '--deny=clippy::disallowed_methods' '--deny=clippy::cast_sign_loss' '--deny=clippy::cast_possible_wrap' '--deny=clippy::cast_possible_truncation' --cfg 'feature="any"' --check-cfg 'cfg(docsrs,test)' --check-cfg 'cfg(feature, values("any", "bigdecimal", "chrono", "json", "migrate", "offline", "rust_decimal", "serde", "time", "uuid"))' -C metadata=7268874c0910ddf4 -C extra-filename=-e0bc8cebdf135a09 --out-dir /work/target/debug/deps -L dependency=/work/target/debug/deps --extern atoi=/work/target/debug/deps/libatoi-a318f52d49aab69b.rmeta --extern base64=/work/target/debug/deps/libbase64-654283100a0b6a3e.rmeta --extern bitflags=/work/target/debug/deps/libbitflags-e43ce81c7956362b.rmeta --extern byteorder=/work/target/debug/deps/libbyteorder-8ff8374bf7425247.rmeta --extern bytes=/work/target/debug/deps/libbytes-b7f26ff2edee4da7.rmeta --extern crc=/work/target/debug/deps/libcrc-ac06f977d725a235.rmeta --extern digest=/work/target/debug/deps/libdigest-d240c95a8ab84e71.rmeta --extern dotenvy=/work/target/debug/deps/libdotenvy-1716769d95635180.rmeta --extern either=/work/target/debug/deps/libeither-562436f9042728fb.rmeta --extern futures_channel=/work/target/debug/deps/libfutures_channel-88df6a0f03d53ee4.rmeta --extern futures_core=/work/target/debug/deps/libfutures_core-2a3a0b2e17309ffd.rmeta --extern futures_io=/work/target/debug/deps/libfutures_io-79e971d42e88061a.rmeta --extern futures_util=/work/target/debug/deps/libfutures_util-7d4e9e33dc8645e2.rmeta --extern generic_array=/work/target/debug/deps/libgeneric_array-d49451644875c7ef.rmeta --extern hex=/work/target/debug/deps/libhex-b91ed9c800ce79f7.rmeta --extern hkdf=/work/target/debug/deps/libhkdf-b9c50bc501162373.rmeta --extern hmac=/work/target/debug/deps/libhmac-9f66939c0beb406f.rmeta --extern itoa=/work/target/debug/deps/libitoa-da0e5894b0f1e0a5.rmeta --extern log=/work/target/debug/deps/liblog-b9fcf50dffa3f048.rmeta --extern md5=/work/target/debug/deps/libmd5-0acf50ca0f8c3a3d.rmeta --extern memchr=/work/target/debug/deps/libmemchr-43e1c146a71885ce.rmeta --extern once_cell=/work/target/debug/deps/libonce_cell-b19178b062812169.rmeta --extern percent_encoding=/work/target/debug/deps/libpercent_encoding-68d8dbd3afa04ab5.rmeta --extern rand=/work/target/debug/deps/librand-4353c3d82baa5ea8.rmeta --extern rsa=/work/target/debug/deps/librsa-a6ce8c26dc754a31.rmeta --extern sha1=/work/target/debug/deps/libsha1-53f648bb5355a51c.rmeta --extern sha2=/work/target/debug/deps/libsha2-07be730302790482.rmeta --extern smallvec=/work/target/debug/deps/libsmallvec-4aaa278677b0235a.rmeta --extern sqlx_core=/work/target/debug/deps/libsqlx_core-a448c02e65471aa5.rmeta --extern stringprep=/work/target/debug/deps/libstringprep-6d54abc7b0cd5a13.rmeta --extern thiserror=/work/target/debug/deps/libthiserror-78cc097649a50b84.rmeta --extern tracing=/work/target/debug/deps/libtracing-ab9d44c27d15fd96.rmeta --extern whoami=/work/target/debug/deps/libwhoami-d970e034d05fbc2f.rmeta --cap-lints allow -L native=/work/target/debug/build/aws-lc-sys-bd24c8912a5110ee/out -L native=/work/target/debug/build/ring-8e0c6db8efc0c12d/out`
[1m[32m   Compiling[0m object_store v0.12.3
[1m[32m     Running[0m `/usr/local/rustup/toolchains/1.86.0-aarch64-unknown-linux-gnu/bin/rustc --crate-name object_store --edition=2021 /usr/local/cargo/registry/src/index.crates.io-1949cf8c6b5b557f/object_store-0.12.3/src/lib.rs --error-format=json --json=diagnostic-rendered-ansi,artifacts,future-incompat --crate-type lib --emit=dep-info,metadata,link -C embed-bitcode=no -C debuginfo=2 --cfg 'feature="aws"' --cfg 'feature="azure"' --cfg 'feature="base64"' --cfg 'feature="cloud"' --cfg 'feature="default"' --cfg 'feature="form_urlencoded"' --cfg 'feature="fs"' --cfg 'feature="gcp"' --cfg 'feature="http-body-util"' --cfg 'feature="httparse"' --cfg 'feature="hyper"' --cfg 'feature="md-5"' --cfg 'feature="quick-xml"' --cfg 'feature="rand"' --cfg 'feature="reqwest"' --cfg 'feature="ring"' --cfg 'feature="rustls-pemfile"' --cfg 'feature="serde"' --cfg 'feature="serde_json"' --cfg 'feature="serde_urlencoded"' --cfg 'feature="walkdir"' --check-cfg 'cfg(docsrs,test)' --check-cfg 'cfg(feature, values("aws", "azure", "base64", "cloud", "default", "form_urlencoded", "fs", "gcp", "http", "http-body-util", "httparse", "hyper", "integration", "md-5", "quick-xml", "rand", "reqwest", "ring", "rustls-pemfile", "serde", "serde_json", "serde_urlencoded", "tls-webpki-roots", "walkdir"))' -C metadata=9d3a0dcb496ce17f -C extra-filename=-247f873607a635c7 --out-dir /work/target/debug/deps -L dependency=/work/target/debug/deps --extern async_trait=/work/target/debug/deps/libasync_trait-d0fe424747ac3921.so --extern base64=/work/target/debug/deps/libbase64-654283100a0b6a3e.rmeta --extern bytes=/work/target/debug/deps/libbytes-b7f26ff2edee4da7.rmeta --extern chrono=/work/target/debug/deps/libchrono-85cc897a59e31a52.rmeta --extern form_urlencoded=/work/target/debug/deps/libform_urlencoded-15a074f68b3f9381.rmeta --extern futures=/work/target/debug/deps/libfutures-ac7c7da181c731af.rmeta --extern http=/work/target/debug/deps/libhttp-bc84ffa0ce9e08c1.rmeta --extern http_body_util=/work/target/debug/deps/libhttp_body_util-0cbcb10032179b5c.rmeta --extern httparse=/work/target/debug/deps/libhttparse-8f79899ba9c7761d.rmeta --extern humantime=/work/target/debug/deps/libhumantime-07fd1db124b56527.rmeta --extern hyper=/work/target/debug/deps/libhyper-128b69b8d6b0c4b6.rmeta --extern itertools=/work/target/debug/deps/libitertools-b9229d5e770bb0a9.rmeta --extern md5=/work/target/debug/deps/libmd5-0acf50ca0f8c3a3d.rmeta --extern parking_lot=/work/target/debug/deps/libparking_lot-d94659161a08da67.rmeta --extern percent_encoding=/work/target/debug/deps/libpercent_encoding-68d8dbd3afa04ab5.rmeta --extern quick_xml=/work/target/debug/deps/libquick_xml-73795949516f9a73.rmeta --extern rand=/work/target/debug/deps/librand-a678609889908172.rmeta --extern reqwest=/work/target/debug/deps/libreqwest-5d35b3b8ce8e184b.rmeta --extern ring=/work/target/debug/deps/libring-d2eb826f5138eb5c.rmeta --extern rustls_pemfile=/work/target/debug/deps/librustls_pemfile-772cadf63d52bb14.rmeta --extern serde=/work/target/debug/deps/libserde-40c2de2881464769.rmeta --extern serde_json=/work/target/debug/deps/libserde_json-0c1b94d84eed19db.rmeta --extern serde_urlencoded=/work/target/debug/deps/libserde_urlencoded-5add6978f4f0eef5.rmeta --extern thiserror=/work/target/debug/deps/libthiserror-78cc097649a50b84.rmeta --extern tokio=/work/target/debug/deps/libtokio-d7b67b7161a91c5d.rmeta --extern tracing=/work/target/debug/deps/libtracing-ab9d44c27d15fd96.rmeta --extern url=/work/target/debug/deps/liburl-5862d104b722478d.rmeta --extern walkdir=/work/target/debug/deps/libwalkdir-9537dece5334bb64.rmeta --cap-lints allow -L native=/work/target/debug/build/aws-lc-sys-bd24c8912a5110ee/out -L native=/work/target/debug/build/ring-8e0c6db8efc0c12d/out`
[1m[32m   Compiling[0m aws-smithy-runtime v1.8.3
[1m[32m     Running[0m `/usr/local/rustup/toolchains/1.86.0-aarch64-unknown-linux-gnu/bin/rustc --crate-name aws_smithy_runtime --edition=2021 /usr/local/cargo/registry/src/index.crates.io-1949cf8c6b5b557f/aws-smithy-runtime-1.8.3/src/lib.rs --error-format=json --json=diagnostic-rendered-ansi,artifacts,future-incompat --crate-type lib --emit=dep-info,metadata,link -C embed-bitcode=no -C debuginfo=2 --cfg 'feature="client"' --cfg 'feature="connector-hyper-0-14-x"' --cfg 'feature="default-https-client"' --cfg 'feature="rt-tokio"' --cfg 'feature="tls-rustls"' --check-cfg 'cfg(docsrs,test)' --check-cfg 'cfg(feature, values("client", "connector-hyper-0-14-x", "default-https-client", "http-auth", "legacy-test-util", "rt-tokio", "test-util", "tls-rustls", "wire-mock"))' -C metadata=502850ae6f892512 -C extra-filename=-ab62921a9c96829d --out-dir /work/target/debug/deps -L dependency=/work/target/debug/deps --extern aws_smithy_async=/work/target/debug/deps/libaws_smithy_async-52830edbbc205df5.rmeta --extern aws_smithy_http=/work/target/debug/deps/libaws_smithy_http-1d25996db5b04f28.rmeta --extern aws_smithy_http_client=/work/target/debug/deps/libaws_smithy_http_client-0baadd111aa8afbf.rmeta --extern aws_smithy_observability=/work/target/debug/deps/libaws_smithy_observability-d0fbf02de85eaef6.rmeta --extern aws_smithy_runtime_api=/work/target/debug/deps/libaws_smithy_runtime_api-e20a7c9bdfdec073.rmeta --extern aws_smithy_types=/work/target/debug/deps/libaws_smithy_types-388054aeef446a43.rmeta --extern bytes=/work/target/debug/deps/libbytes-b7f26ff2edee4da7.rmeta --extern fastrand=/work/target/debug/deps/libfastrand-a6a53ffe1420978b.rmeta --extern http_02x=/work/target/debug/deps/libhttp-f6820c2e49977d38.rmeta --extern http_1x=/work/target/debug/deps/libhttp-bc84ffa0ce9e08c1.rmeta --extern http_body_04x=/work/target/debug/deps/libhttp_body-fd66c27d4f459942.rmeta --extern http_body_1x=/work/target/debug/deps/libhttp_body-621718221c729043.rmeta --extern pin_project_lite=/work/target/debug/deps/libpin_project_lite-489eb5afe2d3bddf.rmeta --extern pin_utils=/work/target/debug/deps/libpin_utils-5adeda489b1522e2.rmeta --extern tokio=/work/target/debug/deps/libtokio-d7b67b7161a91c5d.rmeta --extern tracing=/work/target/debug/deps/libtracing-ab9d44c27d15fd96.rmeta --cap-lints allow -L native=/work/target/debug/build/ring-8e0c6db8efc0c12d/out -L native=/work/target/debug/build/aws-lc-sys-bd24c8912a5110ee/out`
[1m[32m   Compiling[0m sqlx v0.8.5
[1m[32m     Running[0m `/usr/local/rustup/toolchains/1.86.0-aarch64-unknown-linux-gnu/bin/rustc --crate-name sqlx --edition=2021 /usr/local/cargo/registry/src/index.crates.io-1949cf8c6b5b557f/sqlx-0.8.5/src/lib.rs --error-format=json --json=diagnostic-rendered-ansi,artifacts,future-incompat --crate-type lib --emit=dep-info,metadata,link -C embed-bitcode=no -C debuginfo=2 --cfg 'feature="_rt-tokio"' --cfg 'feature="_sqlite"' --cfg 'feature="any"' --cfg 'feature="mysql"' --cfg 'feature="postgres"' --cfg 'feature="runtime-tokio"' --cfg 'feature="sqlite"' --cfg 'feature="sqlx-mysql"' --cfg 'feature="sqlx-postgres"' --cfg 'feature="sqlx-sqlite"' --cfg 'feature="tls-rustls"' --cfg 'feature="tls-rustls-ring"' --cfg 'feature="tls-rustls-ring-webpki"' --check-cfg 'cfg(docsrs,test)' --check-cfg 'cfg(feature, values("_rt-async-std", "_rt-tokio", "_sqlite", "_unstable-all-types", "all-databases", "any", "bigdecimal", "bit-vec", "bstr", "chrono", "default", "derive", "ipnet", "ipnetwork", "json", "mac_address", "macros", "migrate", "mysql", "postgres", "regexp", "runtime-async-std", "runtime-async-std-native-tls", "runtime-async-std-rustls", "runtime-tokio", "runtime-tokio-native-tls", "runtime-tokio-rustls", "rust_decimal", "sqlite", "sqlite-preupdate-hook", "sqlite-unbundled", "sqlx-macros", "sqlx-mysql", "sqlx-postgres", "sqlx-sqlite", "time", "tls-native-tls", "tls-none", "tls-rustls", "tls-rustls-aws-lc-rs", "tls-rustls-ring", "tls-rustls-ring-native-roots", "tls-rustls-ring-webpki", "uuid"))' -C metadata=3076144e04a4f8b7 -C extra-filename=-88c00679d1b0f5ab --out-dir /work/target/debug/deps -L dependency=/work/target/debug/deps --extern sqlx_core=/work/target/debug/deps/libsqlx_core-a448c02e65471aa5.rmeta --extern sqlx_mysql=/work/target/debug/deps/libsqlx_mysql-e0bc8cebdf135a09.rmeta --extern sqlx_postgres=/work/target/debug/deps/libsqlx_postgres-b0a173ae187ed134.rmeta --extern sqlx_sqlite=/work/target/debug/deps/libsqlx_sqlite-c61d96a7aec4b8d1.rmeta --cap-lints allow -L native=/work/target/debug/build/aws-lc-sys-bd24c8912a5110ee/out -L native=/work/target/debug/build/ring-8e0c6db8efc0c12d/out -L native=/work/target/debug/build/libsqlite3-sys-8c6e1b900a0dc541/out`
[1m[32m   Compiling[0m aws-runtime v1.5.7
[1m[32m     Running[0m `/usr/local/rustup/toolchains/1.86.0-aarch64-unknown-linux-gnu/bin/rustc --crate-name aws_runtime --edition=2021 /usr/local/cargo/registry/src/index.crates.io-1949cf8c6b5b557f/aws-runtime-1.5.7/src/lib.rs --error-format=json --json=diagnostic-rendered-ansi,artifacts,future-incompat --crate-type lib --emit=dep-info,metadata,link -C embed-bitcode=no -C debuginfo=2 --check-cfg 'cfg(docsrs,test)' --check-cfg 'cfg(feature, values("event-stream", "http-02x", "http-1x", "sigv4a", "test-util"))' -C metadata=321d25e1a3dd60b3 -C extra-filename=-317bbcd63799e9c2 --out-dir /work/target/debug/deps -L dependency=/work/target/debug/deps --extern aws_credential_types=/work/target/debug/deps/libaws_credential_types-b0458acaef3c2fab.rmeta --extern aws_sigv4=/work/target/debug/deps/libaws_sigv4-93652e54d11ba8b0.rmeta --extern aws_smithy_async=/work/target/debug/deps/libaws_smithy_async-52830edbbc205df5.rmeta --extern aws_smithy_http=/work/target/debug/deps/libaws_smithy_http-1d25996db5b04f28.rmeta --extern aws_smithy_runtime=/work/target/debug/deps/libaws_smithy_runtime-ab62921a9c96829d.rmeta --extern aws_smithy_runtime_api=/work/target/debug/deps/libaws_smithy_runtime_api-e20a7c9bdfdec073.rmeta --extern aws_smithy_types=/work/target/debug/deps/libaws_smithy_types-388054aeef446a43.rmeta --extern aws_types=/work/target/debug/deps/libaws_types-3c419d85e92b871a.rmeta --extern bytes=/work/target/debug/deps/libbytes-b7f26ff2edee4da7.rmeta --extern fastrand=/work/target/debug/deps/libfastrand-a6a53ffe1420978b.rmeta --extern http_02x=/work/target/debug/deps/libhttp-f6820c2e49977d38.rmeta --extern http_body_04x=/work/target/debug/deps/libhttp_body-fd66c27d4f459942.rmeta --extern percent_encoding=/work/target/debug/deps/libpercent_encoding-68d8dbd3afa04ab5.rmeta --extern pin_project_lite=/work/target/debug/deps/libpin_project_lite-489eb5afe2d3bddf.rmeta --extern tracing=/work/target/debug/deps/libtracing-ab9d44c27d15fd96.rmeta --extern uuid=/work/target/debug/deps/libuuid-53765d6c1496d63d.rmeta --cap-lints allow -L native=/work/target/debug/build/ring-8e0c6db8efc0c12d/out -L native=/work/target/debug/build/aws-lc-sys-bd24c8912a5110ee/out`
[1m[32m   Compiling[0m aws-sdk-sso v1.66.0
[1m[32m   Compiling[0m aws-sdk-sts v1.67.0
[1m[32m   Compiling[0m aws-sdk-ssooidc v1.67.0
[1m[32m   Compiling[0m aws-sdk-s3tables v1.18.0
[1m[32m   Compiling[0m aws-sdk-glue v1.92.0
[1m[32m     Running[0m `/usr/local/rustup/toolchains/1.86.0-aarch64-unknown-linux-gnu/bin/rustc --crate-name aws_sdk_sso --edition=2021 /usr/local/cargo/registry/src/index.crates.io-1949cf8c6b5b557f/aws-sdk-sso-1.66.0/src/lib.rs --error-format=json --json=diagnostic-rendered-ansi,artifacts,future-incompat --crate-type lib --emit=dep-info,metadata,link -C embed-bitcode=no -C debuginfo=2 --check-cfg 'cfg(docsrs,test)' --check-cfg 'cfg(feature, values("behavior-version-latest", "default", "default-https-client", "gated-tests", "rt-tokio", "rustls", "test-util"))' -C metadata=252b940a4bc710a8 -C extra-filename=-f65eff6a629f4dba --out-dir /work/target/debug/deps -L dependency=/work/target/debug/deps --extern aws_credential_types=/work/target/debug/deps/libaws_credential_types-b0458acaef3c2fab.rmeta --extern aws_runtime=/work/target/debug/deps/libaws_runtime-317bbcd63799e9c2.rmeta --extern aws_smithy_async=/work/target/debug/deps/libaws_smithy_async-52830edbbc205df5.rmeta --extern aws_smithy_http=/work/target/debug/deps/libaws_smithy_http-1d25996db5b04f28.rmeta --extern aws_smithy_json=/work/target/debug/deps/libaws_smithy_json-5e50320bddcc545c.rmeta --extern aws_smithy_runtime=/work/target/debug/deps/libaws_smithy_runtime-ab62921a9c96829d.rmeta --extern aws_smithy_runtime_api=/work/target/debug/deps/libaws_smithy_runtime_api-e20a7c9bdfdec073.rmeta --extern aws_smithy_types=/work/target/debug/deps/libaws_smithy_types-388054aeef446a43.rmeta --extern aws_types=/work/target/debug/deps/libaws_types-3c419d85e92b871a.rmeta --extern bytes=/work/target/debug/deps/libbytes-b7f26ff2edee4da7.rmeta --extern fastrand=/work/target/debug/deps/libfastrand-a6a53ffe1420978b.rmeta --extern http=/work/target/debug/deps/libhttp-f6820c2e49977d38.rmeta --extern once_cell=/work/target/debug/deps/libonce_cell-b19178b062812169.rmeta --extern regex_lite=/work/target/debug/deps/libregex_lite-1b72bcfe93280173.rmeta --extern tracing=/work/target/debug/deps/libtracing-ab9d44c27d15fd96.rmeta --cap-lints allow -L native=/work/target/debug/build/ring-8e0c6db8efc0c12d/out -L native=/work/target/debug/build/aws-lc-sys-bd24c8912a5110ee/out`
[1m[32m     Running[0m `/usr/local/rustup/toolchains/1.86.0-aarch64-unknown-linux-gnu/bin/rustc --crate-name aws_sdk_sts --edition=2021 /usr/local/cargo/registry/src/index.crates.io-1949cf8c6b5b557f/aws-sdk-sts-1.67.0/src/lib.rs --error-format=json --json=diagnostic-rendered-ansi,artifacts,future-incompat --crate-type lib --emit=dep-info,metadata,link -C embed-bitcode=no -C debuginfo=2 --check-cfg 'cfg(docsrs,test)' --check-cfg 'cfg(feature, values("behavior-version-latest", "default", "default-https-client", "gated-tests", "rt-tokio", "rustls", "test-util"))' -C metadata=9691977af69014da -C extra-filename=-fac0911a9b147178 --out-dir /work/target/debug/deps -L dependency=/work/target/debug/deps --extern aws_credential_types=/work/target/debug/deps/libaws_credential_types-b0458acaef3c2fab.rmeta --extern aws_runtime=/work/target/debug/deps/libaws_runtime-317bbcd63799e9c2.rmeta --extern aws_smithy_async=/work/target/debug/deps/libaws_smithy_async-52830edbbc205df5.rmeta --extern aws_smithy_http=/work/target/debug/deps/libaws_smithy_http-1d25996db5b04f28.rmeta --extern aws_smithy_json=/work/target/debug/deps/libaws_smithy_json-5e50320bddcc545c.rmeta --extern aws_smithy_query=/work/target/debug/deps/libaws_smithy_query-d512e606967aa1f7.rmeta --extern aws_smithy_runtime=/work/target/debug/deps/libaws_smithy_runtime-ab62921a9c96829d.rmeta --extern aws_smithy_runtime_api=/work/target/debug/deps/libaws_smithy_runtime_api-e20a7c9bdfdec073.rmeta --extern aws_smithy_types=/work/target/debug/deps/libaws_smithy_types-388054aeef446a43.rmeta --extern aws_smithy_xml=/work/target/debug/deps/libaws_smithy_xml-97b543cd89391a6e.rmeta --extern aws_types=/work/target/debug/deps/libaws_types-3c419d85e92b871a.rmeta --extern fastrand=/work/target/debug/deps/libfastrand-a6a53ffe1420978b.rmeta --extern http=/work/target/debug/deps/libhttp-f6820c2e49977d38.rmeta --extern once_cell=/work/target/debug/deps/libonce_cell-b19178b062812169.rmeta --extern regex_lite=/work/target/debug/deps/libregex_lite-1b72bcfe93280173.rmeta --extern tracing=/work/target/debug/deps/libtracing-ab9d44c27d15fd96.rmeta --cap-lints allow -L native=/work/target/debug/build/ring-8e0c6db8efc0c12d/out -L native=/work/target/debug/build/aws-lc-sys-bd24c8912a5110ee/out`
[1m[32m     Running[0m `/usr/local/rustup/toolchains/1.86.0-aarch64-unknown-linux-gnu/bin/rustc --crate-name aws_sdk_ssooidc --edition=2021 /usr/local/cargo/registry/src/index.crates.io-1949cf8c6b5b557f/aws-sdk-ssooidc-1.67.0/src/lib.rs --error-format=json --json=diagnostic-rendered-ansi,artifacts,future-incompat --crate-type lib --emit=dep-info,metadata,link -C embed-bitcode=no -C debuginfo=2 --check-cfg 'cfg(docsrs,test)' --check-cfg 'cfg(feature, values("behavior-version-latest", "default", "default-https-client", "gated-tests", "rt-tokio", "rustls", "test-util"))' -C metadata=4c76d2fcc3179499 -C extra-filename=-5d7debf62db9d7a8 --out-dir /work/target/debug/deps -L dependency=/work/target/debug/deps --extern aws_credential_types=/work/target/debug/deps/libaws_credential_types-b0458acaef3c2fab.rmeta --extern aws_runtime=/work/target/debug/deps/libaws_runtime-317bbcd63799e9c2.rmeta --extern aws_smithy_async=/work/target/debug/deps/libaws_smithy_async-52830edbbc205df5.rmeta --extern aws_smithy_http=/work/target/debug/deps/libaws_smithy_http-1d25996db5b04f28.rmeta --extern aws_smithy_json=/work/target/debug/deps/libaws_smithy_json-5e50320bddcc545c.rmeta --extern aws_smithy_runtime=/work/target/debug/deps/libaws_smithy_runtime-ab62921a9c96829d.rmeta --extern aws_smithy_runtime_api=/work/target/debug/deps/libaws_smithy_runtime_api-e20a7c9bdfdec073.rmeta --extern aws_smithy_types=/work/target/debug/deps/libaws_smithy_types-388054aeef446a43.rmeta --extern aws_types=/work/target/debug/deps/libaws_types-3c419d85e92b871a.rmeta --extern bytes=/work/target/debug/deps/libbytes-b7f26ff2edee4da7.rmeta --extern fastrand=/work/target/debug/deps/libfastrand-a6a53ffe1420978b.rmeta --extern http=/work/target/debug/deps/libhttp-f6820c2e49977d38.rmeta --extern once_cell=/work/target/debug/deps/libonce_cell-b19178b062812169.rmeta --extern regex_lite=/work/target/debug/deps/libregex_lite-1b72bcfe93280173.rmeta --extern tracing=/work/target/debug/deps/libtracing-ab9d44c27d15fd96.rmeta --cap-lints allow -L native=/work/target/debug/build/ring-8e0c6db8efc0c12d/out -L native=/work/target/debug/build/aws-lc-sys-bd24c8912a5110ee/out`
[1m[32m     Running[0m `/usr/local/rustup/toolchains/1.86.0-aarch64-unknown-linux-gnu/bin/rustc --crate-name aws_sdk_s3tables --edition=2021 /usr/local/cargo/registry/src/index.crates.io-1949cf8c6b5b557f/aws-sdk-s3tables-1.18.0/src/lib.rs --error-format=json --json=diagnostic-rendered-ansi,artifacts,future-incompat --crate-type lib --emit=dep-info,metadata,link -C embed-bitcode=no -C debuginfo=2 --cfg 'feature="default"' --cfg 'feature="default-https-client"' --cfg 'feature="rt-tokio"' --cfg 'feature="rustls"' --check-cfg 'cfg(docsrs,test)' --check-cfg 'cfg(feature, values("behavior-version-latest", "default", "default-https-client", "gated-tests", "rt-tokio", "rustls", "test-util"))' -C metadata=942fcc46df6ee5da -C extra-filename=-8988fec08e5249cb --out-dir /work/target/debug/deps -L dependency=/work/target/debug/deps --extern aws_credential_types=/work/target/debug/deps/libaws_credential_types-b0458acaef3c2fab.rmeta --extern aws_runtime=/work/target/debug/deps/libaws_runtime-317bbcd63799e9c2.rmeta --extern aws_smithy_async=/work/target/debug/deps/libaws_smithy_async-52830edbbc205df5.rmeta --extern aws_smithy_http=/work/target/debug/deps/libaws_smithy_http-1d25996db5b04f28.rmeta --extern aws_smithy_json=/work/target/debug/deps/libaws_smithy_json-5e50320bddcc545c.rmeta --extern aws_smithy_runtime=/work/target/debug/deps/libaws_smithy_runtime-ab62921a9c96829d.rmeta --extern aws_smithy_runtime_api=/work/target/debug/deps/libaws_smithy_runtime_api-e20a7c9bdfdec073.rmeta --extern aws_smithy_types=/work/target/debug/deps/libaws_smithy_types-388054aeef446a43.rmeta --extern aws_types=/work/target/debug/deps/libaws_types-3c419d85e92b871a.rmeta --extern bytes=/work/target/debug/deps/libbytes-b7f26ff2edee4da7.rmeta --extern fastrand=/work/target/debug/deps/libfastrand-a6a53ffe1420978b.rmeta --extern http=/work/target/debug/deps/libhttp-f6820c2e49977d38.rmeta --extern once_cell=/work/target/debug/deps/libonce_cell-b19178b062812169.rmeta --extern regex_lite=/work/target/debug/deps/libregex_lite-1b72bcfe93280173.rmeta --extern tracing=/work/target/debug/deps/libtracing-ab9d44c27d15fd96.rmeta --cap-lints allow -L native=/work/target/debug/build/ring-8e0c6db8efc0c12d/out -L native=/work/target/debug/build/aws-lc-sys-bd24c8912a5110ee/out`
[1m[32m     Running[0m `/usr/local/rustup/toolchains/1.86.0-aarch64-unknown-linux-gnu/bin/rustc --crate-name aws_sdk_glue --edition=2021 /usr/local/cargo/registry/src/index.crates.io-1949cf8c6b5b557f/aws-sdk-glue-1.92.0/src/lib.rs --error-format=json --json=diagnostic-rendered-ansi,artifacts,future-incompat --crate-type lib --emit=dep-info,metadata,link -C embed-bitcode=no -C debuginfo=2 --cfg 'feature="default"' --cfg 'feature="default-https-client"' --cfg 'feature="rt-tokio"' --cfg 'feature="rustls"' --check-cfg 'cfg(docsrs,test)' --check-cfg 'cfg(feature, values("behavior-version-latest", "default", "default-https-client", "gated-tests", "rt-tokio", "rustls", "test-util"))' -C metadata=21ce5b5a009c7e59 -C extra-filename=-6b3cd726d9083424 --out-dir /work/target/debug/deps -L dependency=/work/target/debug/deps --extern aws_credential_types=/work/target/debug/deps/libaws_credential_types-b0458acaef3c2fab.rmeta --extern aws_runtime=/work/target/debug/deps/libaws_runtime-317bbcd63799e9c2.rmeta --extern aws_smithy_async=/work/target/debug/deps/libaws_smithy_async-52830edbbc205df5.rmeta --extern aws_smithy_http=/work/target/debug/deps/libaws_smithy_http-1d25996db5b04f28.rmeta --extern aws_smithy_json=/work/target/debug/deps/libaws_smithy_json-5e50320bddcc545c.rmeta --extern aws_smithy_runtime=/work/target/debug/deps/libaws_smithy_runtime-ab62921a9c96829d.rmeta --extern aws_smithy_runtime_api=/work/target/debug/deps/libaws_smithy_runtime_api-e20a7c9bdfdec073.rmeta --extern aws_smithy_types=/work/target/debug/deps/libaws_smithy_types-388054aeef446a43.rmeta --extern aws_types=/work/target/debug/deps/libaws_types-3c419d85e92b871a.rmeta --extern bytes=/work/target/debug/deps/libbytes-b7f26ff2edee4da7.rmeta --extern fastrand=/work/target/debug/deps/libfastrand-a6a53ffe1420978b.rmeta --extern http=/work/target/debug/deps/libhttp-f6820c2e49977d38.rmeta --extern once_cell=/work/target/debug/deps/libonce_cell-b19178b062812169.rmeta --extern regex_lite=/work/target/debug/deps/libregex_lite-1b72bcfe93280173.rmeta --extern tracing=/work/target/debug/deps/libtracing-ab9d44c27d15fd96.rmeta --cap-lints allow -L native=/work/target/debug/build/ring-8e0c6db8efc0c12d/out -L native=/work/target/debug/build/aws-lc-sys-bd24c8912a5110ee/out`
[1m[32m   Compiling[0m parquet v56.1.0
[1m[32m     Running[0m `/usr/local/rustup/toolchains/1.86.0-aarch64-unknown-linux-gnu/bin/rustc --crate-name parquet --edition=2021 /usr/local/cargo/registry/src/index.crates.io-1949cf8c6b5b557f/parquet-56.1.0/src/lib.rs --error-format=json --json=diagnostic-rendered-ansi,artifacts,future-incompat --crate-type lib --emit=dep-info,metadata,link -C embed-bitcode=no -C debuginfo=2 --cfg 'feature="arrow"' --cfg 'feature="arrow-array"' --cfg 'feature="arrow-buffer"' --cfg 'feature="arrow-cast"' --cfg 'feature="arrow-data"' --cfg 'feature="arrow-ipc"' --cfg 'feature="arrow-schema"' --cfg 'feature="arrow-select"' --cfg 'feature="async"' --cfg 'feature="base64"' --cfg 'feature="brotli"' --cfg 'feature="default"' --cfg 'feature="encryption"' --cfg 'feature="flate2"' --cfg 'feature="flate2-zlib-rs"' --cfg 'feature="futures"' --cfg 'feature="lz4"' --cfg 'feature="lz4_flex"' --cfg 'feature="object_store"' --cfg 'feature="simdutf8"' --cfg 'feature="snap"' --cfg 'feature="tokio"' --cfg 'feature="zstd"' --check-cfg 'cfg(docsrs,test)' --check-cfg 'cfg(feature, values("arrow", "arrow-array", "arrow-buffer", "arrow-cast", "arrow-csv", "arrow-data", "arrow-ipc", "arrow-schema", "arrow-select", "arrow_canonical_extension_types", "async", "base64", "brotli", "clap", "cli", "crc", "default", "encryption", "experimental", "flate2", "flate2-rust_backened", "flate2-zlib-rs", "futures", "json", "lz4", "lz4_flex", "object_store", "serde", "serde_json", "simdutf8", "snap", "test_common", "tokio", "zstd"))' -C metadata=c4d58bc773a81be0 -C extra-filename=-b09d89fbdaf0259f --out-dir /work/target/debug/deps -L dependency=/work/target/debug/deps --extern ahash=/work/target/debug/deps/libahash-c4ca5540cbf09434.rmeta --extern arrow_array=/work/target/debug/deps/libarrow_array-5c51dbbdd5dea3b7.rmeta --extern arrow_buffer=/work/target/debug/deps/libarrow_buffer-760f855f69522381.rmeta --extern arrow_cast=/work/target/debug/deps/libarrow_cast-f75bc310bd86bbb4.rmeta --extern arrow_data=/work/target/debug/deps/libarrow_data-c007ed7ec79ae020.rmeta --extern arrow_ipc=/work/target/debug/deps/libarrow_ipc-6b8e223076f29e26.rmeta --extern arrow_schema=/work/target/debug/deps/libarrow_schema-93c6cdcbca3cb8f8.rmeta --extern arrow_select=/work/target/debug/deps/libarrow_select-f8ab4e5979887506.rmeta --extern base64=/work/target/debug/deps/libbase64-654283100a0b6a3e.rmeta --extern brotli=/work/target/debug/deps/libbrotli-70871d86a84b1f8f.rmeta --extern bytes=/work/target/debug/deps/libbytes-b7f26ff2edee4da7.rmeta --extern chrono=/work/target/debug/deps/libchrono-85cc897a59e31a52.rmeta --extern flate2=/work/target/debug/deps/libflate2-02f8980a443a4331.rmeta --extern futures=/work/target/debug/deps/libfutures-ac7c7da181c731af.rmeta --extern half=/work/target/debug/deps/libhalf-a520f488e3de4f67.rmeta --extern hashbrown=/work/target/debug/deps/libhashbrown-f46a9b443634d9f9.rmeta --extern lz4_flex=/work/target/debug/deps/liblz4_flex-aabf97b021ca5493.rmeta --extern num=/work/target/debug/deps/libnum-0b52a96930e28eb0.rmeta --extern num_bigint=/work/target/debug/deps/libnum_bigint-a801c3be0b179c01.rmeta --extern object_store=/work/target/debug/deps/libobject_store-247f873607a635c7.rmeta --extern paste=/work/target/debug/deps/libpaste-afb10c11da142ed0.so --extern ring=/work/target/debug/deps/libring-d2eb826f5138eb5c.rmeta --extern seq_macro=/work/target/debug/deps/libseq_macro-5786ae97b5fae1b1.so --extern simdutf8=/work/target/debug/deps/libsimdutf8-26f60240de48a049.rmeta --extern snap=/work/target/debug/deps/libsnap-49d1b02e94347fdf.rmeta --extern thrift=/work/target/debug/deps/libthrift-6159d4a647b12694.rmeta --extern tokio=/work/target/debug/deps/libtokio-d7b67b7161a91c5d.rmeta --extern twox_hash=/work/target/debug/deps/libtwox_hash-336451cd7e486aad.rmeta --extern zstd=/work/target/debug/deps/libzstd-ea44ec4522e0cd47.rmeta --cap-lints allow -L native=/work/target/debug/build/zstd-sys-7cb059f3c6ab1cb1/out -L native=/work/target/debug/build/aws-lc-sys-bd24c8912a5110ee/out -L native=/work/target/debug/build/ring-8e0c6db8efc0c12d/out`
[1m[32m   Compiling[0m aws-config v1.6.2
[1m[32m     Running[0m `/usr/local/rustup/toolchains/1.86.0-aarch64-unknown-linux-gnu/bin/rustc --crate-name aws_config --edition=2021 /usr/local/cargo/registry/src/index.crates.io-1949cf8c6b5b557f/aws-config-1.6.2/src/lib.rs --error-format=json --json=diagnostic-rendered-ansi,artifacts,future-incompat --crate-type lib --emit=dep-info,metadata,link -C embed-bitcode=no -C debuginfo=2 --cfg 'feature="credentials-process"' --cfg 'feature="default"' --cfg 'feature="default-https-client"' --cfg 'feature="rt-tokio"' --cfg 'feature="sso"' --check-cfg 'cfg(docsrs,test)' --check-cfg 'cfg(feature, values("allow-compilation", "behavior-version-latest", "client-hyper", "credentials-process", "default", "default-https-client", "rt-tokio", "rustls", "sso", "test-util"))' -C metadata=59cfa11eef70d428 -C extra-filename=-7fe236b9c918d39c --out-dir /work/target/debug/deps -L dependency=/work/target/debug/deps --extern aws_credential_types=/work/target/debug/deps/libaws_credential_types-b0458acaef3c2fab.rmeta --extern aws_runtime=/work/target/debug/deps/libaws_runtime-317bbcd63799e9c2.rmeta --extern aws_sdk_sso=/work/target/debug/deps/libaws_sdk_sso-f65eff6a629f4dba.rmeta --extern aws_sdk_ssooidc=/work/target/debug/deps/libaws_sdk_ssooidc-5d7debf62db9d7a8.rmeta --extern aws_sdk_sts=/work/target/debug/deps/libaws_sdk_sts-fac0911a9b147178.rmeta --extern aws_smithy_async=/work/target/debug/deps/libaws_smithy_async-52830edbbc205df5.rmeta --extern aws_smithy_http=/work/target/debug/deps/libaws_smithy_http-1d25996db5b04f28.rmeta --extern aws_smithy_json=/work/target/debug/deps/libaws_smithy_json-5e50320bddcc545c.rmeta --extern aws_smithy_runtime=/work/target/debug/deps/libaws_smithy_runtime-ab62921a9c96829d.rmeta --extern aws_smithy_runtime_api=/work/target/debug/deps/libaws_smithy_runtime_api-e20a7c9bdfdec073.rmeta --extern aws_smithy_types=/work/target/debug/deps/libaws_smithy_types-388054aeef446a43.rmeta --extern aws_types=/work/target/debug/deps/libaws_types-3c419d85e92b871a.rmeta --extern bytes=/work/target/debug/deps/libbytes-b7f26ff2edee4da7.rmeta --extern fastrand=/work/target/debug/deps/libfastrand-a6a53ffe1420978b.rmeta --extern hex=/work/target/debug/deps/libhex-b91ed9c800ce79f7.rmeta --extern http=/work/target/debug/deps/libhttp-bc84ffa0ce9e08c1.rmeta --extern ring=/work/target/debug/deps/libring-d2eb826f5138eb5c.rmeta --extern time=/work/target/debug/deps/libtime-c8d230ad51f411d4.rmeta --extern tokio=/work/target/debug/deps/libtokio-d7b67b7161a91c5d.rmeta --extern tracing=/work/target/debug/deps/libtracing-ab9d44c27d15fd96.rmeta --extern url=/work/target/debug/deps/liburl-5862d104b722478d.rmeta --extern zeroize=/work/target/debug/deps/libzeroize-adb892c59a9f27ec.rmeta --cap-lints allow -L native=/work/target/debug/build/ring-8e0c6db8efc0c12d/out -L native=/work/target/debug/build/aws-lc-sys-bd24c8912a5110ee/out`
[1m[32m   Compiling[0m iceberg-rust v0.9.0 (/work/iceberg-rust)
[1m[32m     Running[0m `/usr/local/rustup/toolchains/1.86.0-aarch64-unknown-linux-gnu/bin/rustc --crate-name iceberg_rust --edition=2021 iceberg-rust/src/lib.rs --error-format=json --json=diagnostic-rendered-ansi,artifacts,future-incompat --crate-type lib --emit=dep-info,metadata,link -C embed-bitcode=no -C debuginfo=2 --check-cfg 'cfg(docsrs,test)' --check-cfg 'cfg(feature, values())' -C metadata=dd7d715b4a213bdf -C extra-filename=-783ca70480453f53 --out-dir /work/target/debug/deps -C incremental=/work/target/debug/incremental -L dependency=/work/target/debug/deps --extern apache_avro=/work/target/debug/deps/libapache_avro-29174da822c69cae.rmeta --extern arrow=/work/target/debug/deps/libarrow-76a68e605d8a3ee5.rmeta --extern async_trait=/work/target/debug/deps/libasync_trait-d0fe424747ac3921.so --extern bytes=/work/target/debug/deps/libbytes-b7f26ff2edee4da7.rmeta --extern derive_getters=/work/target/debug/deps/libderive_getters-a82c758e2cf00a01.so --extern derive_builder=/work/target/debug/deps/libderive_builder-138def0814bd49c9.rmeta --extern flate2=/work/target/debug/deps/libflate2-02f8980a443a4331.rmeta --extern futures=/work/target/debug/deps/libfutures-ac7c7da181c731af.rmeta --extern getrandom=/work/target/debug/deps/libgetrandom-51884759767b25c9.rmeta --extern iceberg_rust_spec=/work/target/debug/deps/libiceberg_rust_spec-7c1a39c1b1f8584e.rmeta --extern itertools=/work/target/debug/deps/libitertools-b9229d5e770bb0a9.rmeta --extern lazy_static=/work/target/debug/deps/liblazy_static-8fe60b5543d1fbcb.rmeta --extern lru=/work/target/debug/deps/liblru-8c8765d84db5151b.rmeta --extern murmur3=/work/target/debug/deps/libmurmur3-54a4e092d4b96bb9.rmeta --extern object_store=/work/target/debug/deps/libobject_store-247f873607a635c7.rmeta --extern parquet=/work/target/debug/deps/libparquet-b09d89fbdaf0259f.rmeta --extern pin_project_lite=/work/target/debug/deps/libpin_project_lite-489eb5afe2d3bddf.rmeta --extern regex=/work/target/debug/deps/libregex-e04a0c8a2ff6ee99.rmeta --extern serde=/work/target/debug/deps/libserde-40c2de2881464769.rmeta --extern serde_derive=/work/target/debug/deps/libserde_derive-224b5868f540403f.so --extern serde_json=/work/target/debug/deps/libserde_json-0c1b94d84eed19db.rmeta --extern smallvec=/work/target/debug/deps/libsmallvec-4aaa278677b0235a.rmeta --extern sqlparser=/work/target/debug/deps/libsqlparser-42cc5a7a4f060e00.rmeta --extern thiserror=/work/target/debug/deps/libthiserror-78cc097649a50b84.rmeta --extern thrift=/work/target/debug/deps/libthrift-6159d4a647b12694.rmeta --extern tokio=/work/target/debug/deps/libtokio-d7b67b7161a91c5d.rmeta --extern tracing=/work/target/debug/deps/libtracing-ab9d44c27d15fd96.rmeta --extern url=/work/target/debug/deps/liburl-5862d104b722478d.rmeta --extern uuid=/work/target/debug/deps/libuuid-53765d6c1496d63d.rmeta -L native=/work/target/debug/build/zstd-sys-7cb059f3c6ab1cb1/out -L native=/work/target/debug/build/aws-lc-sys-bd24c8912a5110ee/out -L native=/work/target/debug/build/ring-8e0c6db8efc0c12d/out -L native=/work/target/debug/build/psm-bf4a270ddc91093b/out`
[1m[32m     Running[0m `/usr/local/rustup/toolchains/1.86.0-aarch64-unknown-linux-gnu/bin/rustc --crate-name datafusion_common --edition=2021 /usr/local/cargo/registry/src/index.crates.io-1949cf8c6b5b557f/datafusion-common-50.0.0/src/lib.rs --error-format=json --json=diagnostic-rendered-ansi,artifacts,future-incompat --crate-type lib --emit=dep-info,metadata,link -C embed-bitcode=no -C debuginfo=2 '--warn=clippy::used_underscore_binding' --deny=unused_qualifications '--warn=clippy::unnecessary_lazy_evaluations' '--warn=clippy::uninlined_format_args' --warn=unexpected_cfgs '--warn=clippy::or_fun_call' '--warn=clippy::large_futures' --check-cfg 'cfg(datafusion_coop, values("tokio", "tokio_fallback", "per_stream"))' --check-cfg 'cfg(tarpaulin)' --check-cfg 'cfg(tarpaulin_include)' --cfg 'feature="object_store"' --cfg 'feature="parquet"' --cfg 'feature="recursive_protection"' --check-cfg 'cfg(docsrs,test)' --check-cfg 'cfg(feature, values("apache-avro", "avro", "backtrace", "force_hash_collisions", "object_store", "parquet", "parquet_encryption", "pyarrow", "pyo3", "recursive_protection"))' -C metadata=5b6ce0a897c46dea -C extra-filename=-fd93ad5dbcd5d07f --out-dir /work/target/debug/deps -L dependency=/work/target/debug/deps --extern ahash=/work/target/debug/deps/libahash-c4ca5540cbf09434.rmeta --extern arrow=/work/target/debug/deps/libarrow-76a68e605d8a3ee5.rmeta --extern arrow_ipc=/work/target/debug/deps/libarrow_ipc-6b8e223076f29e26.rmeta --extern base64=/work/target/debug/deps/libbase64-654283100a0b6a3e.rmeta --extern chrono=/work/target/debug/deps/libchrono-85cc897a59e31a52.rmeta --extern half=/work/target/debug/deps/libhalf-a520f488e3de4f67.rmeta --extern hashbrown=/work/target/debug/deps/libhashbrown-d7a94fb365109ebd.rmeta --extern indexmap=/work/target/debug/deps/libindexmap-9a85cd7b101e1bbc.rmeta --extern libc=/work/target/debug/deps/liblibc-33634091ba1aaaf5.rmeta --extern log=/work/target/debug/deps/liblog-b9fcf50dffa3f048.rmeta --extern object_store=/work/target/debug/deps/libobject_store-247f873607a635c7.rmeta --extern parquet=/work/target/debug/deps/libparquet-b09d89fbdaf0259f.rmeta --extern paste=/work/target/debug/deps/libpaste-afb10c11da142ed0.so --extern recursive=/work/target/debug/deps/librecursive-563d4bbd7a90f7fb.rmeta --extern sqlparser=/work/target/debug/deps/libsqlparser-42cc5a7a4f060e00.rmeta --extern tokio=/work/target/debug/deps/libtokio-d7b67b7161a91c5d.rmeta --cap-lints allow -L native=/work/target/debug/build/zstd-sys-7cb059f3c6ab1cb1/out -L native=/work/target/debug/build/aws-lc-sys-bd24c8912a5110ee/out -L native=/work/target/debug/build/ring-8e0c6db8efc0c12d/out -L native=/work/target/debug/build/psm-bf4a270ddc91093b/out`
[1m[32m     Running[0m `/usr/local/rustup/toolchains/1.86.0-aarch64-unknown-linux-gnu/bin/rustc --crate-name datafusion_expr_common --edition=2021 /usr/local/cargo/registry/src/index.crates.io-1949cf8c6b5b557f/datafusion-expr-common-50.0.0/src/lib.rs --error-format=json --json=diagnostic-rendered-ansi,artifacts,future-incompat --crate-type lib --emit=dep-info,metadata,link -C embed-bitcode=no -C debuginfo=2 '--warn=clippy::used_underscore_binding' --deny=unused_qualifications '--warn=clippy::unnecessary_lazy_evaluations' '--warn=clippy::uninlined_format_args' --warn=unexpected_cfgs '--warn=clippy::or_fun_call' '--warn=clippy::large_futures' --check-cfg 'cfg(datafusion_coop, values("tokio", "tokio_fallback", "per_stream"))' --check-cfg 'cfg(tarpaulin)' --check-cfg 'cfg(tarpaulin_include)' --check-cfg 'cfg(docsrs,test)' --check-cfg 'cfg(feature, values())' -C metadata=eac5bd91279e5f74 -C extra-filename=-3005e6ca7162a129 --out-dir /work/target/debug/deps -L dependency=/work/target/debug/deps --extern arrow=/work/target/debug/deps/libarrow-76a68e605d8a3ee5.rmeta --extern datafusion_common=/work/target/debug/deps/libdatafusion_common-fd93ad5dbcd5d07f.rmeta --extern indexmap=/work/target/debug/deps/libindexmap-9a85cd7b101e1bbc.rmeta --extern itertools=/work/target/debug/deps/libitertools-b9229d5e770bb0a9.rmeta --extern paste=/work/target/debug/deps/libpaste-afb10c11da142ed0.so --cap-lints allow -L native=/work/target/debug/build/zstd-sys-7cb059f3c6ab1cb1/out -L native=/work/target/debug/build/aws-lc-sys-bd24c8912a5110ee/out -L native=/work/target/debug/build/ring-8e0c6db8efc0c12d/out -L native=/work/target/debug/build/psm-bf4a270ddc91093b/out`
[1m[32m     Running[0m `/usr/local/rustup/toolchains/1.86.0-aarch64-unknown-linux-gnu/bin/rustc --crate-name datafusion_physical_expr_common --edition=2021 /usr/local/cargo/registry/src/index.crates.io-1949cf8c6b5b557f/datafusion-physical-expr-common-50.0.0/src/lib.rs --error-format=json --json=diagnostic-rendered-ansi,artifacts,future-incompat --crate-type lib --emit=dep-info,metadata,link -C embed-bitcode=no -C debuginfo=2 '--warn=clippy::used_underscore_binding' --deny=unused_qualifications '--warn=clippy::unnecessary_lazy_evaluations' '--warn=clippy::uninlined_format_args' --warn=unexpected_cfgs '--warn=clippy::or_fun_call' '--warn=clippy::large_futures' --check-cfg 'cfg(datafusion_coop, values("tokio", "tokio_fallback", "per_stream"))' --check-cfg 'cfg(tarpaulin)' --check-cfg 'cfg(tarpaulin_include)' --check-cfg 'cfg(docsrs,test)' --check-cfg 'cfg(feature, values())' -C metadata=59b0df9589bdea40 -C extra-filename=-ce8a0fea5fe2b496 --out-dir /work/target/debug/deps -L dependency=/work/target/debug/deps --extern ahash=/work/target/debug/deps/libahash-c4ca5540cbf09434.rmeta --extern arrow=/work/target/debug/deps/libarrow-76a68e605d8a3ee5.rmeta --extern datafusion_common=/work/target/debug/deps/libdatafusion_common-fd93ad5dbcd5d07f.rmeta --extern datafusion_expr_common=/work/target/debug/deps/libdatafusion_expr_common-3005e6ca7162a129.rmeta --extern hashbrown=/work/target/debug/deps/libhashbrown-d7a94fb365109ebd.rmeta --extern itertools=/work/target/debug/deps/libitertools-b9229d5e770bb0a9.rmeta --cap-lints allow -L native=/work/target/debug/build/zstd-sys-7cb059f3c6ab1cb1/out -L native=/work/target/debug/build/aws-lc-sys-bd24c8912a5110ee/out -L native=/work/target/debug/build/ring-8e0c6db8efc0c12d/out -L native=/work/target/debug/build/psm-bf4a270ddc91093b/out`
[1m[32m   Compiling[0m iceberg-sql-catalog v0.9.0 (/work/catalogs/iceberg-sql-catalog)
[1m[32m   Compiling[0m iceberg-s3tables-catalog v0.9.0 (/work/catalogs/iceberg-s3tables-catalog)
[1m[32m   Compiling[0m iceberg-file-catalog v0.9.0 (/work/catalogs/iceberg-file-catalog)
[1m[32m     Running[0m `/usr/local/rustup/toolchains/1.86.0-aarch64-unknown-linux-gnu/bin/rustc --crate-name iceberg_sql_catalog --edition=2021 catalogs/iceberg-sql-catalog/src/lib.rs --error-format=json --json=diagnostic-rendered-ansi,artifacts,future-incompat --crate-type lib --emit=dep-info,metadata,link -C embed-bitcode=no -C debuginfo=2 --cfg 'feature="default"' --cfg 'feature="runtime-tokio"' --check-cfg 'cfg(docsrs,test)' --check-cfg 'cfg(feature, values("default", "runtime-async-std", "runtime-tokio"))' -C metadata=e703ceb763726152 -C extra-filename=-194cd63c056a0090 --out-dir /work/target/debug/deps -C incremental=/work/target/debug/incremental -L dependency=/work/target/debug/deps --extern async_trait=/work/target/debug/deps/libasync_trait-d0fe424747ac3921.so --extern futures=/work/target/debug/deps/libfutures-ac7c7da181c731af.rmeta --extern iceberg_rust=/work/target/debug/deps/libiceberg_rust-783ca70480453f53.rmeta --extern object_store=/work/target/debug/deps/libobject_store-247f873607a635c7.rmeta --extern serde_json=/work/target/debug/deps/libserde_json-0c1b94d84eed19db.rmeta --extern sqlx=/work/target/debug/deps/libsqlx-88c00679d1b0f5ab.rmeta --extern thiserror=/work/target/debug/deps/libthiserror-78cc097649a50b84.rmeta --extern url=/work/target/debug/deps/liburl-5862d104b722478d.rmeta --extern uuid=/work/target/debug/deps/libuuid-53765d6c1496d63d.rmeta -L native=/work/target/debug/build/zstd-sys-7cb059f3c6ab1cb1/out -L native=/work/target/debug/build/aws-lc-sys-bd24c8912a5110ee/out -L native=/work/target/debug/build/ring-8e0c6db8efc0c12d/out -L native=/work/target/debug/build/psm-bf4a270ddc91093b/out -L native=/work/target/debug/build/libsqlite3-sys-8c6e1b900a0dc541/out`
[1m[32m   Compiling[0m iceberg-rest-catalog v0.9.0 (/work/catalogs/iceberg-rest-catalog)
[1m[32m     Running[0m `/usr/local/rustup/toolchains/1.86.0-aarch64-unknown-linux-gnu/bin/rustc --crate-name iceberg_s3tables_catalog --edition=2021 catalogs/iceberg-s3tables-catalog/src/lib.rs --error-format=json --json=diagnostic-rendered-ansi,artifacts,future-incompat --crate-type lib --emit=dep-info,metadata,link -C embed-bitcode=no -C debuginfo=2 --check-cfg 'cfg(docsrs,test)' --check-cfg 'cfg(feature, values())' -C metadata=9a6499ab6f977983 -C extra-filename=-c70494456bcf48ec --out-dir /work/target/debug/deps -C incremental=/work/target/debug/incremental -L dependency=/work/target/debug/deps --extern async_trait=/work/target/debug/deps/libasync_trait-d0fe424747ac3921.so --extern aws_config=/work/target/debug/deps/libaws_config-7fe236b9c918d39c.rmeta --extern aws_sdk_s3tables=/work/target/debug/deps/libaws_sdk_s3tables-8988fec08e5249cb.rmeta --extern futures=/work/target/debug/deps/libfutures-ac7c7da181c731af.rmeta --extern iceberg_rust=/work/target/debug/deps/libiceberg_rust-783ca70480453f53.rmeta --extern object_store=/work/target/debug/deps/libobject_store-247f873607a635c7.rmeta --extern serde_json=/work/target/debug/deps/libserde_json-0c1b94d84eed19db.rmeta --extern thiserror=/work/target/debug/deps/libthiserror-78cc097649a50b84.rmeta --extern url=/work/target/debug/deps/liburl-5862d104b722478d.rmeta --extern uuid=/work/target/debug/deps/libuuid-53765d6c1496d63d.rmeta -L native=/work/target/debug/build/ring-8e0c6db8efc0c12d/out -L native=/work/target/debug/build/aws-lc-sys-bd24c8912a5110ee/out -L native=/work/target/debug/build/zstd-sys-7cb059f3c6ab1cb1/out -L native=/work/target/debug/build/psm-bf4a270ddc91093b/out`
[1m[32m     Running[0m `/usr/local/rustup/toolchains/1.86.0-aarch64-unknown-linux-gnu/bin/rustc --crate-name iceberg_file_catalog --edition=2021 catalogs/iceberg-file-catalog/src/lib.rs --error-format=json --json=diagnostic-rendered-ansi,artifacts,future-incompat --crate-type lib --emit=dep-info,metadata,link -C embed-bitcode=no -C debuginfo=2 --check-cfg 'cfg(docsrs,test)' --check-cfg 'cfg(feature, values())' -C metadata=ea4d8530f4adfdf1 -C extra-filename=-139bf31b9dabd8cc --out-dir /work/target/debug/deps -C incremental=/work/target/debug/incremental -L dependency=/work/target/debug/deps --extern async_trait=/work/target/debug/deps/libasync_trait-d0fe424747ac3921.so --extern futures=/work/target/debug/deps/libfutures-ac7c7da181c731af.rmeta --extern iceberg_rust=/work/target/debug/deps/libiceberg_rust-783ca70480453f53.rmeta --extern object_store=/work/target/debug/deps/libobject_store-247f873607a635c7.rmeta --extern serde_json=/work/target/debug/deps/libserde_json-0c1b94d84eed19db.rmeta --extern thiserror=/work/target/debug/deps/libthiserror-78cc097649a50b84.rmeta --extern url=/work/target/debug/deps/liburl-5862d104b722478d.rmeta --extern uuid=/work/target/debug/deps/libuuid-53765d6c1496d63d.rmeta -L native=/work/target/debug/build/zstd-sys-7cb059f3c6ab1cb1/out -L native=/work/target/debug/build/aws-lc-sys-bd24c8912a5110ee/out -L native=/work/target/debug/build/ring-8e0c6db8efc0c12d/out -L native=/work/target/debug/build/psm-bf4a270ddc91093b/out`
[1m[32m     Running[0m `/usr/local/rustup/toolchains/1.86.0-aarch64-unknown-linux-gnu/bin/rustc --crate-name iceberg_rest_catalog --edition=2021 catalogs/iceberg-rest-catalog/src/lib.rs --error-format=json --json=diagnostic-rendered-ansi,artifacts,future-incompat --crate-type lib --emit=dep-info,metadata,link -C embed-bitcode=no -C debuginfo=2 --check-cfg 'cfg(docsrs,test)' --check-cfg 'cfg(feature, values())' -C metadata=3f2fc3cc098a9756 -C extra-filename=-dc0eb88c437df68e --out-dir /work/target/debug/deps -C incremental=/work/target/debug/incremental -L dependency=/work/target/debug/deps --extern async_trait=/work/target/debug/deps/libasync_trait-d0fe424747ac3921.so --extern aws_sigv4=/work/target/debug/deps/libaws_sigv4-b00cf6cfcd82a55b.rmeta --extern derive_builder=/work/target/debug/deps/libderive_builder-138def0814bd49c9.rmeta --extern futures=/work/target/debug/deps/libfutures-ac7c7da181c731af.rmeta --extern http=/work/target/debug/deps/libhttp-f6820c2e49977d38.rmeta --extern iceberg_rust=/work/target/debug/deps/libiceberg_rust-783ca70480453f53.rmeta --extern object_store=/work/target/debug/deps/libobject_store-247f873607a635c7.rmeta --extern reqwest=/work/target/debug/deps/libreqwest-5d35b3b8ce8e184b.rmeta --extern secrecy=/work/target/debug/deps/libsecrecy-003e3e7593b79498.rmeta --extern serde=/work/target/debug/deps/libserde-40c2de2881464769.rmeta --extern serde_derive=/work/target/debug/deps/libserde_derive-224b5868f540403f.so --extern serde_json=/work/target/debug/deps/libserde_json-0c1b94d84eed19db.rmeta --extern serde_repr=/work/target/debug/deps/libserde_repr-26c07255389211f8.so --extern serde_with=/work/target/debug/deps/libserde_with-020dc617684ce10a.rmeta --extern tracing=/work/target/debug/deps/libtracing-ab9d44c27d15fd96.rmeta --extern tracing_futures=/work/target/debug/deps/libtracing_futures-e68576dab947c92e.rmeta --extern url=/work/target/debug/deps/liburl-5862d104b722478d.rmeta --extern uuid=/work/target/debug/deps/libuuid-53765d6c1496d63d.rmeta -L native=/work/target/debug/build/ring-4931c9dacdf4ca49/out -L native=/work/target/debug/build/zstd-sys-7cb059f3c6ab1cb1/out -L native=/work/target/debug/build/aws-lc-sys-bd24c8912a5110ee/out -L native=/work/target/debug/build/ring-8e0c6db8efc0c12d/out -L native=/work/target/debug/build/psm-bf4a270ddc91093b/out`
[1m[32m     Running[0m `/usr/local/rustup/toolchains/1.86.0-aarch64-unknown-linux-gnu/bin/rustc --crate-name datafusion_functions_window_common --edition=2021 /usr/local/cargo/registry/src/index.crates.io-1949cf8c6b5b557f/datafusion-functions-window-common-50.0.0/src/lib.rs --error-format=json --json=diagnostic-rendered-ansi,artifacts,future-incompat --crate-type lib --emit=dep-info,metadata,link -C embed-bitcode=no -C debuginfo=2 '--warn=clippy::used_underscore_binding' --deny=unused_qualifications '--warn=clippy::unnecessary_lazy_evaluations' '--warn=clippy::uninlined_format_args' --warn=unexpected_cfgs '--warn=clippy::or_fun_call' '--warn=clippy::large_futures' --check-cfg 'cfg(datafusion_coop, values("tokio", "tokio_fallback", "per_stream"))' --check-cfg 'cfg(tarpaulin)' --check-cfg 'cfg(tarpaulin_include)' --check-cfg 'cfg(docsrs,test)' --check-cfg 'cfg(feature, values())' -C metadata=ea9f58f3e6b17706 -C extra-filename=-202db64f03f9e478 --out-dir /work/target/debug/deps -L dependency=/work/target/debug/deps --extern datafusion_common=/work/target/debug/deps/libdatafusion_common-fd93ad5dbcd5d07f.rmeta --extern datafusion_physical_expr_common=/work/target/debug/deps/libdatafusion_physical_expr_common-ce8a0fea5fe2b496.rmeta --cap-lints allow -L native=/work/target/debug/build/zstd-sys-7cb059f3c6ab1cb1/out -L native=/work/target/debug/build/aws-lc-sys-bd24c8912a5110ee/out -L native=/work/target/debug/build/ring-8e0c6db8efc0c12d/out -L native=/work/target/debug/build/psm-bf4a270ddc91093b/out`
[1m[32m     Running[0m `/usr/local/rustup/toolchains/1.86.0-aarch64-unknown-linux-gnu/bin/rustc --crate-name datafusion_functions_aggregate_common --edition=2021 /usr/local/cargo/registry/src/index.crates.io-1949cf8c6b5b557f/datafusion-functions-aggregate-common-50.0.0/src/lib.rs --error-format=json --json=diagnostic-rendered-ansi,artifacts,future-incompat --crate-type lib --emit=dep-info,metadata,link -C embed-bitcode=no -C debuginfo=2 '--warn=clippy::used_underscore_binding' --deny=unused_qualifications '--warn=clippy::unnecessary_lazy_evaluations' '--warn=clippy::uninlined_format_args' --warn=unexpected_cfgs '--warn=clippy::or_fun_call' '--warn=clippy::large_futures' --check-cfg 'cfg(datafusion_coop, values("tokio", "tokio_fallback", "per_stream"))' --check-cfg 'cfg(tarpaulin)' --check-cfg 'cfg(tarpaulin_include)' --check-cfg 'cfg(docsrs,test)' --check-cfg 'cfg(feature, values())' -C metadata=cd7f2698dd8d75b6 -C extra-filename=-04caf41018e1e459 --out-dir /work/target/debug/deps -L dependency=/work/target/debug/deps --extern ahash=/work/target/debug/deps/libahash-c4ca5540cbf09434.rmeta --extern arrow=/work/target/debug/deps/libarrow-76a68e605d8a3ee5.rmeta --extern datafusion_common=/work/target/debug/deps/libdatafusion_common-fd93ad5dbcd5d07f.rmeta --extern datafusion_expr_common=/work/target/debug/deps/libdatafusion_expr_common-3005e6ca7162a129.rmeta --extern datafusion_physical_expr_common=/work/target/debug/deps/libdatafusion_physical_expr_common-ce8a0fea5fe2b496.rmeta --cap-lints allow -L native=/work/target/debug/build/zstd-sys-7cb059f3c6ab1cb1/out -L native=/work/target/debug/build/aws-lc-sys-bd24c8912a5110ee/out -L native=/work/target/debug/build/ring-8e0c6db8efc0c12d/out -L native=/work/target/debug/build/psm-bf4a270ddc91093b/out`
[1m[32m     Running[0m `/usr/local/rustup/toolchains/1.86.0-aarch64-unknown-linux-gnu/bin/rustc --crate-name datafusion_expr --edition=2021 /usr/local/cargo/registry/src/index.crates.io-1949cf8c6b5b557f/datafusion-expr-50.0.0/src/lib.rs --error-format=json --json=diagnostic-rendered-ansi,artifacts,future-incompat --crate-type lib --emit=dep-info,metadata,link -C embed-bitcode=no -C debuginfo=2 '--warn=clippy::used_underscore_binding' --deny=unused_qualifications '--warn=clippy::unnecessary_lazy_evaluations' '--warn=clippy::uninlined_format_args' --warn=unexpected_cfgs '--warn=clippy::or_fun_call' '--warn=clippy::large_futures' --check-cfg 'cfg(datafusion_coop, values("tokio", "tokio_fallback", "per_stream"))' --check-cfg 'cfg(tarpaulin)' --check-cfg 'cfg(tarpaulin_include)' --cfg 'feature="recursive_protection"' --check-cfg 'cfg(docsrs,test)' --check-cfg 'cfg(feature, values("recursive_protection"))' -C metadata=8b6315831190fd17 -C extra-filename=-7b93e8b8a1939c0a --out-dir /work/target/debug/deps -L dependency=/work/target/debug/deps --extern arrow=/work/target/debug/deps/libarrow-76a68e605d8a3ee5.rmeta --extern async_trait=/work/target/debug/deps/libasync_trait-d0fe424747ac3921.so --extern chrono=/work/target/debug/deps/libchrono-85cc897a59e31a52.rmeta --extern datafusion_common=/work/target/debug/deps/libdatafusion_common-fd93ad5dbcd5d07f.rmeta --extern datafusion_doc=/work/target/debug/deps/libdatafusion_doc-49b4af3b1e0a30b7.rmeta --extern datafusion_expr_common=/work/target/debug/deps/libdatafusion_expr_common-3005e6ca7162a129.rmeta --extern datafusion_functions_aggregate_common=/work/target/debug/deps/libdatafusion_functions_aggregate_common-04caf41018e1e459.rmeta --extern datafusion_functions_window_common=/work/target/debug/deps/libdatafusion_functions_window_common-202db64f03f9e478.rmeta --extern datafusion_physical_expr_common=/work/target/debug/deps/libdatafusion_physical_expr_common-ce8a0fea5fe2b496.rmeta --extern indexmap=/work/target/debug/deps/libindexmap-9a85cd7b101e1bbc.rmeta --extern paste=/work/target/debug/deps/libpaste-afb10c11da142ed0.so --extern recursive=/work/target/debug/deps/librecursive-563d4bbd7a90f7fb.rmeta --extern serde_json=/work/target/debug/deps/libserde_json-0c1b94d84eed19db.rmeta --extern sqlparser=/work/target/debug/deps/libsqlparser-42cc5a7a4f060e00.rmeta --cap-lints allow -L native=/work/target/debug/build/zstd-sys-7cb059f3c6ab1cb1/out -L native=/work/target/debug/build/aws-lc-sys-bd24c8912a5110ee/out -L native=/work/target/debug/build/ring-8e0c6db8efc0c12d/out -L native=/work/target/debug/build/psm-bf4a270ddc91093b/out`
[1m[32m   Compiling[0m datafusion-physical-expr v50.0.0
[1m[32m   Compiling[0m datafusion-execution v50.0.0
[1m[32m   Compiling[0m datafusion-sql v50.0.0
[1m[32m     Running[0m `/usr/local/rustup/toolchains/1.86.0-aarch64-unknown-linux-gnu/bin/rustc --crate-name datafusion_physical_expr --edition=2021 /usr/local/cargo/registry/src/index.crates.io-1949cf8c6b5b557f/datafusion-physical-expr-50.0.0/src/lib.rs --error-format=json --json=diagnostic-rendered-ansi,artifacts,future-incompat --crate-type lib --emit=dep-info,metadata,link -C embed-bitcode=no -C debuginfo=2 '--warn=clippy::used_underscore_binding' --deny=unused_qualifications '--warn=clippy::unnecessary_lazy_evaluations' '--warn=clippy::uninlined_format_args' --warn=unexpected_cfgs '--warn=clippy::or_fun_call' '--warn=clippy::large_futures' --check-cfg 'cfg(datafusion_coop, values("tokio", "tokio_fallback", "per_stream"))' --check-cfg 'cfg(tarpaulin)' --check-cfg 'cfg(tarpaulin_include)' --check-cfg 'cfg(docsrs,test)' --check-cfg 'cfg(feature, values())' -C metadata=75f8fa604048ef0d -C extra-filename=-b01bdf506481c117 --out-dir /work/target/debug/deps -L dependency=/work/target/debug/deps --extern ahash=/work/target/debug/deps/libahash-c4ca5540cbf09434.rmeta --extern arrow=/work/target/debug/deps/libarrow-76a68e605d8a3ee5.rmeta --extern datafusion_common=/work/target/debug/deps/libdatafusion_common-fd93ad5dbcd5d07f.rmeta --extern datafusion_expr=/work/target/debug/deps/libdatafusion_expr-7b93e8b8a1939c0a.rmeta --extern datafusion_expr_common=/work/target/debug/deps/libdatafusion_expr_common-3005e6ca7162a129.rmeta --extern datafusion_functions_aggregate_common=/work/target/debug/deps/libdatafusion_functions_aggregate_common-04caf41018e1e459.rmeta --extern datafusion_physical_expr_common=/work/target/debug/deps/libdatafusion_physical_expr_common-ce8a0fea5fe2b496.rmeta --extern half=/work/target/debug/deps/libhalf-a520f488e3de4f67.rmeta --extern hashbrown=/work/target/debug/deps/libhashbrown-d7a94fb365109ebd.rmeta --extern indexmap=/work/target/debug/deps/libindexmap-9a85cd7b101e1bbc.rmeta --extern itertools=/work/target/debug/deps/libitertools-b9229d5e770bb0a9.rmeta --extern log=/work/target/debug/deps/liblog-b9fcf50dffa3f048.rmeta --extern parking_lot=/work/target/debug/deps/libparking_lot-d94659161a08da67.rmeta --extern paste=/work/target/debug/deps/libpaste-afb10c11da142ed0.so --extern petgraph=/work/target/debug/deps/libpetgraph-8d19f6bd24a1d89e.rmeta --cap-lints allow -L native=/work/target/debug/build/zstd-sys-7cb059f3c6ab1cb1/out -L native=/work/target/debug/build/aws-lc-sys-bd24c8912a5110ee/out -L native=/work/target/debug/build/ring-8e0c6db8efc0c12d/out -L native=/work/target/debug/build/psm-bf4a270ddc91093b/out`
[1m[32m     Running[0m `/usr/local/rustup/toolchains/1.86.0-aarch64-unknown-linux-gnu/bin/rustc --crate-name datafusion_execution --edition=2021 /usr/local/cargo/registry/src/index.crates.io-1949cf8c6b5b557f/datafusion-execution-50.0.0/src/lib.rs --error-format=json --json=diagnostic-rendered-ansi,artifacts,future-incompat --crate-type lib --emit=dep-info,metadata,link -C embed-bitcode=no -C debuginfo=2 '--warn=clippy::used_underscore_binding' --deny=unused_qualifications '--warn=clippy::unnecessary_lazy_evaluations' '--warn=clippy::uninlined_format_args' --warn=unexpected_cfgs '--warn=clippy::or_fun_call' '--warn=clippy::large_futures' --check-cfg 'cfg(datafusion_coop, values("tokio", "tokio_fallback", "per_stream"))' --check-cfg 'cfg(tarpaulin)' --check-cfg 'cfg(tarpaulin_include)' --check-cfg 'cfg(docsrs,test)' --check-cfg 'cfg(feature, values("parquet", "parquet_encryption"))' -C metadata=277108733181b710 -C extra-filename=-a2c0ec28501dca2b --out-dir /work/target/debug/deps -L dependency=/work/target/debug/deps --extern arrow=/work/target/debug/deps/libarrow-76a68e605d8a3ee5.rmeta --extern async_trait=/work/target/debug/deps/libasync_trait-d0fe424747ac3921.so --extern dashmap=/work/target/debug/deps/libdashmap-293903722bee987d.rmeta --extern datafusion_common=/work/target/debug/deps/libdatafusion_common-fd93ad5dbcd5d07f.rmeta --extern datafusion_expr=/work/target/debug/deps/libdatafusion_expr-7b93e8b8a1939c0a.rmeta --extern futures=/work/target/debug/deps/libfutures-ac7c7da181c731af.rmeta --extern log=/work/target/debug/deps/liblog-b9fcf50dffa3f048.rmeta --extern object_store=/work/target/debug/deps/libobject_store-247f873607a635c7.rmeta --extern parking_lot=/work/target/debug/deps/libparking_lot-d94659161a08da67.rmeta --extern rand=/work/target/debug/deps/librand-a678609889908172.rmeta --extern tempfile=/work/target/debug/deps/libtempfile-6f240e9d63e8fb5f.rmeta --extern url=/work/target/debug/deps/liburl-5862d104b722478d.rmeta --cap-lints allow -L native=/work/target/debug/build/zstd-sys-7cb059f3c6ab1cb1/out -L native=/work/target/debug/build/aws-lc-sys-bd24c8912a5110ee/out -L native=/work/target/debug/build/ring-8e0c6db8efc0c12d/out -L native=/work/target/debug/build/psm-bf4a270ddc91093b/out`
[1m[32m     Running[0m `/usr/local/rustup/toolchains/1.86.0-aarch64-unknown-linux-gnu/bin/rustc --crate-name datafusion_sql --edition=2021 /usr/local/cargo/registry/src/index.crates.io-1949cf8c6b5b557f/datafusion-sql-50.0.0/src/lib.rs --error-format=json --json=diagnostic-rendered-ansi,artifacts,future-incompat --crate-type lib --emit=dep-info,metadata,link -C embed-bitcode=no -C debuginfo=2 '--warn=clippy::used_underscore_binding' --deny=unused_qualifications '--warn=clippy::unnecessary_lazy_evaluations' '--warn=clippy::uninlined_format_args' --warn=unexpected_cfgs '--warn=clippy::or_fun_call' '--warn=clippy::large_futures' --check-cfg 'cfg(datafusion_coop, values("tokio", "tokio_fallback", "per_stream"))' --check-cfg 'cfg(tarpaulin)' --check-cfg 'cfg(tarpaulin_include)' --cfg 'feature="default"' --cfg 'feature="recursive_protection"' --cfg 'feature="unicode_expressions"' --cfg 'feature="unparser"' --check-cfg 'cfg(docsrs,test)' --check-cfg 'cfg(feature, values("default", "recursive_protection", "unicode_expressions", "unparser"))' -C metadata=5dab07509bea78d8 -C extra-filename=-035481c8eeaf8f52 --out-dir /work/target/debug/deps -L dependency=/work/target/debug/deps --extern arrow=/work/target/debug/deps/libarrow-76a68e605d8a3ee5.rmeta --extern bigdecimal=/work/target/debug/deps/libbigdecimal-8d191343a846f9b6.rmeta --extern datafusion_common=/work/target/debug/deps/libdatafusion_common-fd93ad5dbcd5d07f.rmeta --extern datafusion_expr=/work/target/debug/deps/libdatafusion_expr-7b93e8b8a1939c0a.rmeta --extern indexmap=/work/target/debug/deps/libindexmap-9a85cd7b101e1bbc.rmeta --extern log=/work/target/debug/deps/liblog-b9fcf50dffa3f048.rmeta --extern recursive=/work/target/debug/deps/librecursive-563d4bbd7a90f7fb.rmeta --extern regex=/work/target/debug/deps/libregex-e04a0c8a2ff6ee99.rmeta --extern sqlparser=/work/target/debug/deps/libsqlparser-42cc5a7a4f060e00.rmeta --cap-lints allow -L native=/work/target/debug/build/zstd-sys-7cb059f3c6ab1cb1/out -L native=/work/target/debug/build/aws-lc-sys-bd24c8912a5110ee/out -L native=/work/target/debug/build/ring-8e0c6db8efc0c12d/out -L native=/work/target/debug/build/psm-bf4a270ddc91093b/out`
[1m[32m   Compiling[0m datafusion-functions v50.0.0
[1m[32m     Running[0m `/usr/local/rustup/toolchains/1.86.0-aarch64-unknown-linux-gnu/bin/rustc --crate-name datafusion_functions --edition=2021 /usr/local/cargo/registry/src/index.crates.io-1949cf8c6b5b557f/datafusion-functions-50.0.0/src/lib.rs --error-format=json --json=diagnostic-rendered-ansi,artifacts,future-incompat --crate-type lib --emit=dep-info,metadata,link -C embed-bitcode=no -C debuginfo=2 '--warn=clippy::used_underscore_binding' --deny=unused_qualifications '--warn=clippy::unnecessary_lazy_evaluations' '--warn=clippy::uninlined_format_args' --warn=unexpected_cfgs '--warn=clippy::or_fun_call' '--warn=clippy::large_futures' --check-cfg 'cfg(datafusion_coop, values("tokio", "tokio_fallback", "per_stream"))' --check-cfg 'cfg(tarpaulin)' --check-cfg 'cfg(tarpaulin_include)' --cfg 'feature="base64"' --cfg 'feature="blake2"' --cfg 'feature="blake3"' --cfg 'feature="crypto_expressions"' --cfg 'feature="datetime_expressions"' --cfg 'feature="default"' --cfg 'feature="encoding_expressions"' --cfg 'feature="hex"' --cfg 'feature="math_expressions"' --cfg 'feature="md-5"' --cfg 'feature="regex"' --cfg 'feature="regex_expressions"' --cfg 'feature="sha2"' --cfg 'feature="string_expressions"' --cfg 'feature="unicode-segmentation"' --cfg 'feature="unicode_expressions"' --cfg 'feature="uuid"' --check-cfg 'cfg(docsrs,test)' --check-cfg 'cfg(feature, values("base64", "blake2", "blake3", "crypto_expressions", "datetime_expressions", "default", "encoding_expressions", "hex", "math_expressions", "md-5", "regex", "regex_expressions", "sha2", "string_expressions", "unicode-segmentation", "unicode_expressions", "uuid"))' -C metadata=1b671fd347ac1cad -C extra-filename=-31347034ec0c7d6f --out-dir /work/target/debug/deps -L dependency=/work/target/debug/deps --extern arrow=/work/target/debug/deps/libarrow-76a68e605d8a3ee5.rmeta --extern arrow_buffer=/work/target/debug/deps/libarrow_buffer-760f855f69522381.rmeta --extern base64=/work/target/debug/deps/libbase64-654283100a0b6a3e.rmeta --extern blake2=/work/target/debug/deps/libblake2-d34fb60abffac048.rmeta --extern blake3=/work/target/debug/deps/libblake3-4b67e64e5e47eae7.rmeta --extern chrono=/work/target/debug/deps/libchrono-85cc897a59e31a52.rmeta --extern datafusion_common=/work/target/debug/deps/libdatafusion_common-fd93ad5dbcd5d07f.rmeta --extern datafusion_doc=/work/target/debug/deps/libdatafusion_doc-49b4af3b1e0a30b7.rmeta --extern datafusion_execution=/work/target/debug/deps/libdatafusion_execution-a2c0ec28501dca2b.rmeta --extern datafusion_expr=/work/target/debug/deps/libdatafusion_expr-7b93e8b8a1939c0a.rmeta --extern datafusion_expr_common=/work/target/debug/deps/libdatafusion_expr_common-3005e6ca7162a129.rmeta --extern datafusion_macros=/work/target/debug/deps/libdatafusion_macros-f4e8e837035837a6.so --extern hex=/work/target/debug/deps/libhex-b91ed9c800ce79f7.rmeta --extern itertools=/work/target/debug/deps/libitertools-b9229d5e770bb0a9.rmeta --extern log=/work/target/debug/deps/liblog-b9fcf50dffa3f048.rmeta --extern md5=/work/target/debug/deps/libmd5-0acf50ca0f8c3a3d.rmeta --extern rand=/work/target/debug/deps/librand-a678609889908172.rmeta --extern regex=/work/target/debug/deps/libregex-e04a0c8a2ff6ee99.rmeta --extern sha2=/work/target/debug/deps/libsha2-07be730302790482.rmeta --extern unicode_segmentation=/work/target/debug/deps/libunicode_segmentation-327c34f04d57bab3.rmeta --extern uuid=/work/target/debug/deps/libuuid-53765d6c1496d63d.rmeta --cap-lints allow -L native=/work/target/debug/build/zstd-sys-7cb059f3c6ab1cb1/out -L native=/work/target/debug/build/blake3-1fad8c728f960609/out -L native=/work/target/debug/build/aws-lc-sys-bd24c8912a5110ee/out -L native=/work/target/debug/build/ring-8e0c6db8efc0c12d/out -L native=/work/target/debug/build/psm-bf4a270ddc91093b/out`
[1m[32m   Compiling[0m datafusion-physical-plan v50.0.0
[1m[32m   Compiling[0m datafusion-functions-aggregate v50.0.0
[1m[32m   Compiling[0m datafusion-functions-window v50.0.0
[1m[32m   Compiling[0m datafusion-optimizer v50.0.0
[1m[32m     Running[0m `/usr/local/rustup/toolchains/1.86.0-aarch64-unknown-linux-gnu/bin/rustc --crate-name datafusion_physical_plan --edition=2021 /usr/local/cargo/registry/src/index.crates.io-1949cf8c6b5b557f/datafusion-physical-plan-50.0.0/src/lib.rs --error-format=json --json=diagnostic-rendered-ansi,artifacts,future-incompat --crate-type lib --emit=dep-info,metadata,link -C embed-bitcode=no -C debuginfo=2 '--warn=clippy::used_underscore_binding' --deny=unused_qualifications '--warn=clippy::unnecessary_lazy_evaluations' '--warn=clippy::uninlined_format_args' --warn=unexpected_cfgs '--warn=clippy::or_fun_call' '--warn=clippy::large_futures' --check-cfg 'cfg(datafusion_coop, values("tokio", "tokio_fallback", "per_stream"))' --check-cfg 'cfg(tarpaulin)' --check-cfg 'cfg(tarpaulin_include)' --check-cfg 'cfg(docsrs,test)' --check-cfg 'cfg(feature, values("force_hash_collisions", "tokio_coop", "tokio_coop_fallback"))' -C metadata=5bc2700c4519461a -C extra-filename=-56479597ac7c195f --out-dir /work/target/debug/deps -L dependency=/work/target/debug/deps --extern ahash=/work/target/debug/deps/libahash-c4ca5540cbf09434.rmeta --extern arrow=/work/target/debug/deps/libarrow-76a68e605d8a3ee5.rmeta --extern arrow_ord=/work/target/debug/deps/libarrow_ord-b0cef459099942b3.rmeta --extern arrow_schema=/work/target/debug/deps/libarrow_schema-93c6cdcbca3cb8f8.rmeta --extern async_trait=/work/target/debug/deps/libasync_trait-d0fe424747ac3921.so --extern chrono=/work/target/debug/deps/libchrono-85cc897a59e31a52.rmeta --extern datafusion_common=/work/target/debug/deps/libdatafusion_common-fd93ad5dbcd5d07f.rmeta --extern datafusion_common_runtime=/work/target/debug/deps/libdatafusion_common_runtime-cdd60e6a68d95f41.rmeta --extern datafusion_execution=/work/target/debug/deps/libdatafusion_execution-a2c0ec28501dca2b.rmeta --extern datafusion_expr=/work/target/debug/deps/libdatafusion_expr-7b93e8b8a1939c0a.rmeta --extern datafusion_functions_aggregate_common=/work/target/debug/deps/libdatafusion_functions_aggregate_common-04caf41018e1e459.rmeta --extern datafusion_functions_window_common=/work/target/debug/deps/libdatafusion_functions_window_common-202db64f03f9e478.rmeta --extern datafusion_physical_expr=/work/target/debug/deps/libdatafusion_physical_expr-b01bdf506481c117.rmeta --extern datafusion_physical_expr_common=/work/target/debug/deps/libdatafusion_physical_expr_common-ce8a0fea5fe2b496.rmeta --extern futures=/work/target/debug/deps/libfutures-ac7c7da181c731af.rmeta --extern half=/work/target/debug/deps/libhalf-a520f488e3de4f67.rmeta --extern hashbrown=/work/target/debug/deps/libhashbrown-d7a94fb365109ebd.rmeta --extern indexmap=/work/target/debug/deps/libindexmap-9a85cd7b101e1bbc.rmeta --extern itertools=/work/target/debug/deps/libitertools-b9229d5e770bb0a9.rmeta --extern log=/work/target/debug/deps/liblog-b9fcf50dffa3f048.rmeta --extern parking_lot=/work/target/debug/deps/libparking_lot-d94659161a08da67.rmeta --extern pin_project_lite=/work/target/debug/deps/libpin_project_lite-489eb5afe2d3bddf.rmeta --extern tokio=/work/target/debug/deps/libtokio-d7b67b7161a91c5d.rmeta --cap-lints allow -L native=/work/target/debug/build/zstd-sys-7cb059f3c6ab1cb1/out -L native=/work/target/debug/build/aws-lc-sys-bd24c8912a5110ee/out -L native=/work/target/debug/build/ring-8e0c6db8efc0c12d/out -L native=/work/target/debug/build/psm-bf4a270ddc91093b/out`
[1m[32m     Running[0m `/usr/local/rustup/toolchains/1.86.0-aarch64-unknown-linux-gnu/bin/rustc --crate-name datafusion_functions_aggregate --edition=2021 /usr/local/cargo/registry/src/index.crates.io-1949cf8c6b5b557f/datafusion-functions-aggregate-50.0.0/src/lib.rs --error-format=json --json=diagnostic-rendered-ansi,artifacts,future-incompat --crate-type lib --emit=dep-info,metadata,link -C embed-bitcode=no -C debuginfo=2 '--warn=clippy::used_underscore_binding' --deny=unused_qualifications '--warn=clippy::unnecessary_lazy_evaluations' '--warn=clippy::uninlined_format_args' --warn=unexpected_cfgs '--warn=clippy::or_fun_call' '--warn=clippy::large_futures' --check-cfg 'cfg(datafusion_coop, values("tokio", "tokio_fallback", "per_stream"))' --check-cfg 'cfg(tarpaulin)' --check-cfg 'cfg(tarpaulin_include)' --check-cfg 'cfg(docsrs,test)' --check-cfg 'cfg(feature, values())' -C metadata=b074b832cae87192 -C extra-filename=-4872fc51e0ca93e4 --out-dir /work/target/debug/deps -L dependency=/work/target/debug/deps --extern ahash=/work/target/debug/deps/libahash-c4ca5540cbf09434.rmeta --extern arrow=/work/target/debug/deps/libarrow-76a68e605d8a3ee5.rmeta --extern datafusion_common=/work/target/debug/deps/libdatafusion_common-fd93ad5dbcd5d07f.rmeta --extern datafusion_doc=/work/target/debug/deps/libdatafusion_doc-49b4af3b1e0a30b7.rmeta --extern datafusion_execution=/work/target/debug/deps/libdatafusion_execution-a2c0ec28501dca2b.rmeta --extern datafusion_expr=/work/target/debug/deps/libdatafusion_expr-7b93e8b8a1939c0a.rmeta --extern datafusion_functions_aggregate_common=/work/target/debug/deps/libdatafusion_functions_aggregate_common-04caf41018e1e459.rmeta --extern datafusion_macros=/work/target/debug/deps/libdatafusion_macros-f4e8e837035837a6.so --extern datafusion_physical_expr=/work/target/debug/deps/libdatafusion_physical_expr-b01bdf506481c117.rmeta --extern datafusion_physical_expr_common=/work/target/debug/deps/libdatafusion_physical_expr_common-ce8a0fea5fe2b496.rmeta --extern half=/work/target/debug/deps/libhalf-a520f488e3de4f67.rmeta --extern log=/work/target/debug/deps/liblog-b9fcf50dffa3f048.rmeta --extern paste=/work/target/debug/deps/libpaste-afb10c11da142ed0.so --cap-lints allow -L native=/work/target/debug/build/zstd-sys-7cb059f3c6ab1cb1/out -L native=/work/target/debug/build/aws-lc-sys-bd24c8912a5110ee/out -L native=/work/target/debug/build/ring-8e0c6db8efc0c12d/out -L native=/work/target/debug/build/psm-bf4a270ddc91093b/out`
[1m[32m     Running[0m `/usr/local/rustup/toolchains/1.86.0-aarch64-unknown-linux-gnu/bin/rustc --crate-name datafusion_functions_window --edition=2021 /usr/local/cargo/registry/src/index.crates.io-1949cf8c6b5b557f/datafusion-functions-window-50.0.0/src/lib.rs --error-format=json --json=diagnostic-rendered-ansi,artifacts,future-incompat --crate-type lib --emit=dep-info,metadata,link -C embed-bitcode=no -C debuginfo=2 '--warn=clippy::used_underscore_binding' --deny=unused_qualifications '--warn=clippy::unnecessary_lazy_evaluations' '--warn=clippy::uninlined_format_args' --warn=unexpected_cfgs '--warn=clippy::or_fun_call' '--warn=clippy::large_futures' --check-cfg 'cfg(datafusion_coop, values("tokio", "tokio_fallback", "per_stream"))' --check-cfg 'cfg(tarpaulin)' --check-cfg 'cfg(tarpaulin_include)' --check-cfg 'cfg(docsrs,test)' --check-cfg 'cfg(feature, values())' -C metadata=0ad315b900a86338 -C extra-filename=-d053b8df2ab6a085 --out-dir /work/target/debug/deps -L dependency=/work/target/debug/deps --extern arrow=/work/target/debug/deps/libarrow-76a68e605d8a3ee5.rmeta --extern datafusion_common=/work/target/debug/deps/libdatafusion_common-fd93ad5dbcd5d07f.rmeta --extern datafusion_doc=/work/target/debug/deps/libdatafusion_doc-49b4af3b1e0a30b7.rmeta --extern datafusion_expr=/work/target/debug/deps/libdatafusion_expr-7b93e8b8a1939c0a.rmeta --extern datafusion_functions_window_common=/work/target/debug/deps/libdatafusion_functions_window_common-202db64f03f9e478.rmeta --extern datafusion_macros=/work/target/debug/deps/libdatafusion_macros-f4e8e837035837a6.so --extern datafusion_physical_expr=/work/target/debug/deps/libdatafusion_physical_expr-b01bdf506481c117.rmeta --extern datafusion_physical_expr_common=/work/target/debug/deps/libdatafusion_physical_expr_common-ce8a0fea5fe2b496.rmeta --extern log=/work/target/debug/deps/liblog-b9fcf50dffa3f048.rmeta --extern paste=/work/target/debug/deps/libpaste-afb10c11da142ed0.so --cap-lints allow -L native=/work/target/debug/build/zstd-sys-7cb059f3c6ab1cb1/out -L native=/work/target/debug/build/aws-lc-sys-bd24c8912a5110ee/out -L native=/work/target/debug/build/ring-8e0c6db8efc0c12d/out -L native=/work/target/debug/build/psm-bf4a270ddc91093b/out`
[1m[32m     Running[0m `/usr/local/rustup/toolchains/1.86.0-aarch64-unknown-linux-gnu/bin/rustc --crate-name datafusion_optimizer --edition=2021 /usr/local/cargo/registry/src/index.crates.io-1949cf8c6b5b557f/datafusion-optimizer-50.0.0/src/lib.rs --error-format=json --json=diagnostic-rendered-ansi,artifacts,future-incompat --crate-type lib --emit=dep-info,metadata,link -C embed-bitcode=no -C debuginfo=2 '--warn=clippy::used_underscore_binding' --deny=unused_qualifications '--warn=clippy::unnecessary_lazy_evaluations' '--warn=clippy::uninlined_format_args' --warn=unexpected_cfgs '--warn=clippy::or_fun_call' '--warn=clippy::large_futures' --check-cfg 'cfg(datafusion_coop, values("tokio", "tokio_fallback", "per_stream"))' --check-cfg 'cfg(tarpaulin)' --check-cfg 'cfg(tarpaulin_include)' --cfg 'feature="recursive_protection"' --check-cfg 'cfg(docsrs,test)' --check-cfg 'cfg(feature, values("recursive_protection"))' -C metadata=3ca2a297a59f5856 -C extra-filename=-414262a2abc1ab38 --out-dir /work/target/debug/deps -L dependency=/work/target/debug/deps --extern arrow=/work/target/debug/deps/libarrow-76a68e605d8a3ee5.rmeta --extern chrono=/work/target/debug/deps/libchrono-85cc897a59e31a52.rmeta --extern datafusion_common=/work/target/debug/deps/libdatafusion_common-fd93ad5dbcd5d07f.rmeta --extern datafusion_expr=/work/target/debug/deps/libdatafusion_expr-7b93e8b8a1939c0a.rmeta --extern datafusion_expr_common=/work/target/debug/deps/libdatafusion_expr_common-3005e6ca7162a129.rmeta --extern datafusion_physical_expr=/work/target/debug/deps/libdatafusion_physical_expr-b01bdf506481c117.rmeta --extern indexmap=/work/target/debug/deps/libindexmap-9a85cd7b101e1bbc.rmeta --extern itertools=/work/target/debug/deps/libitertools-b9229d5e770bb0a9.rmeta --extern log=/work/target/debug/deps/liblog-b9fcf50dffa3f048.rmeta --extern recursive=/work/target/debug/deps/librecursive-563d4bbd7a90f7fb.rmeta --extern regex=/work/target/debug/deps/libregex-e04a0c8a2ff6ee99.rmeta --extern regex_syntax=/work/target/debug/deps/libregex_syntax-1e8a369a74e060a6.rmeta --cap-lints allow -L native=/work/target/debug/build/zstd-sys-7cb059f3c6ab1cb1/out -L native=/work/target/debug/build/aws-lc-sys-bd24c8912a5110ee/out -L native=/work/target/debug/build/ring-8e0c6db8efc0c12d/out -L native=/work/target/debug/build/psm-bf4a270ddc91093b/out`
[1m[32m   Compiling[0m datafusion-physical-expr-adapter v50.0.0
[1m[32m     Running[0m `/usr/local/rustup/toolchains/1.86.0-aarch64-unknown-linux-gnu/bin/rustc --crate-name datafusion_physical_expr_adapter --edition=2021 /usr/local/cargo/registry/src/index.crates.io-1949cf8c6b5b557f/datafusion-physical-expr-adapter-50.0.0/src/lib.rs --error-format=json --json=diagnostic-rendered-ansi,artifacts,future-incompat --crate-type lib --emit=dep-info,metadata,link -C embed-bitcode=no -C debuginfo=2 --check-cfg 'cfg(docsrs,test)' --check-cfg 'cfg(feature, values())' -C metadata=153ecb1b0c427765 -C extra-filename=-8bbf8927ddfef77b --out-dir /work/target/debug/deps -L dependency=/work/target/debug/deps --extern arrow=/work/target/debug/deps/libarrow-76a68e605d8a3ee5.rmeta --extern datafusion_common=/work/target/debug/deps/libdatafusion_common-fd93ad5dbcd5d07f.rmeta --extern datafusion_expr=/work/target/debug/deps/libdatafusion_expr-7b93e8b8a1939c0a.rmeta --extern datafusion_functions=/work/target/debug/deps/libdatafusion_functions-31347034ec0c7d6f.rmeta --extern datafusion_physical_expr=/work/target/debug/deps/libdatafusion_physical_expr-b01bdf506481c117.rmeta --extern datafusion_physical_expr_common=/work/target/debug/deps/libdatafusion_physical_expr_common-ce8a0fea5fe2b496.rmeta --extern itertools=/work/target/debug/deps/libitertools-b9229d5e770bb0a9.rmeta --cap-lints allow -L native=/work/target/debug/build/zstd-sys-7cb059f3c6ab1cb1/out -L native=/work/target/debug/build/aws-lc-sys-bd24c8912a5110ee/out -L native=/work/target/debug/build/ring-8e0c6db8efc0c12d/out -L native=/work/target/debug/build/psm-bf4a270ddc91093b/out -L native=/work/target/debug/build/blake3-1fad8c728f960609/out`
[1m[32m   Compiling[0m datafusion-functions-nested v50.0.0
[1m[32m   Compiling[0m datafusion-iceberg-sql v0.9.0 (/work/datafusion-iceberg-sql)
[1m[32m     Running[0m `/usr/local/rustup/toolchains/1.86.0-aarch64-unknown-linux-gnu/bin/rustc --crate-name datafusion_functions_nested --edition=2021 /usr/local/cargo/registry/src/index.crates.io-1949cf8c6b5b557f/datafusion-functions-nested-50.0.0/src/lib.rs --error-format=json --json=diagnostic-rendered-ansi,artifacts,future-incompat --crate-type lib --emit=dep-info,metadata,link -C embed-bitcode=no -C debuginfo=2 '--warn=clippy::used_underscore_binding' --deny=unused_qualifications '--warn=clippy::unnecessary_lazy_evaluations' '--warn=clippy::uninlined_format_args' --warn=unexpected_cfgs '--warn=clippy::or_fun_call' '--warn=clippy::large_futures' --check-cfg 'cfg(datafusion_coop, values("tokio", "tokio_fallback", "per_stream"))' --check-cfg 'cfg(tarpaulin)' --check-cfg 'cfg(tarpaulin_include)' --check-cfg 'cfg(docsrs,test)' --check-cfg 'cfg(feature, values())' -C metadata=547a5b60baadcfcf -C extra-filename=-88d3811416626581 --out-dir /work/target/debug/deps -L dependency=/work/target/debug/deps --extern arrow=/work/target/debug/deps/libarrow-76a68e605d8a3ee5.rmeta --extern arrow_ord=/work/target/debug/deps/libarrow_ord-b0cef459099942b3.rmeta --extern datafusion_common=/work/target/debug/deps/libdatafusion_common-fd93ad5dbcd5d07f.rmeta --extern datafusion_doc=/work/target/debug/deps/libdatafusion_doc-49b4af3b1e0a30b7.rmeta --extern datafusion_execution=/work/target/debug/deps/libdatafusion_execution-a2c0ec28501dca2b.rmeta --extern datafusion_expr=/work/target/debug/deps/libdatafusion_expr-7b93e8b8a1939c0a.rmeta --extern datafusion_functions=/work/target/debug/deps/libdatafusion_functions-31347034ec0c7d6f.rmeta --extern datafusion_functions_aggregate=/work/target/debug/deps/libdatafusion_functions_aggregate-4872fc51e0ca93e4.rmeta --extern datafusion_functions_aggregate_common=/work/target/debug/deps/libdatafusion_functions_aggregate_common-04caf41018e1e459.rmeta --extern datafusion_macros=/work/target/debug/deps/libdatafusion_macros-f4e8e837035837a6.so --extern datafusion_physical_expr_common=/work/target/debug/deps/libdatafusion_physical_expr_common-ce8a0fea5fe2b496.rmeta --extern itertools=/work/target/debug/deps/libitertools-b9229d5e770bb0a9.rmeta --extern log=/work/target/debug/deps/liblog-b9fcf50dffa3f048.rmeta --extern paste=/work/target/debug/deps/libpaste-afb10c11da142ed0.so --cap-lints allow -L native=/work/target/debug/build/zstd-sys-7cb059f3c6ab1cb1/out -L native=/work/target/debug/build/aws-lc-sys-bd24c8912a5110ee/out -L native=/work/target/debug/build/ring-8e0c6db8efc0c12d/out -L native=/work/target/debug/build/psm-bf4a270ddc91093b/out -L native=/work/target/debug/build/blake3-1fad8c728f960609/out`
[1m[32m     Running[0m `/usr/local/rustup/toolchains/1.86.0-aarch64-unknown-linux-gnu/bin/rustc --crate-name datafusion_iceberg_sql --edition=2021 datafusion-iceberg-sql/src/lib.rs --error-format=json --json=diagnostic-rendered-ansi,artifacts,future-incompat --crate-type lib --emit=dep-info,metadata,link -C embed-bitcode=no -C debuginfo=2 --check-cfg 'cfg(docsrs,test)' --check-cfg 'cfg(feature, values())' -C metadata=c10ac51e4e49423f -C extra-filename=-994f3c143af8069f --out-dir /work/target/debug/deps -C incremental=/work/target/debug/incremental -L dependency=/work/target/debug/deps --extern arrow_schema=/work/target/debug/deps/libarrow_schema-93c6cdcbca3cb8f8.rmeta --extern datafusion_common=/work/target/debug/deps/libdatafusion_common-fd93ad5dbcd5d07f.rmeta --extern datafusion_execution=/work/target/debug/deps/libdatafusion_execution-a2c0ec28501dca2b.rmeta --extern datafusion_expr=/work/target/debug/deps/libdatafusion_expr-7b93e8b8a1939c0a.rmeta --extern datafusion_functions=/work/target/debug/deps/libdatafusion_functions-31347034ec0c7d6f.rmeta --extern datafusion_functions_aggregate=/work/target/debug/deps/libdatafusion_functions_aggregate-4872fc51e0ca93e4.rmeta --extern datafusion_sql=/work/target/debug/deps/libdatafusion_sql-035481c8eeaf8f52.rmeta --extern iceberg_rust=/work/target/debug/deps/libiceberg_rust-783ca70480453f53.rmeta -L native=/work/target/debug/build/zstd-sys-7cb059f3c6ab1cb1/out -L native=/work/target/debug/build/aws-lc-sys-bd24c8912a5110ee/out -L native=/work/target/debug/build/ring-8e0c6db8efc0c12d/out -L native=/work/target/debug/build/psm-bf4a270ddc91093b/out -L native=/work/target/debug/build/blake3-1fad8c728f960609/out`
[1m[32m   Compiling[0m datafusion-session v50.0.0
[1m[32m     Running[0m `/usr/local/rustup/toolchains/1.86.0-aarch64-unknown-linux-gnu/bin/rustc --crate-name datafusion_session --edition=2021 /usr/local/cargo/registry/src/index.crates.io-1949cf8c6b5b557f/datafusion-session-50.0.0/src/lib.rs --error-format=json --json=diagnostic-rendered-ansi,artifacts,future-incompat --crate-type lib --emit=dep-info,metadata,link -C embed-bitcode=no -C debuginfo=2 '--warn=clippy::used_underscore_binding' --deny=unused_qualifications '--warn=clippy::unnecessary_lazy_evaluations' '--warn=clippy::uninlined_format_args' --warn=unexpected_cfgs '--warn=clippy::or_fun_call' '--warn=clippy::large_futures' --check-cfg 'cfg(datafusion_coop, values("tokio", "tokio_fallback", "per_stream"))' --check-cfg 'cfg(tarpaulin)' --check-cfg 'cfg(tarpaulin_include)' --check-cfg 'cfg(docsrs,test)' --check-cfg 'cfg(feature, values())' -C metadata=f6d7f4f32401602c -C extra-filename=-45fa7a9ad59fe23f --out-dir /work/target/debug/deps -L dependency=/work/target/debug/deps --extern arrow=/work/target/debug/deps/libarrow-76a68e605d8a3ee5.rmeta --extern async_trait=/work/target/debug/deps/libasync_trait-d0fe424747ac3921.so --extern dashmap=/work/target/debug/deps/libdashmap-293903722bee987d.rmeta --extern datafusion_common=/work/target/debug/deps/libdatafusion_common-fd93ad5dbcd5d07f.rmeta --extern datafusion_common_runtime=/work/target/debug/deps/libdatafusion_common_runtime-cdd60e6a68d95f41.rmeta --extern datafusion_execution=/work/target/debug/deps/libdatafusion_execution-a2c0ec28501dca2b.rmeta --extern datafusion_expr=/work/target/debug/deps/libdatafusion_expr-7b93e8b8a1939c0a.rmeta --extern datafusion_physical_expr=/work/target/debug/deps/libdatafusion_physical_expr-b01bdf506481c117.rmeta --extern datafusion_physical_plan=/work/target/debug/deps/libdatafusion_physical_plan-56479597ac7c195f.rmeta --extern datafusion_sql=/work/target/debug/deps/libdatafusion_sql-035481c8eeaf8f52.rmeta --extern futures=/work/target/debug/deps/libfutures-ac7c7da181c731af.rmeta --extern itertools=/work/target/debug/deps/libitertools-b9229d5e770bb0a9.rmeta --extern log=/work/target/debug/deps/liblog-b9fcf50dffa3f048.rmeta --extern object_store=/work/target/debug/deps/libobject_store-247f873607a635c7.rmeta --extern parking_lot=/work/target/debug/deps/libparking_lot-d94659161a08da67.rmeta --extern tokio=/work/target/debug/deps/libtokio-d7b67b7161a91c5d.rmeta --cap-lints allow -L native=/work/target/debug/build/zstd-sys-7cb059f3c6ab1cb1/out -L native=/work/target/debug/build/aws-lc-sys-bd24c8912a5110ee/out -L native=/work/target/debug/build/ring-8e0c6db8efc0c12d/out -L native=/work/target/debug/build/psm-bf4a270ddc91093b/out`
[1m[32m   Compiling[0m datafusion-datasource v50.0.0
[1m[32m     Running[0m `/usr/local/rustup/toolchains/1.86.0-aarch64-unknown-linux-gnu/bin/rustc --crate-name datafusion_datasource --edition=2021 /usr/local/cargo/registry/src/index.crates.io-1949cf8c6b5b557f/datafusion-datasource-50.0.0/src/mod.rs --error-format=json --json=diagnostic-rendered-ansi,artifacts,future-incompat --crate-type lib --emit=dep-info,metadata,link -C embed-bitcode=no -C debuginfo=2 '--warn=clippy::used_underscore_binding' --deny=unused_qualifications '--warn=clippy::unnecessary_lazy_evaluations' '--warn=clippy::uninlined_format_args' --warn=unexpected_cfgs '--warn=clippy::or_fun_call' '--warn=clippy::large_futures' --check-cfg 'cfg(datafusion_coop, values("tokio", "tokio_fallback", "per_stream"))' --check-cfg 'cfg(tarpaulin)' --check-cfg 'cfg(tarpaulin_include)' --cfg 'feature="async-compression"' --cfg 'feature="bzip2"' --cfg 'feature="compression"' --cfg 'feature="flate2"' --cfg 'feature="parquet"' --cfg 'feature="tempfile"' --cfg 'feature="tokio-util"' --cfg 'feature="xz2"' --cfg 'feature="zstd"' --check-cfg 'cfg(docsrs,test)' --check-cfg 'cfg(feature, values("async-compression", "bzip2", "compression", "default", "flate2", "parquet", "tempfile", "tokio-util", "xz2", "zstd"))' -C metadata=844dc10335c0ca0e -C extra-filename=-8c2b5ae419f38c1e --out-dir /work/target/debug/deps -L dependency=/work/target/debug/deps --extern arrow=/work/target/debug/deps/libarrow-76a68e605d8a3ee5.rmeta --extern async_compression=/work/target/debug/deps/libasync_compression-72b0aa7afa88cfc1.rmeta --extern async_trait=/work/target/debug/deps/libasync_trait-d0fe424747ac3921.so --extern bytes=/work/target/debug/deps/libbytes-b7f26ff2edee4da7.rmeta --extern bzip2=/work/target/debug/deps/libbzip2-df23c12c2b23552d.rmeta --extern chrono=/work/target/debug/deps/libchrono-85cc897a59e31a52.rmeta --extern datafusion_common=/work/target/debug/deps/libdatafusion_common-fd93ad5dbcd5d07f.rmeta --extern datafusion_common_runtime=/work/target/debug/deps/libdatafusion_common_runtime-cdd60e6a68d95f41.rmeta --extern datafusion_execution=/work/target/debug/deps/libdatafusion_execution-a2c0ec28501dca2b.rmeta --extern datafusion_expr=/work/target/debug/deps/libdatafusion_expr-7b93e8b8a1939c0a.rmeta --extern datafusion_physical_expr=/work/target/debug/deps/libdatafusion_physical_expr-b01bdf506481c117.rmeta --extern datafusion_physical_expr_adapter=/work/target/debug/deps/libdatafusion_physical_expr_adapter-8bbf8927ddfef77b.rmeta --extern datafusion_physical_expr_common=/work/target/debug/deps/libdatafusion_physical_expr_common-ce8a0fea5fe2b496.rmeta --extern datafusion_physical_plan=/work/target/debug/deps/libdatafusion_physical_plan-56479597ac7c195f.rmeta --extern datafusion_session=/work/target/debug/deps/libdatafusion_session-45fa7a9ad59fe23f.rmeta --extern flate2=/work/target/debug/deps/libflate2-02f8980a443a4331.rmeta --extern futures=/work/target/debug/deps/libfutures-ac7c7da181c731af.rmeta --extern glob=/work/target/debug/deps/libglob-b0d4ee105be164a3.rmeta --extern itertools=/work/target/debug/deps/libitertools-b9229d5e770bb0a9.rmeta --extern log=/work/target/debug/deps/liblog-b9fcf50dffa3f048.rmeta --extern object_store=/work/target/debug/deps/libobject_store-247f873607a635c7.rmeta --extern parquet=/work/target/debug/deps/libparquet-b09d89fbdaf0259f.rmeta --extern rand=/work/target/debug/deps/librand-a678609889908172.rmeta --extern tempfile=/work/target/debug/deps/libtempfile-6f240e9d63e8fb5f.rmeta --extern tokio=/work/target/debug/deps/libtokio-d7b67b7161a91c5d.rmeta --extern tokio_util=/work/target/debug/deps/libtokio_util-af6ade555c63f2c0.rmeta --extern url=/work/target/debug/deps/liburl-5862d104b722478d.rmeta --extern xz2=/work/target/debug/deps/libxz2-d4f514b3e214ee73.rmeta --extern zstd=/work/target/debug/deps/libzstd-ea44ec4522e0cd47.rmeta --cap-lints allow -L native=/work/target/debug/build/zstd-sys-7cb059f3c6ab1cb1/out -L native=/work/target/debug/build/bzip2-sys-583c37f52eea31fd/out/lib -L native=/work/target/debug/build/lzma-sys-00c33fd18c15f1c2/out -L native=/work/target/debug/build/aws-lc-sys-bd24c8912a5110ee/out -L native=/work/target/debug/build/ring-8e0c6db8efc0c12d/out -L native=/work/target/debug/build/psm-bf4a270ddc91093b/out -L native=/work/target/debug/build/blake3-1fad8c728f960609/out`
[1m[32m   Compiling[0m datafusion-catalog v50.0.0
[1m[32m   Compiling[0m datafusion-pruning v50.0.0
[1m[32m     Running[0m `/usr/local/rustup/toolchains/1.86.0-aarch64-unknown-linux-gnu/bin/rustc --crate-name datafusion_catalog --edition=2021 /usr/local/cargo/registry/src/index.crates.io-1949cf8c6b5b557f/datafusion-catalog-50.0.0/src/lib.rs --error-format=json --json=diagnostic-rendered-ansi,artifacts,future-incompat --crate-type lib --emit=dep-info,metadata,link -C embed-bitcode=no -C debuginfo=2 '--warn=clippy::used_underscore_binding' --deny=unused_qualifications '--warn=clippy::unnecessary_lazy_evaluations' '--warn=clippy::uninlined_format_args' --warn=unexpected_cfgs '--warn=clippy::or_fun_call' '--warn=clippy::large_futures' --check-cfg 'cfg(datafusion_coop, values("tokio", "tokio_fallback", "per_stream"))' --check-cfg 'cfg(tarpaulin)' --check-cfg 'cfg(tarpaulin_include)' --check-cfg 'cfg(docsrs,test)' --check-cfg 'cfg(feature, values())' -C metadata=d2dd3e26eef54c75 -C extra-filename=-a79aba95e4f7f40e --out-dir /work/target/debug/deps -L dependency=/work/target/debug/deps --extern arrow=/work/target/debug/deps/libarrow-76a68e605d8a3ee5.rmeta --extern async_trait=/work/target/debug/deps/libasync_trait-d0fe424747ac3921.so --extern dashmap=/work/target/debug/deps/libdashmap-293903722bee987d.rmeta --extern datafusion_common=/work/target/debug/deps/libdatafusion_common-fd93ad5dbcd5d07f.rmeta --extern datafusion_common_runtime=/work/target/debug/deps/libdatafusion_common_runtime-cdd60e6a68d95f41.rmeta --extern datafusion_datasource=/work/target/debug/deps/libdatafusion_datasource-8c2b5ae419f38c1e.rmeta --extern datafusion_execution=/work/target/debug/deps/libdatafusion_execution-a2c0ec28501dca2b.rmeta --extern datafusion_expr=/work/target/debug/deps/libdatafusion_expr-7b93e8b8a1939c0a.rmeta --extern datafusion_physical_expr=/work/target/debug/deps/libdatafusion_physical_expr-b01bdf506481c117.rmeta --extern datafusion_physical_plan=/work/target/debug/deps/libdatafusion_physical_plan-56479597ac7c195f.rmeta --extern datafusion_session=/work/target/debug/deps/libdatafusion_session-45fa7a9ad59fe23f.rmeta --extern datafusion_sql=/work/target/debug/deps/libdatafusion_sql-035481c8eeaf8f52.rmeta --extern futures=/work/target/debug/deps/libfutures-ac7c7da181c731af.rmeta --extern itertools=/work/target/debug/deps/libitertools-b9229d5e770bb0a9.rmeta --extern log=/work/target/debug/deps/liblog-b9fcf50dffa3f048.rmeta --extern object_store=/work/target/debug/deps/libobject_store-247f873607a635c7.rmeta --extern parking_lot=/work/target/debug/deps/libparking_lot-d94659161a08da67.rmeta --extern tokio=/work/target/debug/deps/libtokio-d7b67b7161a91c5d.rmeta --cap-lints allow -L native=/work/target/debug/build/zstd-sys-7cb059f3c6ab1cb1/out -L native=/work/target/debug/build/aws-lc-sys-bd24c8912a5110ee/out -L native=/work/target/debug/build/ring-8e0c6db8efc0c12d/out -L native=/work/target/debug/build/psm-bf4a270ddc91093b/out -L native=/work/target/debug/build/bzip2-sys-583c37f52eea31fd/out/lib -L native=/work/target/debug/build/lzma-sys-00c33fd18c15f1c2/out -L native=/work/target/debug/build/blake3-1fad8c728f960609/out`
[1m[32m     Running[0m `/usr/local/rustup/toolchains/1.86.0-aarch64-unknown-linux-gnu/bin/rustc --crate-name datafusion_pruning --edition=2021 /usr/local/cargo/registry/src/index.crates.io-1949cf8c6b5b557f/datafusion-pruning-50.0.0/src/lib.rs --error-format=json --json=diagnostic-rendered-ansi,artifacts,future-incompat --crate-type lib --emit=dep-info,metadata,link -C embed-bitcode=no -C debuginfo=2 '--warn=clippy::used_underscore_binding' --deny=unused_qualifications '--warn=clippy::unnecessary_lazy_evaluations' '--warn=clippy::uninlined_format_args' --warn=unexpected_cfgs '--warn=clippy::or_fun_call' '--warn=clippy::large_futures' --check-cfg 'cfg(datafusion_coop, values("tokio", "tokio_fallback", "per_stream"))' --check-cfg 'cfg(tarpaulin)' --check-cfg 'cfg(tarpaulin_include)' --check-cfg 'cfg(docsrs,test)' --check-cfg 'cfg(feature, values())' -C metadata=aac9fb5309ecc310 -C extra-filename=-1e2fd3d9c82840ba --out-dir /work/target/debug/deps -L dependency=/work/target/debug/deps --extern arrow=/work/target/debug/deps/libarrow-76a68e605d8a3ee5.rmeta --extern arrow_schema=/work/target/debug/deps/libarrow_schema-93c6cdcbca3cb8f8.rmeta --extern datafusion_common=/work/target/debug/deps/libdatafusion_common-fd93ad5dbcd5d07f.rmeta --extern datafusion_datasource=/work/target/debug/deps/libdatafusion_datasource-8c2b5ae419f38c1e.rmeta --extern datafusion_expr_common=/work/target/debug/deps/libdatafusion_expr_common-3005e6ca7162a129.rmeta --extern datafusion_physical_expr=/work/target/debug/deps/libdatafusion_physical_expr-b01bdf506481c117.rmeta --extern datafusion_physical_expr_common=/work/target/debug/deps/libdatafusion_physical_expr_common-ce8a0fea5fe2b496.rmeta --extern datafusion_physical_plan=/work/target/debug/deps/libdatafusion_physical_plan-56479597ac7c195f.rmeta --extern itertools=/work/target/debug/deps/libitertools-b9229d5e770bb0a9.rmeta --extern log=/work/target/debug/deps/liblog-b9fcf50dffa3f048.rmeta --cap-lints allow -L native=/work/target/debug/build/zstd-sys-7cb059f3c6ab1cb1/out -L native=/work/target/debug/build/aws-lc-sys-bd24c8912a5110ee/out -L native=/work/target/debug/build/ring-8e0c6db8efc0c12d/out -L native=/work/target/debug/build/psm-bf4a270ddc91093b/out -L native=/work/target/debug/build/bzip2-sys-583c37f52eea31fd/out/lib -L native=/work/target/debug/build/lzma-sys-00c33fd18c15f1c2/out -L native=/work/target/debug/build/blake3-1fad8c728f960609/out`
[1m[32m   Compiling[0m datafusion-physical-optimizer v50.0.0
[1m[32m     Running[0m `/usr/local/rustup/toolchains/1.86.0-aarch64-unknown-linux-gnu/bin/rustc --crate-name datafusion_physical_optimizer --edition=2021 /usr/local/cargo/registry/src/index.crates.io-1949cf8c6b5b557f/datafusion-physical-optimizer-50.0.0/src/lib.rs --error-format=json --json=diagnostic-rendered-ansi,artifacts,future-incompat --crate-type lib --emit=dep-info,metadata,link -C embed-bitcode=no -C debuginfo=2 '--warn=clippy::used_underscore_binding' --deny=unused_qualifications '--warn=clippy::unnecessary_lazy_evaluations' '--warn=clippy::uninlined_format_args' --warn=unexpected_cfgs '--warn=clippy::or_fun_call' '--warn=clippy::large_futures' --check-cfg 'cfg(datafusion_coop, values("tokio", "tokio_fallback", "per_stream"))' --check-cfg 'cfg(tarpaulin)' --check-cfg 'cfg(tarpaulin_include)' --cfg 'feature="recursive_protection"' --check-cfg 'cfg(docsrs,test)' --check-cfg 'cfg(feature, values("recursive_protection"))' -C metadata=c62907c929467b94 -C extra-filename=-a3fc96385692bfff --out-dir /work/target/debug/deps -L dependency=/work/target/debug/deps --extern arrow=/work/target/debug/deps/libarrow-76a68e605d8a3ee5.rmeta --extern datafusion_common=/work/target/debug/deps/libdatafusion_common-fd93ad5dbcd5d07f.rmeta --extern datafusion_execution=/work/target/debug/deps/libdatafusion_execution-a2c0ec28501dca2b.rmeta --extern datafusion_expr=/work/target/debug/deps/libdatafusion_expr-7b93e8b8a1939c0a.rmeta --extern datafusion_expr_common=/work/target/debug/deps/libdatafusion_expr_common-3005e6ca7162a129.rmeta --extern datafusion_physical_expr=/work/target/debug/deps/libdatafusion_physical_expr-b01bdf506481c117.rmeta --extern datafusion_physical_expr_common=/work/target/debug/deps/libdatafusion_physical_expr_common-ce8a0fea5fe2b496.rmeta --extern datafusion_physical_plan=/work/target/debug/deps/libdatafusion_physical_plan-56479597ac7c195f.rmeta --extern datafusion_pruning=/work/target/debug/deps/libdatafusion_pruning-1e2fd3d9c82840ba.rmeta --extern itertools=/work/target/debug/deps/libitertools-b9229d5e770bb0a9.rmeta --extern log=/work/target/debug/deps/liblog-b9fcf50dffa3f048.rmeta --extern recursive=/work/target/debug/deps/librecursive-563d4bbd7a90f7fb.rmeta --cap-lints allow -L native=/work/target/debug/build/zstd-sys-7cb059f3c6ab1cb1/out -L native=/work/target/debug/build/aws-lc-sys-bd24c8912a5110ee/out -L native=/work/target/debug/build/ring-8e0c6db8efc0c12d/out -L native=/work/target/debug/build/psm-bf4a270ddc91093b/out -L native=/work/target/debug/build/bzip2-sys-583c37f52eea31fd/out/lib -L native=/work/target/debug/build/lzma-sys-00c33fd18c15f1c2/out -L native=/work/target/debug/build/blake3-1fad8c728f960609/out`
[1m[32m   Compiling[0m iceberg-glue-catalog v0.9.0 (/work/catalogs/iceberg-glue-catalog)
[1m[32m     Running[0m `/usr/local/rustup/toolchains/1.86.0-aarch64-unknown-linux-gnu/bin/rustc --crate-name iceberg_glue_catalog --edition=2021 catalogs/iceberg-glue-catalog/src/lib.rs --error-format=json --json=diagnostic-rendered-ansi,artifacts,future-incompat --crate-type lib --emit=dep-info,metadata,link -C embed-bitcode=no -C debuginfo=2 --check-cfg 'cfg(docsrs,test)' --check-cfg 'cfg(feature, values())' -C metadata=04b70788377835fa -C extra-filename=-0db5dfa0c6dae2ae --out-dir /work/target/debug/deps -C incremental=/work/target/debug/incremental -L dependency=/work/target/debug/deps --extern async_trait=/work/target/debug/deps/libasync_trait-d0fe424747ac3921.so --extern aws_config=/work/target/debug/deps/libaws_config-7fe236b9c918d39c.rmeta --extern aws_sdk_glue=/work/target/debug/deps/libaws_sdk_glue-6b3cd726d9083424.rmeta --extern futures=/work/target/debug/deps/libfutures-ac7c7da181c731af.rmeta --extern iceberg_rust=/work/target/debug/deps/libiceberg_rust-783ca70480453f53.rmeta --extern object_store=/work/target/debug/deps/libobject_store-247f873607a635c7.rmeta --extern serde_json=/work/target/debug/deps/libserde_json-0c1b94d84eed19db.rmeta --extern thiserror=/work/target/debug/deps/libthiserror-78cc097649a50b84.rmeta --extern url=/work/target/debug/deps/liburl-5862d104b722478d.rmeta --extern uuid=/work/target/debug/deps/libuuid-53765d6c1496d63d.rmeta -L native=/work/target/debug/build/ring-8e0c6db8efc0c12d/out -L native=/work/target/debug/build/aws-lc-sys-bd24c8912a5110ee/out -L native=/work/target/debug/build/zstd-sys-7cb059f3c6ab1cb1/out -L native=/work/target/debug/build/psm-bf4a270ddc91093b/out`
[1m[32m   Compiling[0m datafusion-datasource-json v50.0.0
[1m[32m   Compiling[0m datafusion-functions-table v50.0.0
[1m[32m   Compiling[0m datafusion-catalog-listing v50.0.0
[1m[32m   Compiling[0m datafusion-datasource-parquet v50.0.0
[1m[32m   Compiling[0m datafusion-datasource-csv v50.0.0
[1m[32m     Running[0m `/usr/local/rustup/toolchains/1.86.0-aarch64-unknown-linux-gnu/bin/rustc --crate-name datafusion_datasource_json --edition=2021 /usr/local/cargo/registry/src/index.crates.io-1949cf8c6b5b557f/datafusion-datasource-json-50.0.0/src/mod.rs --error-format=json --json=diagnostic-rendered-ansi,artifacts,future-incompat --crate-type lib --emit=dep-info,metadata,link -C embed-bitcode=no -C debuginfo=2 '--warn=clippy::used_underscore_binding' --deny=unused_qualifications '--warn=clippy::unnecessary_lazy_evaluations' '--warn=clippy::uninlined_format_args' --warn=unexpected_cfgs '--warn=clippy::or_fun_call' '--warn=clippy::large_futures' --check-cfg 'cfg(datafusion_coop, values("tokio", "tokio_fallback", "per_stream"))' --check-cfg 'cfg(tarpaulin)' --check-cfg 'cfg(tarpaulin_include)' --check-cfg 'cfg(docsrs,test)' --check-cfg 'cfg(feature, values())' -C metadata=818bdac3e0e4c464 -C extra-filename=-82386c53a87efe9c --out-dir /work/target/debug/deps -L dependency=/work/target/debug/deps --extern arrow=/work/target/debug/deps/libarrow-76a68e605d8a3ee5.rmeta --extern async_trait=/work/target/debug/deps/libasync_trait-d0fe424747ac3921.so --extern bytes=/work/target/debug/deps/libbytes-b7f26ff2edee4da7.rmeta --extern datafusion_catalog=/work/target/debug/deps/libdatafusion_catalog-a79aba95e4f7f40e.rmeta --extern datafusion_common=/work/target/debug/deps/libdatafusion_common-fd93ad5dbcd5d07f.rmeta --extern datafusion_common_runtime=/work/target/debug/deps/libdatafusion_common_runtime-cdd60e6a68d95f41.rmeta --extern datafusion_datasource=/work/target/debug/deps/libdatafusion_datasource-8c2b5ae419f38c1e.rmeta --extern datafusion_execution=/work/target/debug/deps/libdatafusion_execution-a2c0ec28501dca2b.rmeta --extern datafusion_expr=/work/target/debug/deps/libdatafusion_expr-7b93e8b8a1939c0a.rmeta --extern datafusion_physical_expr=/work/target/debug/deps/libdatafusion_physical_expr-b01bdf506481c117.rmeta --extern datafusion_physical_expr_common=/work/target/debug/deps/libdatafusion_physical_expr_common-ce8a0fea5fe2b496.rmeta --extern datafusion_physical_plan=/work/target/debug/deps/libdatafusion_physical_plan-56479597ac7c195f.rmeta --extern datafusion_session=/work/target/debug/deps/libdatafusion_session-45fa7a9ad59fe23f.rmeta --extern futures=/work/target/debug/deps/libfutures-ac7c7da181c731af.rmeta --extern object_store=/work/target/debug/deps/libobject_store-247f873607a635c7.rmeta --extern serde_json=/work/target/debug/deps/libserde_json-0c1b94d84eed19db.rmeta --extern tokio=/work/target/debug/deps/libtokio-d7b67b7161a91c5d.rmeta --cap-lints allow -L native=/work/target/debug/build/zstd-sys-7cb059f3c6ab1cb1/out -L native=/work/target/debug/build/aws-lc-sys-bd24c8912a5110ee/out -L native=/work/target/debug/build/ring-8e0c6db8efc0c12d/out -L native=/work/target/debug/build/psm-bf4a270ddc91093b/out -L native=/work/target/debug/build/bzip2-sys-583c37f52eea31fd/out/lib -L native=/work/target/debug/build/lzma-sys-00c33fd18c15f1c2/out -L native=/work/target/debug/build/blake3-1fad8c728f960609/out`
[1m[32m     Running[0m `/usr/local/rustup/toolchains/1.86.0-aarch64-unknown-linux-gnu/bin/rustc --crate-name datafusion_functions_table --edition=2021 /usr/local/cargo/registry/src/index.crates.io-1949cf8c6b5b557f/datafusion-functions-table-50.0.0/src/lib.rs --error-format=json --json=diagnostic-rendered-ansi,artifacts,future-incompat --crate-type lib --emit=dep-info,metadata,link -C embed-bitcode=no -C debuginfo=2 '--warn=clippy::used_underscore_binding' --deny=unused_qualifications '--warn=clippy::unnecessary_lazy_evaluations' '--warn=clippy::uninlined_format_args' --warn=unexpected_cfgs '--warn=clippy::or_fun_call' '--warn=clippy::large_futures' --check-cfg 'cfg(datafusion_coop, values("tokio", "tokio_fallback", "per_stream"))' --check-cfg 'cfg(tarpaulin)' --check-cfg 'cfg(tarpaulin_include)' --check-cfg 'cfg(docsrs,test)' --check-cfg 'cfg(feature, values())' -C metadata=cb1df11556a8b84b -C extra-filename=-8838a1f453c5082b --out-dir /work/target/debug/deps -L dependency=/work/target/debug/deps --extern arrow=/work/target/debug/deps/libarrow-76a68e605d8a3ee5.rmeta --extern async_trait=/work/target/debug/deps/libasync_trait-d0fe424747ac3921.so --extern datafusion_catalog=/work/target/debug/deps/libdatafusion_catalog-a79aba95e4f7f40e.rmeta --extern datafusion_common=/work/target/debug/deps/libdatafusion_common-fd93ad5dbcd5d07f.rmeta --extern datafusion_expr=/work/target/debug/deps/libdatafusion_expr-7b93e8b8a1939c0a.rmeta --extern datafusion_physical_plan=/work/target/debug/deps/libdatafusion_physical_plan-56479597ac7c195f.rmeta --extern parking_lot=/work/target/debug/deps/libparking_lot-d94659161a08da67.rmeta --extern paste=/work/target/debug/deps/libpaste-afb10c11da142ed0.so --cap-lints allow -L native=/work/target/debug/build/zstd-sys-7cb059f3c6ab1cb1/out -L native=/work/target/debug/build/aws-lc-sys-bd24c8912a5110ee/out -L native=/work/target/debug/build/ring-8e0c6db8efc0c12d/out -L native=/work/target/debug/build/psm-bf4a270ddc91093b/out -L native=/work/target/debug/build/bzip2-sys-583c37f52eea31fd/out/lib -L native=/work/target/debug/build/lzma-sys-00c33fd18c15f1c2/out -L native=/work/target/debug/build/blake3-1fad8c728f960609/out`
[1m[32m     Running[0m `/usr/local/rustup/toolchains/1.86.0-aarch64-unknown-linux-gnu/bin/rustc --crate-name datafusion_datasource_parquet --edition=2021 /usr/local/cargo/registry/src/index.crates.io-1949cf8c6b5b557f/datafusion-datasource-parquet-50.0.0/src/mod.rs --error-format=json --json=diagnostic-rendered-ansi,artifacts,future-incompat --crate-type lib --emit=dep-info,metadata,link -C embed-bitcode=no -C debuginfo=2 '--warn=clippy::used_underscore_binding' --deny=unused_qualifications '--warn=clippy::unnecessary_lazy_evaluations' '--warn=clippy::uninlined_format_args' --warn=unexpected_cfgs '--warn=clippy::or_fun_call' '--warn=clippy::large_futures' --check-cfg 'cfg(datafusion_coop, values("tokio", "tokio_fallback", "per_stream"))' --check-cfg 'cfg(tarpaulin)' --check-cfg 'cfg(tarpaulin_include)' --check-cfg 'cfg(docsrs,test)' --check-cfg 'cfg(feature, values("parquet_encryption"))' -C metadata=4cbdcb908fab637a -C extra-filename=-1176bc49a169d66a --out-dir /work/target/debug/deps -L dependency=/work/target/debug/deps --extern arrow=/work/target/debug/deps/libarrow-76a68e605d8a3ee5.rmeta --extern async_trait=/work/target/debug/deps/libasync_trait-d0fe424747ac3921.so --extern bytes=/work/target/debug/deps/libbytes-b7f26ff2edee4da7.rmeta --extern datafusion_catalog=/work/target/debug/deps/libdatafusion_catalog-a79aba95e4f7f40e.rmeta --extern datafusion_common=/work/target/debug/deps/libdatafusion_common-fd93ad5dbcd5d07f.rmeta --extern datafusion_common_runtime=/work/target/debug/deps/libdatafusion_common_runtime-cdd60e6a68d95f41.rmeta --extern datafusion_datasource=/work/target/debug/deps/libdatafusion_datasource-8c2b5ae419f38c1e.rmeta --extern datafusion_execution=/work/target/debug/deps/libdatafusion_execution-a2c0ec28501dca2b.rmeta --extern datafusion_expr=/work/target/debug/deps/libdatafusion_expr-7b93e8b8a1939c0a.rmeta --extern datafusion_functions_aggregate=/work/target/debug/deps/libdatafusion_functions_aggregate-4872fc51e0ca93e4.rmeta --extern datafusion_physical_expr=/work/target/debug/deps/libdatafusion_physical_expr-b01bdf506481c117.rmeta --extern datafusion_physical_expr_adapter=/work/target/debug/deps/libdatafusion_physical_expr_adapter-8bbf8927ddfef77b.rmeta --extern datafusion_physical_expr_common=/work/target/debug/deps/libdatafusion_physical_expr_common-ce8a0fea5fe2b496.rmeta --extern datafusion_physical_optimizer=/work/target/debug/deps/libdatafusion_physical_optimizer-a3fc96385692bfff.rmeta --extern datafusion_physical_plan=/work/target/debug/deps/libdatafusion_physical_plan-56479597ac7c195f.rmeta --extern datafusion_pruning=/work/target/debug/deps/libdatafusion_pruning-1e2fd3d9c82840ba.rmeta --extern datafusion_session=/work/target/debug/deps/libdatafusion_session-45fa7a9ad59fe23f.rmeta --extern futures=/work/target/debug/deps/libfutures-ac7c7da181c731af.rmeta --extern itertools=/work/target/debug/deps/libitertools-b9229d5e770bb0a9.rmeta --extern log=/work/target/debug/deps/liblog-b9fcf50dffa3f048.rmeta --extern object_store=/work/target/debug/deps/libobject_store-247f873607a635c7.rmeta --extern parking_lot=/work/target/debug/deps/libparking_lot-d94659161a08da67.rmeta --extern parquet=/work/target/debug/deps/libparquet-b09d89fbdaf0259f.rmeta --extern rand=/work/target/debug/deps/librand-a678609889908172.rmeta --extern tokio=/work/target/debug/deps/libtokio-d7b67b7161a91c5d.rmeta --cap-lints allow -L native=/work/target/debug/build/zstd-sys-7cb059f3c6ab1cb1/out -L native=/work/target/debug/build/aws-lc-sys-bd24c8912a5110ee/out -L native=/work/target/debug/build/ring-8e0c6db8efc0c12d/out -L native=/work/target/debug/build/psm-bf4a270ddc91093b/out -L native=/work/target/debug/build/bzip2-sys-583c37f52eea31fd/out/lib -L native=/work/target/debug/build/lzma-sys-00c33fd18c15f1c2/out -L native=/work/target/debug/build/blake3-1fad8c728f960609/out`
[1m[32m     Running[0m `/usr/local/rustup/toolchains/1.86.0-aarch64-unknown-linux-gnu/bin/rustc --crate-name datafusion_datasource_csv --edition=2021 /usr/local/cargo/registry/src/index.crates.io-1949cf8c6b5b557f/datafusion-datasource-csv-50.0.0/src/mod.rs --error-format=json --json=diagnostic-rendered-ansi,artifacts,future-incompat --crate-type lib --emit=dep-info,metadata,link -C embed-bitcode=no -C debuginfo=2 '--warn=clippy::used_underscore_binding' --deny=unused_qualifications '--warn=clippy::unnecessary_lazy_evaluations' '--warn=clippy::uninlined_format_args' --warn=unexpected_cfgs '--warn=clippy::or_fun_call' '--warn=clippy::large_futures' --check-cfg 'cfg(datafusion_coop, values("tokio", "tokio_fallback", "per_stream"))' --check-cfg 'cfg(tarpaulin)' --check-cfg 'cfg(tarpaulin_include)' --check-cfg 'cfg(docsrs,test)' --check-cfg 'cfg(feature, values())' -C metadata=0f0e024d46103d04 -C extra-filename=-9611aa1ffe0eed95 --out-dir /work/target/debug/deps -L dependency=/work/target/debug/deps --extern arrow=/work/target/debug/deps/libarrow-76a68e605d8a3ee5.rmeta --extern async_trait=/work/target/debug/deps/libasync_trait-d0fe424747ac3921.so --extern bytes=/work/target/debug/deps/libbytes-b7f26ff2edee4da7.rmeta --extern datafusion_catalog=/work/target/debug/deps/libdatafusion_catalog-a79aba95e4f7f40e.rmeta --extern datafusion_common=/work/target/debug/deps/libdatafusion_common-fd93ad5dbcd5d07f.rmeta --extern datafusion_common_runtime=/work/target/debug/deps/libdatafusion_common_runtime-cdd60e6a68d95f41.rmeta --extern datafusion_datasource=/work/target/debug/deps/libdatafusion_datasource-8c2b5ae419f38c1e.rmeta --extern datafusion_execution=/work/target/debug/deps/libdatafusion_execution-a2c0ec28501dca2b.rmeta --extern datafusion_expr=/work/target/debug/deps/libdatafusion_expr-7b93e8b8a1939c0a.rmeta --extern datafusion_physical_expr=/work/target/debug/deps/libdatafusion_physical_expr-b01bdf506481c117.rmeta --extern datafusion_physical_expr_common=/work/target/debug/deps/libdatafusion_physical_expr_common-ce8a0fea5fe2b496.rmeta --extern datafusion_physical_plan=/work/target/debug/deps/libdatafusion_physical_plan-56479597ac7c195f.rmeta --extern datafusion_session=/work/target/debug/deps/libdatafusion_session-45fa7a9ad59fe23f.rmeta --extern futures=/work/target/debug/deps/libfutures-ac7c7da181c731af.rmeta --extern object_store=/work/target/debug/deps/libobject_store-247f873607a635c7.rmeta --extern regex=/work/target/debug/deps/libregex-e04a0c8a2ff6ee99.rmeta --extern tokio=/work/target/debug/deps/libtokio-d7b67b7161a91c5d.rmeta --cap-lints allow -L native=/work/target/debug/build/zstd-sys-7cb059f3c6ab1cb1/out -L native=/work/target/debug/build/aws-lc-sys-bd24c8912a5110ee/out -L native=/work/target/debug/build/ring-8e0c6db8efc0c12d/out -L native=/work/target/debug/build/psm-bf4a270ddc91093b/out -L native=/work/target/debug/build/bzip2-sys-583c37f52eea31fd/out/lib -L native=/work/target/debug/build/lzma-sys-00c33fd18c15f1c2/out -L native=/work/target/debug/build/blake3-1fad8c728f960609/out`
[1m[32m     Running[0m `/usr/local/rustup/toolchains/1.86.0-aarch64-unknown-linux-gnu/bin/rustc --crate-name datafusion_catalog_listing --edition=2021 /usr/local/cargo/registry/src/index.crates.io-1949cf8c6b5b557f/datafusion-catalog-listing-50.0.0/src/mod.rs --error-format=json --json=diagnostic-rendered-ansi,artifacts,future-incompat --crate-type lib --emit=dep-info,metadata,link -C embed-bitcode=no -C debuginfo=2 '--warn=clippy::used_underscore_binding' --deny=unused_qualifications '--warn=clippy::unnecessary_lazy_evaluations' '--warn=clippy::uninlined_format_args' --warn=unexpected_cfgs '--warn=clippy::or_fun_call' '--warn=clippy::large_futures' --check-cfg 'cfg(datafusion_coop, values("tokio", "tokio_fallback", "per_stream"))' --check-cfg 'cfg(tarpaulin)' --check-cfg 'cfg(tarpaulin_include)' --check-cfg 'cfg(docsrs,test)' --check-cfg 'cfg(feature, values())' -C metadata=c8cf218a91c8a8fd -C extra-filename=-5762e48bd93fdfb8 --out-dir /work/target/debug/deps -L dependency=/work/target/debug/deps --extern arrow=/work/target/debug/deps/libarrow-76a68e605d8a3ee5.rmeta --extern async_trait=/work/target/debug/deps/libasync_trait-d0fe424747ac3921.so --extern datafusion_catalog=/work/target/debug/deps/libdatafusion_catalog-a79aba95e4f7f40e.rmeta --extern datafusion_common=/work/target/debug/deps/libdatafusion_common-fd93ad5dbcd5d07f.rmeta --extern datafusion_datasource=/work/target/debug/deps/libdatafusion_datasource-8c2b5ae419f38c1e.rmeta --extern datafusion_execution=/work/target/debug/deps/libdatafusion_execution-a2c0ec28501dca2b.rmeta --extern datafusion_expr=/work/target/debug/deps/libdatafusion_expr-7b93e8b8a1939c0a.rmeta --extern datafusion_physical_expr=/work/target/debug/deps/libdatafusion_physical_expr-b01bdf506481c117.rmeta --extern datafusion_physical_expr_common=/work/target/debug/deps/libdatafusion_physical_expr_common-ce8a0fea5fe2b496.rmeta --extern datafusion_physical_plan=/work/target/debug/deps/libdatafusion_physical_plan-56479597ac7c195f.rmeta --extern datafusion_session=/work/target/debug/deps/libdatafusion_session-45fa7a9ad59fe23f.rmeta --extern futures=/work/target/debug/deps/libfutures-ac7c7da181c731af.rmeta --extern log=/work/target/debug/deps/liblog-b9fcf50dffa3f048.rmeta --extern object_store=/work/target/debug/deps/libobject_store-247f873607a635c7.rmeta --extern tokio=/work/target/debug/deps/libtokio-d7b67b7161a91c5d.rmeta --cap-lints allow -L native=/work/target/debug/build/zstd-sys-7cb059f3c6ab1cb1/out -L native=/work/target/debug/build/aws-lc-sys-bd24c8912a5110ee/out -L native=/work/target/debug/build/ring-8e0c6db8efc0c12d/out -L native=/work/target/debug/build/psm-bf4a270ddc91093b/out -L native=/work/target/debug/build/bzip2-sys-583c37f52eea31fd/out/lib -L native=/work/target/debug/build/lzma-sys-00c33fd18c15f1c2/out -L native=/work/target/debug/build/blake3-1fad8c728f960609/out`
[1m[32m   Compiling[0m datafusion v50.0.0
[1m[32m     Running[0m `/usr/local/rustup/toolchains/1.86.0-aarch64-unknown-linux-gnu/bin/rustc --crate-name datafusion --edition=2021 /usr/local/cargo/registry/src/index.crates.io-1949cf8c6b5b557f/datafusion-50.0.0/src/lib.rs --error-format=json --json=diagnostic-rendered-ansi,artifacts,future-incompat --crate-type lib --emit=dep-info,metadata,link -C embed-bitcode=no -C debuginfo=2 '--warn=clippy::used_underscore_binding' --deny=unused_qualifications '--warn=clippy::unnecessary_lazy_evaluations' '--warn=clippy::uninlined_format_args' --warn=unexpected_cfgs '--warn=clippy::or_fun_call' '--warn=clippy::large_futures' --check-cfg 'cfg(datafusion_coop, values("tokio", "tokio_fallback", "per_stream"))' --check-cfg 'cfg(tarpaulin)' --check-cfg 'cfg(tarpaulin_include)' --cfg 'feature="bzip2"' --cfg 'feature="compression"' --cfg 'feature="crypto_expressions"' --cfg 'feature="datafusion-datasource-parquet"' --cfg 'feature="datafusion-functions-nested"' --cfg 'feature="datetime_expressions"' --cfg 'feature="default"' --cfg 'feature="encoding_expressions"' --cfg 'feature="flate2"' --cfg 'feature="nested_expressions"' --cfg 'feature="parquet"' --cfg 'feature="recursive_protection"' --cfg 'feature="regex_expressions"' --cfg 'feature="string_expressions"' --cfg 'feature="unicode_expressions"' --cfg 'feature="xz2"' --cfg 'feature="zstd"' --check-cfg 'cfg(docsrs,test)' --check-cfg 'cfg(feature, values("array_expressions", "avro", "backtrace", "bzip2", "compression", "crypto_expressions", "datafusion-datasource-avro", "datafusion-datasource-parquet", "datafusion-functions-nested", "datetime_expressions", "default", "encoding_expressions", "extended_tests", "flate2", "force_hash_collisions", "math_expressions", "nested_expressions", "parquet", "parquet_encryption", "pyarrow", "recursive_protection", "regex_expressions", "serde", "string_expressions", "unicode_expressions", "xz2", "zstd"))' -C metadata=6c2477df92917bd8 -C extra-filename=-ce57e485aca5eab0 --out-dir /work/target/debug/deps -L dependency=/work/target/debug/deps --extern arrow=/work/target/debug/deps/libarrow-76a68e605d8a3ee5.rmeta --extern arrow_ipc=/work/target/debug/deps/libarrow_ipc-6b8e223076f29e26.rmeta --extern arrow_schema=/work/target/debug/deps/libarrow_schema-93c6cdcbca3cb8f8.rmeta --extern async_trait=/work/target/debug/deps/libasync_trait-d0fe424747ac3921.so --extern bytes=/work/target/debug/deps/libbytes-b7f26ff2edee4da7.rmeta --extern bzip2=/work/target/debug/deps/libbzip2-df23c12c2b23552d.rmeta --extern chrono=/work/target/debug/deps/libchrono-85cc897a59e31a52.rmeta --extern datafusion_catalog=/work/target/debug/deps/libdatafusion_catalog-a79aba95e4f7f40e.rmeta --extern datafusion_catalog_listing=/work/target/debug/deps/libdatafusion_catalog_listing-5762e48bd93fdfb8.rmeta --extern datafusion_common=/work/target/debug/deps/libdatafusion_common-fd93ad5dbcd5d07f.rmeta --extern datafusion_common_runtime=/work/target/debug/deps/libdatafusion_common_runtime-cdd60e6a68d95f41.rmeta --extern datafusion_datasource=/work/target/debug/deps/libdatafusion_datasource-8c2b5ae419f38c1e.rmeta --extern datafusion_datasource_csv=/work/target/debug/deps/libdatafusion_datasource_csv-9611aa1ffe0eed95.rmeta --extern datafusion_datasource_json=/work/target/debug/deps/libdatafusion_datasource_json-82386c53a87efe9c.rmeta --extern datafusion_datasource_parquet=/work/target/debug/deps/libdatafusion_datasource_parquet-1176bc49a169d66a.rmeta --extern datafusion_execution=/work/target/debug/deps/libdatafusion_execution-a2c0ec28501dca2b.rmeta --extern datafusion_expr=/work/target/debug/deps/libdatafusion_expr-7b93e8b8a1939c0a.rmeta --extern datafusion_expr_common=/work/target/debug/deps/libdatafusion_expr_common-3005e6ca7162a129.rmeta --extern datafusion_functions=/work/target/debug/deps/libdatafusion_functions-31347034ec0c7d6f.rmeta --extern datafusion_functions_aggregate=/work/target/debug/deps/libdatafusion_functions_aggregate-4872fc51e0ca93e4.rmeta --extern datafusion_functions_nested=/work/target/debug/deps/libdatafusion_functions_nested-88d3811416626581.rmeta --extern datafusion_functions_table=/work/target/debug/deps/libdatafusion_functions_table-8838a1f453c5082b.rmeta --extern datafusion_functions_window=/work/target/debug/deps/libdatafusion_functions_window-d053b8df2ab6a085.rmeta --extern datafusion_optimizer=/work/target/debug/deps/libdatafusion_optimizer-414262a2abc1ab38.rmeta --extern datafusion_physical_expr=/work/target/debug/deps/libdatafusion_physical_expr-b01bdf506481c117.rmeta --extern datafusion_physical_expr_adapter=/work/target/debug/deps/libdatafusion_physical_expr_adapter-8bbf8927ddfef77b.rmeta --extern datafusion_physical_expr_common=/work/target/debug/deps/libdatafusion_physical_expr_common-ce8a0fea5fe2b496.rmeta --extern datafusion_physical_optimizer=/work/target/debug/deps/libdatafusion_physical_optimizer-a3fc96385692bfff.rmeta --extern datafusion_physical_plan=/work/target/debug/deps/libdatafusion_physical_plan-56479597ac7c195f.rmeta --extern datafusion_session=/work/target/debug/deps/libdatafusion_session-45fa7a9ad59fe23f.rmeta --extern datafusion_sql=/work/target/debug/deps/libdatafusion_sql-035481c8eeaf8f52.rmeta --extern flate2=/work/target/debug/deps/libflate2-02f8980a443a4331.rmeta --extern futures=/work/target/debug/deps/libfutures-ac7c7da181c731af.rmeta --extern itertools=/work/target/debug/deps/libitertools-b9229d5e770bb0a9.rmeta --extern log=/work/target/debug/deps/liblog-b9fcf50dffa3f048.rmeta --extern object_store=/work/target/debug/deps/libobject_store-247f873607a635c7.rmeta --extern parking_lot=/work/target/debug/deps/libparking_lot-d94659161a08da67.rmeta --extern parquet=/work/target/debug/deps/libparquet-b09d89fbdaf0259f.rmeta --extern rand=/work/target/debug/deps/librand-a678609889908172.rmeta --extern regex=/work/target/debug/deps/libregex-e04a0c8a2ff6ee99.rmeta --extern sqlparser=/work/target/debug/deps/libsqlparser-42cc5a7a4f060e00.rmeta --extern tempfile=/work/target/debug/deps/libtempfile-6f240e9d63e8fb5f.rmeta --extern tokio=/work/target/debug/deps/libtokio-d7b67b7161a91c5d.rmeta --extern url=/work/target/debug/deps/liburl-5862d104b722478d.rmeta --extern uuid=/work/target/debug/deps/libuuid-53765d6c1496d63d.rmeta --extern xz2=/work/target/debug/deps/libxz2-d4f514b3e214ee73.rmeta --extern zstd=/work/target/debug/deps/libzstd-ea44ec4522e0cd47.rmeta --cap-lints allow -L native=/work/target/debug/build/zstd-sys-7cb059f3c6ab1cb1/out -L native=/work/target/debug/build/aws-lc-sys-bd24c8912a5110ee/out -L native=/work/target/debug/build/ring-8e0c6db8efc0c12d/out -L native=/work/target/debug/build/psm-bf4a270ddc91093b/out -L native=/work/target/debug/build/bzip2-sys-583c37f52eea31fd/out/lib -L native=/work/target/debug/build/lzma-sys-00c33fd18c15f1c2/out -L native=/work/target/debug/build/blake3-1fad8c728f960609/out`
[1m[32m   Compiling[0m datafusion_iceberg v0.9.0 (/work/datafusion_iceberg)
[1m[32m     Running[0m `/usr/local/rustup/toolchains/1.86.0-aarch64-unknown-linux-gnu/bin/rustc --crate-name datafusion_iceberg --edition=2021 datafusion_iceberg/src/lib.rs --error-format=json --json=diagnostic-rendered-ansi,artifacts,future-incompat --crate-type lib --emit=dep-info,metadata,link -C embed-bitcode=no -C debuginfo=2 --check-cfg 'cfg(docsrs,test)' --check-cfg 'cfg(feature, values())' -C metadata=b805aa973225c48b -C extra-filename=-19935e8c9999c163 --out-dir /work/target/debug/deps -C incremental=/work/target/debug/incremental -L dependency=/work/target/debug/deps --extern async_trait=/work/target/debug/deps/libasync_trait-d0fe424747ac3921.so --extern chrono=/work/target/debug/deps/libchrono-85cc897a59e31a52.rmeta --extern dashmap=/work/target/debug/deps/libdashmap-293903722bee987d.rmeta --extern datafusion=/work/target/debug/deps/libdatafusion-ce57e485aca5eab0.rmeta --extern datafusion_expr=/work/target/debug/deps/libdatafusion_expr-7b93e8b8a1939c0a.rmeta --extern derive_builder=/work/target/debug/deps/libderive_builder-138def0814bd49c9.rmeta --extern futures=/work/target/debug/deps/libfutures-ac7c7da181c731af.rmeta --extern iceberg_rust=/work/target/debug/deps/libiceberg_rust-783ca70480453f53.rmeta --extern itertools=/work/target/debug/deps/libitertools-b9229d5e770bb0a9.rmeta --extern lru=/work/target/debug/deps/liblru-8c8765d84db5151b.rmeta --extern object_store=/work/target/debug/deps/libobject_store-247f873607a635c7.rmeta --extern pin_project_lite=/work/target/debug/deps/libpin_project_lite-489eb5afe2d3bddf.rmeta --extern regex=/work/target/debug/deps/libregex-e04a0c8a2ff6ee99.rmeta --extern serde_json=/work/target/debug/deps/libserde_json-0c1b94d84eed19db.rmeta --extern thiserror=/work/target/debug/deps/libthiserror-78cc097649a50b84.rmeta --extern tokio=/work/target/debug/deps/libtokio-d7b67b7161a91c5d.rmeta --extern tracing=/work/target/debug/deps/libtracing-ab9d44c27d15fd96.rmeta --extern url=/work/target/debug/deps/liburl-5862d104b722478d.rmeta --extern uuid=/work/target/debug/deps/libuuid-53765d6c1496d63d.rmeta -L native=/work/target/debug/build/zstd-sys-7cb059f3c6ab1cb1/out -L native=/work/target/debug/build/aws-lc-sys-bd24c8912a5110ee/out -L native=/work/target/debug/build/ring-8e0c6db8efc0c12d/out -L native=/work/target/debug/build/psm-bf4a270ddc91093b/out -L native=/work/target/debug/build/bzip2-sys-583c37f52eea31fd/out/lib -L native=/work/target/debug/build/lzma-sys-00c33fd18c15f1c2/out -L native=/work/target/debug/build/blake3-1fad8c728f960609/out`
[1m[32m    Finished[0m `dev` profile [unoptimized + debuginfo] target(s) in 4m 14s
cargo test -p iceberg-rust-spec --lib
[1m[32m   Compiling[0m proc-macro2 v1.0.95
[1m[32m   Compiling[0m serde_core v1.0.225
[1m[32m   Compiling[0m serde v1.0.225
[1m[32m   Compiling[0m fnv v1.0.7
[1m[32m   Compiling[0m libc v0.2.175
[1m[32m   Compiling[0m num-traits v0.2.19
[1m[32m   Compiling[0m icu_locid_transform_data v1.5.1
[1m[32m   Compiling[0m typenum v1.18.0
[1m[32m   Compiling[0m getrandom v0.3.2
[1m[32m   Compiling[0m icu_properties_data v1.5.1
[1m[32m   Compiling[0m zerocopy v0.8.25
[1m[32m   Compiling[0m rustversion v1.0.20
[1m[32m   Compiling[0m generic-array v0.14.7
[1m[32m   Compiling[0m icu_normalizer_data v1.5.1
[1m[32m   Compiling[0m prettyplease v0.2.32
[1m[32m   Compiling[0m smallvec v1.15.0
[1m[32m   Compiling[0m serde_json v1.0.140
[1m[32m   Compiling[0m libm v0.2.14
[1m[32m   Compiling[0m bigdecimal v0.4.8
[1m[32m   Compiling[0m memchr v2.7.4
[1m[32m   Compiling[0m quote v1.0.40
[1m[32m   Compiling[0m thiserror v2.0.12
[1m[32m   Compiling[0m ppv-lite86 v0.2.21
[1m[32m   Compiling[0m percent-encoding v2.3.2
[1m[32m   Compiling[0m rust_decimal v1.37.1
[1m[32m   Compiling[0m regex-lite v0.1.6
[1m[32m   Compiling[0m crypto-common v0.1.6
[1m[32m   Compiling[0m block-buffer v0.10.4
[1m[32m   Compiling[0m either v1.15.0
[1m[32m   Compiling[0m syn v2.0.106
[1m[32m   Compiling[0m arrow-schema v56.1.0
[1m[32m   Compiling[0m form_urlencoded v1.2.2
[1m[32m   Compiling[0m digest v0.10.7
[1m[32m   Compiling[0m itertools v0.14.0
[1m[32m   Compiling[0m num-integer v0.1.46
[1m[32m   Compiling[0m rand_core v0.9.3
[1m[32m   Compiling[0m rand_chacha v0.9.0
[1m[32m   Compiling[0m synstructure v0.13.2
[1m[32m   Compiling[0m darling_core v0.20.11
[1m[32m   Compiling[0m rand v0.9.1
[1m[32m   Compiling[0m zerovec-derive v0.10.3
[1m[32m   Compiling[0m serde_derive v1.0.225
[1m[32m   Compiling[0m displaydoc v0.2.5
[1m[32m   Compiling[0m icu_provider_macros v1.5.0
[1m[32m   Compiling[0m thiserror-impl v2.0.12
[1m[32m   Compiling[0m strum_macros v0.27.1
[1m[32m   Compiling[0m derive-getters v0.5.0
[1m[32m   Compiling[0m serde_repr v0.1.20
[1m[32m   Compiling[0m zerofrom-derive v0.1.6
[1m[32m   Compiling[0m yoke-derive v0.7.5
[1m[32m   Compiling[0m darling_macro v0.20.11
[1m[32m   Compiling[0m zerofrom v0.1.6
[1m[32m   Compiling[0m darling v0.20.11
[1m[32m   Compiling[0m yoke v0.7.5
[1m[32m   Compiling[0m derive_builder_core v0.20.2
[1m[32m   Compiling[0m num-bigint v0.4.6
[1m[32m   Compiling[0m uuid v1.18.1
[1m[32m   Compiling[0m serde_bytes v0.11.17
[1m[32m   Compiling[0m ordered-float v5.0.0
[1m[32m   Compiling[0m chrono v0.4.41
[1m[32m   Compiling[0m bon-macros v3.6.3
[1m[32m   Compiling[0m zerovec v0.10.4
[1m[32m   Compiling[0m derive_builder_macro v0.20.2
[1m[32m   Compiling[0m tinystr v0.7.6
[1m[32m   Compiling[0m icu_collections v1.5.0
[1m[32m   Compiling[0m icu_locid v1.5.0
[1m[32m   Compiling[0m icu_provider v1.5.0
[1m[32m   Compiling[0m derive_builder v0.20.2
[1m[32m   Compiling[0m icu_locid_transform v1.5.0
[1m[32m   Compiling[0m icu_properties v1.5.1
[1m[32m   Compiling[0m bon v3.6.3
[1m[32m   Compiling[0m apache-avro v0.18.0
[1m[32m   Compiling[0m icu_normalizer v1.5.0
[1m[32m   Compiling[0m idna_adapter v1.2.0
[1m[32m   Compiling[0m idna v1.1.0
[1m[32m   Compiling[0m url v2.5.7
[1m[32m   Compiling[0m iceberg-rust-spec v0.9.0 (/work/iceberg-rust-spec)
[1m[32m    Finished[0m `test` profile [unoptimized + debuginfo] target(s) in 30.18s
[1m[32m     Running[0m unittests src/lib.rs (target/debug/deps/iceberg_rust_spec-649d544cd9e7d7f1)

running 87 tests
test arrow::schema::tests::test_struct_type_to_arrow_schema_empty ... ok
test arrow::schema::tests::test_arrow_schema_to_struct_type_unsupported_datatype ... ok
test arrow::schema::tests::test_struct_type_to_arrow_schema_list ... ok
test arrow::schema::tests::test_struct_type_to_arrow_schema_map ... ok
test arrow::schema::tests::test_struct_type_to_arrow_schema_complex ... ok
test arrow::schema::tests::test_arrow_schema_to_struct_type_missing_field_id ... ok
test arrow::schema::tests::test_arrow_schema_to_struct_type_invalid_field_id ... ok
test arrow::schema::tests::test_arrow_schema_to_struct_type_simple ... ok
test arrow::schema::tests::test_arrow_schema_to_struct_type_list ... ok
test arrow::schema::tests::test_arrow_schema_to_struct_type_nested ... ok
test arrow::schema::tests::test_nested_field_name ... ok
test arrow::schema::tests::test_struct_type_to_arrow_schema_metadata ... ok
test arrow::schema::tests::test_struct_type_to_arrow_schema_nested ... ok
test arrow::schema::tests::test_struct_type_to_arrow_schema_simple ... ok
test spec::identifier::tests::test_new ... ok
test spec::identifier::tests::test_parse ... ok
test spec::materialized_view_metadata::tests::test_deserialize_materialized_view_metadata_v1 ... ok
test spec::namespace::tests::test_namespace_deserialization ... ok
test spec::manifest::tests::test_partition_values ... ok
test spec::namespace::tests::test_namespace_roundtrip ... ok
test spec::namespace::tests::test_namespace_serialization ... ok
test spec::manifest_list::tests::test_manifest_list_v1 ... ok
test spec::manifest_list::tests::test_manifest_list_v1_reader_default_key_metadata ... ok
test spec::manifest_list::tests::test_manifest_list_v2 ... ok
test spec::namespace::tests::test_new ... ok
test spec::manifest_list::tests::test_manifest_list_v2_reader_default_key_metadata ... ok
test spec::partition::tests::partition_spec ... ok
test spec::schema::tests::schema ... ok
test spec::sort::tests::sort_field ... ok
test spec::sort::tests::sort_order ... ok
test spec::manifest::tests::manifest_entry ... ok
test spec::manifest::tests::test_read_manifest_entry ... ok
test spec::table_metadata::tests::test_deserialize_table_data_v2 ... ok
test spec::table_metadata::tests::test_deserialize_table_data_v1 ... ok
test spec::table_metadata::tests::test_table_metadata_v2_file_valid ... ok
test spec::table_metadata::tests::test_table_metadata_v1_file_valid ... ok
test spec::tabular::tests::test_deserialize_tabular_view_data_v1 ... ok
test spec::types::tests::decimal ... ok
test spec::table_metadata::tests::test_table_metadata_v2_missing_sort_order ... ok
test spec::types::tests::fixed ... ok
test spec::table_metadata::tests::test_table_metadata_v2_file_valid_minimal ... ok
test spec::types::tests::list ... ok
test spec::types::tests::map ... ok
test spec::types::tests::struct_type ... ok
test spec::values::tests::avro_bytes_boolean ... ok
test spec::values::tests::avro_bytes_decimal ... ok
test spec::values::tests::avro_bytes_double ... ok
test spec::values::tests::avro_bytes_float ... ok
test spec::values::tests::avro_bytes_int ... ok
test spec::values::tests::avro_bytes_long ... ok
test spec::values::tests::avro_bytes_string ... ok
test spec::values::tests::json_boolean ... ok
test spec::values::tests::json_date ... ok
test spec::values::tests::json_double ... ok
test spec::values::tests::json_float ... ok
test spec::values::tests::json_int ... ok
test spec::values::tests::json_list ... ok
test spec::values::tests::json_long ... ok
test spec::values::tests::json_map ... ok
test spec::values::tests::json_string ... ok
test spec::values::tests::json_struct ... ok
test spec::values::tests::json_time ... ok
test spec::values::tests::json_timestamp ... ok
test spec::values::tests::json_timestamptz ... ok
test spec::values::tests::json_uuid ... ok
test spec::values::tests::test_sub_string ... ok
test spec::values::tests::test_transform_bucket ... ok
test spec::values::tests::test_transform_day_date ... ok
test spec::values::tests::test_transform_day_timestamp ... ok
test spec::values::tests::test_transform_day_unsupported ... ok
test spec::values::tests::test_transform_hour_timestamp ... ok
test spec::values::tests::test_transform_hour_unsupported ... ok
test spec::values::tests::test_transform_identity ... ok
test spec::values::tests::test_transform_month_date ... ok
test spec::values::tests::test_transform_month_timestamp ... ok
test spec::values::tests::test_transform_month_unsupported ... ok
test spec::values::tests::test_transform_truncate_int ... ok
test spec::values::tests::test_transform_truncate_long_int ... ok
test spec::values::tests::test_transform_truncate_string ... ok
test spec::values::tests::test_transform_truncate_unsupported ... ok
test spec::values::tests::test_transform_year_date ... ok
test spec::values::tests::test_transform_year_timestamp ... ok
test spec::view_metadata::tests::test_deserialize_view_data_v1 ... ok
test util::tests::strip_prefix_behaves_as_expected ... ok
test spec::identifier::tests::test_empty - should panic ... ok
test spec::identifier::tests::test_empty_identifier - should panic ... ok
test spec::namespace::tests::test_empty - should panic ... ok

test result: ok. 87 passed; 0 failed; 0 ignored; 0 measured; 0 filtered out; finished in 0.04s

cargo test -p iceberg-rust --lib
[1m[32m Downloading[0m crates ...
[1m[32m  Downloaded[0m futures-timer v3.0.3
[1m[32m  Downloaded[0m rstest_macros v0.23.0
[1m[32m  Downloaded[0m relative-path v1.9.3
[1m[32m  Downloaded[0m rstest v0.23.0
[1m[32m   Compiling[0m libc v0.2.175
[1m[32m   Compiling[0m serde_core v1.0.225
[1m[32m   Compiling[0m serde v1.0.225
[1m[32m   Compiling[0m num-traits v0.2.19
[1m[32m   Compiling[0m slab v0.4.9
[1m[32m   Compiling[0m tokio-macros v2.5.0
[1m[32m   Compiling[0m crypto-common v0.1.6
[1m[32m   Compiling[0m futures-macro v0.3.31
[1m[32m   Compiling[0m lock_api v0.4.12
[1m[32m   Compiling[0m ahash v0.8.11
[1m[32m   Compiling[0m tracing-attributes v0.1.28
[1m[32m   Compiling[0m semver v1.0.26
[1m[32m   Compiling[0m rustls v0.23.27
[1m[32m   Compiling[0m parking_lot_core v0.9.10
[1m[32m   Compiling[0m darling_core v0.20.11
[1m[32m   Compiling[0m digest v0.10.7
[1m[32m   Compiling[0m rustc_version v0.4.1
[1m[32m   Compiling[0m crossbeam-utils v0.8.21
[1m[32m   Compiling[0m httparse v1.10.1
[1m[32m   Compiling[0m spin v0.9.8
[1m[32m   Compiling[0m jobserver v0.1.33
[1m[32m   Compiling[0m getrandom v0.2.16
[1m[32m   Compiling[0m num-integer v0.1.46
[1m[32m   Compiling[0m socket2 v0.6.0
[1m[32m   Compiling[0m mio v1.0.3
[1m[32m   Compiling[0m num-complex v0.4.6
[1m[32m   Compiling[0m half v2.6.0
[1m[32m   Compiling[0m cc v1.2.21
[1m[32m   Compiling[0m num-iter v0.1.45
[1m[32m   Compiling[0m atoi v2.0.0
[1m[32m   Compiling[0m smallvec v1.15.0
[1m[32m   Compiling[0m num-bigint v0.4.6
[1m[32m   Compiling[0m chrono v0.4.41
[1m[32m   Compiling[0m serde_json v1.0.140
[1m[32m   Compiling[0m either v1.15.0
[1m[32m   Compiling[0m darling_macro v0.20.11
[1m[32m   Compiling[0m futures-util v0.3.31
[1m[32m   Compiling[0m tokio v1.47.0
[1m[32m   Compiling[0m getrandom v0.3.2
[1m[32m   Compiling[0m ring v0.17.14
[1m[32m   Compiling[0m icu_normalizer v1.5.0
[1m[32m   Compiling[0m num-rational v0.4.2
[1m[32m   Compiling[0m bitflags v2.9.0
[1m[32m   Compiling[0m tracing v0.1.41
[1m[32m   Compiling[0m rand_core v0.6.4
[1m[32m   Compiling[0m rand_core v0.9.3
[1m[32m   Compiling[0m zstd-sys v2.0.15+zstd.1.5.7
[1m[32m   Compiling[0m idna_adapter v1.2.0
[1m[32m   Compiling[0m num v0.4.3
[1m[32m   Compiling[0m parking_lot v0.12.3
[1m[32m   Compiling[0m futures-executor v0.3.31
[1m[32m   Compiling[0m cpufeatures v0.2.17
[1m[32m   Compiling[0m rand_chacha v0.9.0
[1m[32m   Compiling[0m rand_chacha v0.3.1
[1m[32m   Compiling[0m arrow-buffer v56.1.0
[1m[32m   Compiling[0m idna v1.1.0
[1m[32m   Compiling[0m tokio-util v0.7.16
[1m[32m   Compiling[0m rustversion v1.0.20
[1m[32m   Compiling[0m concurrent-queue v2.5.0
[1m[32m   Compiling[0m psm v0.1.26
[1m[32m   Compiling[0m serde_urlencoded v0.7.1
[1m[32m   Compiling[0m flatbuffers v25.2.10
[1m[32m   Compiling[0m md-5 v0.10.6
[1m[32m   Compiling[0m arrow-data v56.1.0
[1m[32m   Compiling[0m url v2.5.7
[1m[32m   Compiling[0m h2 v0.4.10
[1m[32m   Compiling[0m socket2 v0.5.9
[1m[32m   Compiling[0m event-listener v5.4.0
[1m[32m   Compiling[0m rand v0.8.5
[1m[32m   Compiling[0m rand v0.9.1
[1m[32m   Compiling[0m arrow-array v56.1.0
[1m[32m   Compiling[0m darling v0.20.11
[1m[32m   Compiling[0m futures-intrusive v0.5.0
[1m[32m   Compiling[0m sha2 v0.10.9
[1m[32m   Compiling[0m tokio-stream v0.1.17
[1m[32m   Compiling[0m crossbeam-queue v0.3.12
[1m[32m   Compiling[0m stacker v0.1.21
[1m[32m   Compiling[0m lazy_static v1.5.0
[1m[32m   Compiling[0m num-bigint-dig v0.8.4
[1m[32m   Compiling[0m derive_builder_core v0.20.2
[1m[32m   Compiling[0m bon-macros v3.6.3
[1m[32m   Compiling[0m hyper v1.6.0
[1m[32m   Compiling[0m libsqlite3-sys v0.30.1
[1m[32m   Compiling[0m tower v0.5.2
[1m[32m   Compiling[0m bigdecimal v0.4.8
[1m[32m   Compiling[0m arrow-select v56.1.0
[1m[32m   Compiling[0m futures v0.3.31
[1m[32m   Compiling[0m itertools v0.14.0
[1m[32m   Compiling[0m hmac v0.12.1
[1m[32m   Compiling[0m hyper-util v0.1.11
[1m[32m   Compiling[0m memchr v2.7.4
[1m[32m   Compiling[0m strum_macros v0.27.1
[1m[32m   Compiling[0m arrow-cast v56.1.0
[1m[32m   Compiling[0m hkdf v0.12.4
[1m[32m   Compiling[0m arrow-ipc v56.1.0
[1m[32m   Compiling[0m aho-corasick v1.1.3
[1m[32m   Compiling[0m snap v1.1.1
[1m[32m   Compiling[0m paste v1.0.15
[1m[32m   Compiling[0m csv v1.3.1
[1m[32m   Compiling[0m derive_builder_macro v0.20.2
[1m[32m   Compiling[0m uuid v1.18.1
[1m[32m   Compiling[0m signature v2.2.0
[1m[32m   Compiling[0m quick-xml v0.38.0
[1m[32m   Compiling[0m serde_bytes v0.11.17
[1m[32m   Compiling[0m ordered-float v2.10.1
[1m[32m   Compiling[0m rustls-webpki v0.103.2
[1m[32m   Compiling[0m async-trait v0.1.89
[1m[32m   Compiling[0m recursive-proc-macro-impl v0.1.1
[1m[32m   Compiling[0m winnow v0.7.9
[1m[32m   Compiling[0m toml_datetime v0.6.9
[1m[32m   Compiling[0m rust_decimal v1.37.1
[1m[32m   Compiling[0m thrift v0.17.0
[1m[32m   Compiling[0m flate2 v1.1.2
[1m[32m   Compiling[0m derive_builder v0.20.2
[1m[32m   Compiling[0m toml_edit v0.22.26
[1m[32m   Compiling[0m rsa v0.9.8
[1m[32m   Compiling[0m arrow-csv v56.1.0
[1m[32m   Compiling[0m regex-automata v0.4.9
[1m[32m   Compiling[0m arrow-json v56.1.0
[1m[32m   Compiling[0m bon v3.6.3
[1m[32m   Compiling[0m tokio-rustls v0.26.2
[1m[32m   Compiling[0m sqlx-core v0.8.5
[1m[32m   Compiling[0m recursive v0.1.1
[1m[32m   Compiling[0m apache-avro v0.18.0
[1m[32m   Compiling[0m arrow-string v56.1.0
[1m[32m   Compiling[0m arrow-ord v56.1.0
[1m[32m   Compiling[0m arrow-row v56.1.0
[1m[32m   Compiling[0m arrow-arith v56.1.0
[1m[32m   Compiling[0m hyper-rustls v0.27.5
[1m[32m   Compiling[0m sha1 v0.10.6
[1m[32m   Compiling[0m ordered-float v5.0.0
[1m[32m   Compiling[0m flume v0.11.1
[1m[32m   Compiling[0m rstest_macros v0.23.0
[1m[32m   Compiling[0m sqlparser_derive v0.3.0
[1m[32m   Compiling[0m reqwest v0.12.15
[1m[32m   Compiling[0m arrow v56.1.0
[1m[32m   Compiling[0m sqlx-sqlite v0.8.5
[1m[32m   Compiling[0m sqlx-mysql v0.8.5
[1m[32m   Compiling[0m sqlx-postgres v0.8.5
[1m[32m   Compiling[0m iceberg-rust-spec v0.9.0 (/work/iceberg-rust-spec)
[1m[32m   Compiling[0m regex v1.11.1
[1m[32m   Compiling[0m zstd-safe v7.2.4
[1m[32m   Compiling[0m proc-macro-crate v3.3.0
[1m[32m   Compiling[0m glob v0.3.2
[1m[32m   Compiling[0m relative-path v1.9.3
[1m[32m   Compiling[0m futures-timer v3.0.3
[1m[32m   Compiling[0m object_store v0.12.3
[1m[32m   Compiling[0m sqlx v0.8.5
[1m[32m   Compiling[0m zstd v0.13.3
[1m[32m   Compiling[0m sqlparser v0.58.0
[1m[32m   Compiling[0m parquet v56.1.0
[1m[32m   Compiling[0m rstest v0.23.0
[1m[32m   Compiling[0m iceberg-rust v0.9.0 (/work/iceberg-rust)
[1m[32m   Compiling[0m iceberg-sql-catalog v0.9.0 (/work/catalogs/iceberg-sql-catalog)
[1m[32m    Finished[0m `test` profile [unoptimized + debuginfo] target(s) in 1m 14s
[1m[32m     Running[0m unittests src/lib.rs (target/debug/deps/iceberg_rust-517c260bb83fd520)

running 73 tests
test arrow::transform::tests::test_bucket_hash_value ... ok
test arrow::transform::tests::test_identity_transform ... ok
test arrow::transform::tests::test_date32_day_transform ... ok
test arrow::transform::tests::test_int32_truncate_transform ... ok
test arrow::transform::tests::test_int32_bucket_transform ... ok
test arrow::transform::tests::test_int64_bucket_transform ... ok
test arrow::transform::tests::test_int16_truncate_transform ... ok
test arrow::transform::tests::test_timestamp_micro_day_transform ... ok
test arrow::transform::tests::test_date32_bucket_transform ... ok
test arrow::transform::tests::test_timestamp_micro_hour_transform ... ok
test arrow::transform::tests::test_time32_bucket_transform ... ok
test arrow::transform::tests::test_int64_truncate_transform ... ok
test arrow::transform::tests::test_date32_month_transform ... ok
test arrow::transform::tests::test_date32_year_transform ... ok
test arrow::transform::tests::test_timestamp_micro_month_transform ... ok
test arrow::transform::tests::test_timestamp_micro_year_transform ... ok
test arrow::transform::tests::test_unsupported_transform ... ok
test arrow::write::tests::test_generate_partition_location_success ... ok
test arrow::transform::tests::test_utf8_bucket_transform ... ok
test object_store::store::tests::test_parse_metadata_empty_bytes ... ok
test object_store::store::tests::test_parse_metadata_gzipped_empty_bytes ... ok
test object_store::store::tests::test_parse_metadata_invalid_gzipped_data ... ok
test object_store::store::tests::test_parse_metadata_invalid_json ... ok
test object_store::store::tests::test_parse_metadata_table_plain_json ... ok
test object_store::store::tests::test_parse_metadata_table_gzipped_json ... ok
test object_store::store::tests::test_parse_metadata_view_gzipped_json ... ok
test object_store::store::tests::test_parse_metadata_view_plain_json ... ok
test object_store::store::tests::test_version_hint_path_empty_string ... ok
test object_store::store::tests::test_version_hint_path_normal_case ... ok
test object_store::store::tests::test_version_hint_path_relative ... ok
test object_store::store::tests::test_version_hint_path_single_file ... ok
test object_store::store::tests::test_version_hint_content::case_3_metastore_format_with_gzip ... ok
test object_store::store::tests::test_version_hint_content::case_2_metastore_format_no_gzip ... ok
test object_store::store::tests::test_version_hint_content::case_1_file_format ... ok
test object_store::store::tests::test_version_hint_path_with_multiple_extensions ... ok
test object_store::store::tests::test_version_hint_path_with_special_characters ... ok
test object_store::tests::test_from_path_azure_blob ... ok
test object_store::tests::test_from_path_azure_dfs ... ok
test object_store::tests::test_from_path_azure_fabric_blob ... ok
test object_store::tests::test_from_path_azure_fabric_dfs ... ok
test object_store::tests::test_from_path_gcs ... ok
test object_store::tests::test_from_path_gs ... ok
test object_store::tests::test_from_path_https_non_azure ... ok
test object_store::tests::test_from_path_local ... ok
test object_store::tests::test_from_path_s3 ... ok
test object_store::tests::test_from_path_s3a ... ok
test util::tests::test_cmp_dist_empty_slices ... ok
test util::tests::test_cmp_dist_equal_slices ... ok
test util::tests::test_cmp_dist_greater_than ... ok
test util::tests::test_cmp_dist_less_than ... ok
test util::tests::test_expand_with_node_equal_values ... ok
test util::tests::test_expand_with_node_larger_values ... ok
test util::tests::test_expand_with_node_mixed_values ... ok
test util::tests::test_expand_with_node_smaller_values ... ok
test util::tests::test_rectangle_cmp_with_priority_equal ... ok
test util::tests::test_rectangle_cmp_with_priority_greater ... ok
test util::tests::test_rectangle_cmp_with_priority_less ... ok
test util::tests::test_rectangle_cmp_with_priority_overlapping ... ok
test util::tests::test_rectangle_cmp_with_priority_partial_dimensions ... ok
test util::tests::test_rectangle_expand ... ok
test util::tests::test_rectangle_expand_empty ... ok
test util::tests::test_rectangle_expand_no_change ... ok
test util::tests::test_rectangle_expand_single_dimension ... ok
test util::tests::test_sub_empty ... ok
test util::tests::test_sub_same_numbers ... ok
test util::tests::test_sub_valid ... ok
test view::transaction::operation::tests::test_upsert_representations ... ok
test object_store::parse::tests::test_azure_config_basic ... ok
test object_store::parse::tests::test_azure_config_with_http_endpoint ... ok
test object_store::parse::tests::test_gcs_config_with_service_account ... ok
test object_store::parse::tests::test_s3_config_basic ... ok
test object_store::parse::tests::test_gcs_config_with_oauth_token ... ok
test object_store::parse::tests::test_s3_config_with_http_endpoint ... ok

test result: ok. 73 passed; 0 failed; 0 ignored; 0 measured; 0 filtered out; finished in 0.06s

cargo test -p datafusion_iceberg --tests -j 2 && cargo clean -p datafusion_iceberg
[1m[32m Downloading[0m crates ...
[1m[32m  Downloaded[0m structmeta-derive v0.3.0
[1m[32m  Downloaded[0m pyo3-macros v0.25.1
[1m[32m  Downloaded[0m memoffset v0.9.1
[1m[32m  Downloaded[0m fallible-streaming-iterator v0.1.9
[1m[32m  Downloaded[0m tar v0.4.44
[1m[32m  Downloaded[0m unindent v0.2.4
[1m[32m  Downloaded[0m hyperlocal v0.9.1
[1m[32m  Downloaded[0m parse-display v0.9.1
[1m[32m  Downloaded[0m etcetera v0.8.0
[1m[32m  Downloaded[0m structmeta v0.3.0
[1m[32m  Downloaded[0m indoc v2.0.6
[1m[32m  Downloaded[0m filetime v0.2.25
[1m[32m  Downloaded[0m docker_credential v1.3.2
[1m[32m  Downloaded[0m cast v0.3.0
[1m[32m  Downloaded[0m xattr v1.5.0
[1m[32m  Downloaded[0m tokio-tar v0.3.1
[1m[32m  Downloaded[0m bollard-stubs v1.47.1-rc.27.3.1
[1m[32m  Downloaded[0m testcontainers v0.23.3
[1m[32m  Downloaded[0m pyo3-macros-backend v0.25.1
[1m[32m  Downloaded[0m target-lexicon v0.13.3
[1m[32m  Downloaded[0m pyo3-ffi v0.25.1
[1m[32m  Downloaded[0m pyo3-build-config v0.25.1
[1m[32m  Downloaded[0m bollard v0.18.1
[1m[32m  Downloaded[0m parse-display-derive v0.9.1
[1m[32m  Downloaded[0m fallible-iterator v0.3.0
[1m[32m  Downloaded[0m pyo3 v0.25.1
[1m[32m  Downloaded[0m testcontainers-modules v0.11.6
[1m[32m  Downloaded[0m duckdb v1.4.0
[1m[32m  Downloaded[0m libduckdb-sys v1.4.0
[1m[32m   Compiling[0m serde_core v1.0.225
[1m[32m   Compiling[0m parse-zoneinfo v0.3.1
[1m[32m   Compiling[0m chrono-tz-build v0.4.1
[1m[32m   Compiling[0m serde v1.0.225
[1m[32m   Compiling[0m chrono-tz v0.10.3
[1m[32m   Compiling[0m bitflags v2.9.0
[1m[32m   Compiling[0m serde_json v1.0.140
[1m[32m   Compiling[0m num-integer v0.1.46
[1m[32m   Compiling[0m tokio v1.47.0
[1m[32m   Compiling[0m smallvec v1.15.0
[1m[32m   Compiling[0m futures-util v0.3.31
[1m[32m   Compiling[0m num-iter v0.1.45
[1m[32m   Compiling[0m num-bigint v0.4.6
[1m[32m   Compiling[0m ring v0.17.14
[1m[32m   Compiling[0m num-rational v0.4.2
[1m[32m   Compiling[0m chrono v0.4.41
[1m[32m   Compiling[0m icu_normalizer v1.5.0
[1m[32m   Compiling[0m num v0.4.3
[1m[32m   Compiling[0m flatbuffers v25.2.10
[1m[32m   Compiling[0m arrow-schema v56.1.0
[1m[32m   Compiling[0m rustls v0.23.27
[1m[32m   Compiling[0m arrow-buffer v56.1.0
[1m[32m   Compiling[0m rustls-webpki v0.103.2
[1m[32m   Compiling[0m idna_adapter v1.2.0
[1m[32m   Compiling[0m either v1.15.0
[1m[32m   Compiling[0m idna v1.1.0
[1m[32m   Compiling[0m arrow-data v56.1.0
[1m[32m   Compiling[0m url v2.5.7
[1m[32m   Compiling[0m tokio-util v0.7.16
[1m[32m   Compiling[0m arrow-array v56.1.0
[1m[32m   Compiling[0m h2 v0.4.10
[1m[32m   Compiling[0m openssl-sys v0.9.108
[1m[32m   Compiling[0m parking_lot_core v0.9.10
[1m[32m   Compiling[0m hyper v1.6.0
[1m[32m   Compiling[0m zstd-sys v2.0.15+zstd.1.5.7
[1m[32m   Compiling[0m hyper-util v0.1.11
[1m[32m   Compiling[0m arrow-select v56.1.0
[1m[32m   Compiling[0m parking_lot v0.12.3
[1m[32m   Compiling[0m serde_urlencoded v0.7.1
[1m[32m   Compiling[0m futures-executor v0.3.31
[1m[32m   Compiling[0m foreign-types-shared v0.1.1
[1m[32m   Compiling[0m openssl v0.10.72
[1m[32m   Compiling[0m foreign-types v0.3.2
[1m[32m   Compiling[0m tokio-rustls v0.26.2
[1m[32m   Compiling[0m openssl-macros v0.1.1
[1m[32m   Compiling[0m native-tls v0.2.14
[1m[32m   Compiling[0m zstd-safe v7.2.4
[1m[32m   Compiling[0m hyper-rustls v0.27.5
[1m[32m   Compiling[0m zstd v0.13.3
[1m[32m   Compiling[0m futures v0.3.31
[1m[32m   Compiling[0m arrow-cast v56.1.0
[1m[32m   Compiling[0m md-5 v0.10.6
[1m[32m   Compiling[0m getrandom v0.2.16
[1m[32m   Compiling[0m ahash v0.8.11
[1m[32m   Compiling[0m psm v0.1.26
[1m[32m   Compiling[0m tokio-native-tls v0.3.1
[1m[32m   Compiling[0m tower v0.5.2
[1m[32m   Compiling[0m stacker v0.1.21
[1m[32m   Compiling[0m arrow-ipc v56.1.0
[1m[32m   Compiling[0m hyper-tls v0.6.0
[1m[32m   Compiling[0m itertools v0.14.0
[1m[32m   Compiling[0m csv v1.3.1
[1m[32m   Compiling[0m encoding_rs v0.8.35
[1m[32m   Compiling[0m reqwest v0.12.15
[1m[32m   Compiling[0m arrow-csv v56.1.0
[1m[32m   Compiling[0m arrow-json v56.1.0
[1m[32m   Compiling[0m arrow-ord v56.1.0
[1m[32m   Compiling[0m arrow-string v56.1.0
[1m[32m   Compiling[0m arrow-arith v56.1.0
[1m[32m   Compiling[0m arrow-row v56.1.0
[1m[32m   Compiling[0m quick-xml v0.38.0
[1m[32m   Compiling[0m object_store v0.12.3
[1m[32m   Compiling[0m recursive v0.1.1
[1m[32m   Compiling[0m arrow v56.1.0
[1m[32m   Compiling[0m sqlparser v0.58.0
[1m[32m   Compiling[0m parquet v56.1.0
[1m[32m   Compiling[0m crossbeam-utils v0.8.21
[1m[32m   Compiling[0m hashbrown v0.14.5
[1m[32m   Compiling[0m datafusion-common v50.0.0
[1m[32m   Compiling[0m datafusion-expr-common v50.0.0
[1m[32m   Compiling[0m datafusion-physical-expr-common v50.0.0
[1m[32m   Compiling[0m rustix v1.0.7
[1m[32m   Compiling[0m datafusion-functions-aggregate-common v50.0.0
[1m[32m   Compiling[0m datafusion-functions-window-common v50.0.0
[1m[32m   Compiling[0m datafusion-expr v50.0.0
[1m[32m   Compiling[0m sha2 v0.10.9
[1m[32m   Compiling[0m uuid v1.18.1
[1m[32m   Compiling[0m tempfile v3.19.1
[1m[32m   Compiling[0m bigdecimal v0.4.8
[1m[32m   Compiling[0m datafusion-physical-expr v50.0.0
[1m[32m   Compiling[0m dashmap v6.1.0
[1m[32m   Compiling[0m datafusion-execution v50.0.0
[1m[32m   Compiling[0m blake3 v1.8.2
[1m[32m   Compiling[0m bzip2-sys v0.1.13+1.0.8
[1m[32m   Compiling[0m lzma-sys v0.1.20
[1m[32m   Compiling[0m datafusion-macros v50.0.0
[1m[32m   Compiling[0m target-lexicon v0.13.3
[1m[32m   Compiling[0m blake2 v0.10.6
[1m[32m   Compiling[0m datafusion-functions v50.0.0
[1m[32m   Compiling[0m datafusion-common-runtime v50.0.0
[1m[32m   Compiling[0m datafusion-physical-plan v50.0.0
[1m[32m   Compiling[0m pyo3-build-config v0.25.1
[1m[32m   Compiling[0m bzip2 v0.5.2
[1m[32m   Compiling[0m xz2 v0.1.7
[1m[32m   Compiling[0m datafusion-sql v50.0.0
[1m[32m   Compiling[0m datafusion-session v50.0.0
[1m[32m   Compiling[0m async-compression v0.4.19
[1m[32m   Compiling[0m datafusion-physical-expr-adapter v50.0.0
[1m[32m   Compiling[0m datafusion-datasource v50.0.0
[1m[32m   Compiling[0m tokio-stream v0.1.17
[1m[32m   Compiling[0m filetime v0.2.25
[1m[32m   Compiling[0m strum v0.27.1
[1m[32m   Compiling[0m datafusion-catalog v50.0.0
[1m[32m   Compiling[0m concurrent-queue v2.5.0
[1m[32m   Compiling[0m event-listener v5.4.0
[1m[32m   Compiling[0m rust_decimal v1.37.1
[1m[32m   Compiling[0m serde_with_macros v3.12.0
[1m[32m   Compiling[0m crossbeam-queue v0.3.12
[1m[32m   Compiling[0m futures-intrusive v0.5.0
[1m[32m   Compiling[0m serde_bytes v0.11.17
[1m[32m   Compiling[0m apache-avro v0.18.0
[1m[32m   Compiling[0m sqlx-core v0.8.5
[1m[32m   Compiling[0m serde_with v3.12.0
[1m[32m   Compiling[0m xattr v1.5.0
[1m[32m   Compiling[0m miniz_oxide v0.8.8
[1m[32m   Compiling[0m ordered-float v5.0.0
[1m[32m   Compiling[0m structmeta-derive v0.3.0
[1m[32m   Compiling[0m pin-project-internal v1.1.10
[1m[32m   Compiling[0m iceberg-rust-spec v0.9.0 (/work/iceberg-rust-spec)
[1m[32m   Compiling[0m pin-project v1.1.10
[1m[32m   Compiling[0m structmeta v0.3.0
[1m[32m   Compiling[0m libsqlite3-sys v0.30.1
[1m[32m   Compiling[0m flate2 v1.1.2
[1m[32m   Compiling[0m tar v0.4.44
[1m[32m   Compiling[0m num-bigint-dig v0.8.4
[1m[32m   Compiling[0m pyo3-macros-backend v0.25.1
[1m[32m   Compiling[0m pyo3-ffi v0.25.1
[1m[32m   Compiling[0m datafusion-pruning v50.0.0
[1m[32m   Compiling[0m datafusion-functions-aggregate v50.0.0
[1m[32m   Compiling[0m ring v0.16.20
[1m[32m   Compiling[0m aws-smithy-types v0.33.1
[1m[32m   Compiling[0m iceberg-rust v0.9.0 (/work/iceberg-rust)
[1m[32m   Compiling[0m datafusion-physical-optimizer v50.0.0
[1m[32m   Compiling[0m rsa v0.9.8
[1m[32m   Compiling[0m libduckdb-sys v1.4.0
[1m[32m   Compiling[0m hyper v0.14.32
[1m[32m   Compiling[0m parse-display-derive v0.9.1
[1m[32m   Compiling[0m bollard-stubs v1.47.1-rc.27.3.1
[1m[32m   Compiling[0m hyperlocal v0.9.1
[1m[32m   Compiling[0m bytes-utils v0.1.4
[1m[32m   Compiling[0m memoffset v0.9.1
[1m[32m   Compiling[0m bollard v0.18.1
[1m[32m   Compiling[0m docker_credential v1.3.2
[1m[32m   Compiling[0m aws-smithy-http v0.33.1
[1m[32m   Compiling[0m tokio-tar v0.3.1
[1m[32m   Compiling[0m sqlx-mysql v0.8.5
[1m[32m   Compiling[0m sqlx-sqlite v0.8.5
[1m[32m   Compiling[0m parse-display v0.9.1
[1m[32m   Compiling[0m datafusion-datasource-parquet v50.0.0
[1m[32m   Compiling[0m datafusion-functions-nested v50.0.0
[1m[32m   Compiling[0m sqlx-postgres v0.8.5
[1m[32m   Compiling[0m datafusion-catalog-listing v50.0.0
[1m[32m   Compiling[0m datafusion-functions-table v50.0.0
[1m[32m   Compiling[0m datafusion-datasource-json v50.0.0
[1m[32m   Compiling[0m datafusion-datasource-csv v50.0.0
[1m[32m   Compiling[0m etcetera v0.8.0
[1m[32m   Compiling[0m pyo3 v0.25.1
[1m[32m   Compiling[0m datafusion-functions-window v50.0.0
[1m[32m   Compiling[0m datafusion-optimizer v50.0.0
[1m[32m   Compiling[0m datafusion v50.0.0
[1m[32m   Compiling[0m testcontainers v0.23.3
[1m[32m   Compiling[0m sqlx v0.8.5
[1m[32m   Compiling[0m pyo3-macros v0.25.1
[1m[32m   Compiling[0m aws-sigv4 v0.3.1
[1m[32m   Compiling[0m tracing-futures v0.2.5
[1m[32m   Compiling[0m fallible-streaming-iterator v0.1.9
[1m[32m   Compiling[0m cast v0.3.0
[1m[32m   Compiling[0m fallible-iterator v0.3.0
[1m[32m   Compiling[0m indoc v2.0.6
[1m[32m   Compiling[0m unindent v0.2.4
[1m[32m   Compiling[0m iceberg-rest-catalog v0.9.0 (/work/catalogs/iceberg-rest-catalog)
[1m[32m   Compiling[0m iceberg-sql-catalog v0.9.0 (/work/catalogs/iceberg-sql-catalog)
[1m[32m   Compiling[0m testcontainers-modules v0.11.6
[1m[32m   Compiling[0m datafusion_iceberg v0.9.0 (/work/datafusion_iceberg)
[1m[32m   Compiling[0m duckdb v1.4.0
[0m[1m[38;5;9merror[0m[0m[1m: linking with `cc` failed: exit status: 1[0m
[0m  [0m[0m[1m[38;5;12m|[0m
[0m  [0m[0m[1m[38;5;12m= [0m[0m[1mnote[0m[0m:  "cc" "/tmp/rustcDNvoux/symbols.o" "<138 object files omitted>" "-Wl,--as-needed" "-Wl,-Bstatic" "<sysroot>/lib/rustlib/aarch64-unknown-linux-gnu/lib/{libtest-*,libgetopts-*,libunicode_width-*,librustc_std_workspace_std-*}.rlib" "/work/target/debug/deps/{libdatafusion_iceberg-e89f42e3415c19e2.rlib,libpyo3-c23f1da47677d27b.rlib,libmemoffset-de339b24c65c3c88.rlib,libpyo3_ffi-f939f5d4a07575ab.rlib,libunindent-16930910340a3ee6.rlib,libiceberg_sql_catalog-6b32d79fa12a69c0.rlib,libsqlx-269774a70f055a33.rlib,libsqlx_sqlite-bae240afba38de5d.rlib,libflume-71ebe2cf23194cc8.rlib,libfutures_intrusive-1bbb6bd96fa26374.rlib,liblibsqlite3_sys-2b4c65435d855fed.rlib,libsqlx_postgres-aa10b1923e033145.rlib,libwhoami-d970e034d05fbc2f.rlib,libhome-fcd2fec9400dd1f3.rlib,libstringprep-6d54abc7b0cd5a13.rlib,libunicode_properties-0f1db90f338f6e81.rlib,libunicode_normalization-1505a981e27b940f.rlib,libtinyvec-7cb2592ac74bbdbf.rlib,libtinyvec_macros-b6fc781d159cb53b.rlib,libunicode_bidi-9c45c22662ed07c0.rlib,libhkdf-b9c50bc501162373.rlib,libhmac-9f66939c0beb406f.rlib,libsqlx_mysql-00fec5b7d02290ab.rlib,libsha1-53f648bb5355a51c.rlib,librsa-a6ce8c26dc754a31.rlib,libpkcs1-4ebf729b6a3d543b.rlib,libpkcs8-29023219ab5693a5.rlib,libspki-28e0a3373f1e8184.rlib,libder-15a3a7ac3c9aa7fa.rlib,libpem_rfc7468-7fb93ae6ccd28cc1.rlib,libbase64ct-16d74ed42a11fccb.rlib,libsignature-7710918e497788b5.rlib,libnum_bigint_dig-92509717104ef8b5.rlib,librand-4353c3d82baa5ea8.rlib,librand_chacha-1cbc3f42af8db0e7.rlib,librand_core-3632972918f2503b.rlib,libsqlx_core-1d3b8ddeb180f2d3.rlib,libwebpki_roots-7d64faf5323f93b3.rlib,libhashlink-15f18996fbfc4c70.rlib,libcrossbeam_queue-9a21466aaa153604.rlib,libevent_listener-07cf3e040c50dc70.rlib,libparking-51b9adec0d1a81cd.rlib,libiceberg_rust-51e952441046bdfd.rlib,liblazy_static-8fe60b5543d1fbcb.rlib,libspin-affd2d394170523c.rlib,liblru-8c8765d84db5151b.rlib,libiceberg_rust_spec-4fb7ec74ad57435c.rlib,libmurmur3-54a4e092d4b96bb9.rlib,librust_decimal-fa0a49f7fb38b53d.rlib,libordered_float-23bdf0a8aae23f3d.rlib,libderive_builder-138def0814bd49c9.rlib,libapache_avro-be802a2809451ee4.rlib,libstrum-2385d0396f1372ba.rlib,libserde_bytes-b8dd982d3f1fb620.rlib,libbon-303874592b073041.rlib,libregex_lite-fe1a44e6360548f4.rlib,libdatafusion-52d264a56c0e12f0.rlib,libdatafusion_functions_table-a5835631bb6bb2fb.rlib,libdatafusion_functions_window-45259aabf13fd206.rlib,libdatafusion_functions_nested-1edd2e0ba2e0bd50.rlib,libdatafusion_physical_optimizer-d9a477920f3a1001.rlib,libdatafusion_optimizer-c2233eb9bb11486c.rlib,libdatafusion_catalog_listing-3b9e9e61c04e005f.rlib,libdatafusion_datasource_parquet-1010136370236d26.rlib,libdatafusion_pruning-79c4a54c3a05ab4a.rlib,libdatafusion_datasource_json-0cbc23ab7b7ed655.rlib,libdatafusion_datasource_csv-caaf2d7ba1c6b50d.rlib,libdatafusion_sql-64f10f56aa3c187c.rlib,libbigdecimal-8d191343a846f9b6.rlib,liblibm-47b8d2aaaf677f28.rlib,libdatafusion_catalog-193bde850292406c.rlib,libdatafusion_datasource-71f558573d187a0d.rlib,libglob-b0d4ee105be164a3.rlib,libdatafusion_physical_expr_adapter-bf058c5632b1a931.rlib,libdatafusion_session-566280403c6b325f.rlib,libbzip2-df23c12c2b23552d.rlib,liblibbz2_rs_sys-b9ac2fbb454b233b.rlib,libasync_compression-cb0c2407acd9a007.rlib,libxz2-d4f514b3e214ee73.rlib,liblzma_sys-6b58a87c224a63d9.rlib,libbzip2-37b00a6df5af6b01.rlib,libbzip2_sys-f88c35993dccfcae.rlib,libdatafusion_physical_plan-956d06503e27b1f6.rlib,libdatafusion_common_runtime-b48ff531b6d7a709.rlib,libdatafusion_functions_aggregate-12df3bdcef00d372.rlib,libdatafusion_physical_expr-ccf1ef144c8d4624.rlib,libpetgraph-8d19f6bd24a1d89e.rlib,libfixedbitset-82cbc98b22778b5a.rlib,libdatafusion_functions-8ca6e6174e9955e0.rlib,libhex-b91ed9c800ce79f7.rlib,libsha2-07be730302790482.rlib,libblake3-4b67e64e5e47eae7.rlib,libconstant_time_eq-4e337d46595cec7f.rlib,libarrayvec-27df31c51735493c.rlib,libarrayref-d920fe879748675e.rlib,libblake2-d34fb60abffac048.rlib,libuuid-53765d6c1496d63d.rlib,libatomic-b1f018289d4b826b.rlib,libbytemuck-27c807e3d2a1b8d9.rlib,libdatafusion_execution-1adfe39368344384.rlib,libtempfile-6f240e9d63e8fb5f.rlib,libfastrand-a6a53ffe1420978b.rlib,librustix-caa682b3201a7f30.rlib,liblinux_raw_sys-21e368f3b875fe5b.rlib,libdashmap-293903722bee987d.rlib,libcrossbeam_utils-060241e66be16762.rlib,libdatafusion_expr-d3004f5081af9857.rlib,libdatafusion_functions_aggregate_common-0bba03865acf1bac.rlib,libdatafusion_functions_window_common-f9d854b421cf093a.rlib,libdatafusion_doc-49b4af3b1e0a30b7.rlib,libdatafusion_physical_expr_common-e6f8112b336b8404.rlib,libdatafusion_expr_common-d79ebf09fcf46927.rlib,libdatafusion_common-327283a4f6b64300.rlib,libhashbrown-d7a94fb365109ebd.rlib,libparquet-a79c5d54037943f3.rlib,libbrotli-70871d86a84b1f8f.rlib,libbrotli_decompressor-b864d2cc835436c8.rlib,liballoc_stdlib-0026f8ddc683add0.rlib,liballoc_no_stdlib-6ef44570f2d0f087.rlib,libflate2-02f8980a443a4331.rlib,libminiz_oxide-06f94ec6dfff3c63.rlib,libadler2-2f81339dd8c32ae6.rlib,liblibz_rs_sys-ac6f6859dcb49a96.rlib,libzlib_rs-dbd67fb7a2d61b79.rlib,libcrc32fast-d99b086d786de145.rlib,libsnap-49d1b02e94347fdf.rlib,libtwox_hash-336451cd7e486aad.rlib,libobject_store-8fdd3550a20631a4.rlib,libhumantime-07fd1db124b56527.rlib,libthiserror-78cc097649a50b84.rlib,libwalkdir-9537dece5334bb64.rlib,libsame_file-398ab7d66265abe7.rlib,libparking_lot-d94659161a08da67.rlib,libparking_lot_core-f42a534ceb4ceeca.rlib,liblock_api-9103886146cd5a80.rlib,libscopeguard-ac5a068e49a161a1.rlib,librand-a678609889908172.rlib,librand_chacha-1d211b35ee0678a9.rlib,libppv_lite86-fac0d0bc103da390.rlib,libzerocopy-7a493a164270ca75.rlib,librand_core-6e3070bb471df079.rlib,libgetrandom-51884759767b25c9.rlib,libquick_xml-73795949516f9a73.rlib,libmd5-0acf50ca0f8c3a3d.rlib,libdigest-d240c95a8ab84e71.rlib,libconst_oid-fdf12afda8cc3945.rlib,libblock_buffer-78bde17e30c67005.rlib,libcrypto_common-03a2293815ac6528.rlib,libgeneric_array-d49451644875c7ef.rlib,libtypenum-51687d2f5ad949db.rlib,libitertools-b9229d5e770bb0a9.rlib,libeither-562436f9042728fb.rlib,libreqwest-54d6dea0e94240f1.rlib,libserde_urlencoded-5add6978f4f0eef5.rlib,librustls_pemfile-772cadf63d52bb14.rlib,libipnet-b78ef1f5d8ab3c91.rlib,libhyper_rustls-4364329c6ac66d43.rlib,librustls_native_certs-f4cd54b15151a26a.rlib,libhyper_tls-25bdd077f4cf35a5.rlib,libtokio_native_tls-aa34d4f5c6a8d0c2.rlib,libtokio_rustls-0c9541d8eec1be78.rlib,librustls-562f569d24f97268.rlib,libsubtle-cec5c82d83114130.rlib,libwebpki-96fc0828f87f3ba3.rlib,libring-d2eb826f5138eb5c.rlib,libuntrusted-ccac08fe448c8f54.rlib,libzeroize-adb892c59a9f27ec.rlib,librustls_pki_types-c8edff32b96bb94f.rlib,libencoding_rs-3ad90397ce978820.rlib,libmime_guess-3863f1ce6bc4ec74.rlib,libunicase-89a04ff7051f2752.rlib,libmime-7ef63734cfc9451b.rlib,libtower-a3f875d2f58f39f4.rlib,libsync_wrapper-be66c4569b9c78dc.rlib,libtower_layer-183c8eb51c434014.rlib,libnative_tls-35de7f9791c5ef20.rlib,libopenssl_probe-f21dc1f0eeafbcd9.rlib,libopenssl-10783cb2c2c856ab.rlib,libforeign_types-3edc07cc37fc2ee4.rlib,libforeign_types_shared-89518790a38891d3.rlib,libopenssl_sys-0d242c7b25665d8f.rlib,libhyper_util-1a4b29b33426916c.rlib,libsocket2-7068fc6bc6756dd0.rlib,libtower_service-3167d1a01e43302f.rlib,libhyper-710c0622669d4aec.rlib,libwant-dd1029b07834139a.rlib,libtry_lock-b2c5ed7ada0bee24.rlib,libhttparse-8f79899ba9c7761d.rlib,libh2-22906b5f3bcaffe7.rlib,libtracing-ab9d44c27d15fd96.rlib,libtracing_core-5b505ede2a43e494.rlib,libatomic_waker-7f616f7fe84bddf7.rlib,libhttpdate-904a2f0d4d5f22be.rlib,libtokio_util-dd7e173a7a9b4c15.rlib,libhttp_body_util-0cbcb10032179b5c.rlib,libhttp_body-621718221c729043.rlib,liburl-5862d104b722478d.rlib,libidna-b4a2bfa873f72459.rlib,libidna_adapter-98e2eda4a0cad4f5.rlib,libicu_normalizer-c8f6850cb17b3d23.rlib,libicu_normalizer_data-ef37a4f96cdd0d4a.rlib,libwrite16-603014b83c165e4d.rlib,libutf8_iter-5aa5bbeedc00feee.rlib,libutf16_iter-c12c059ed6d41fd5.rlib,libsmallvec-4aaa278677b0235a.rlib,libicu_properties-f430f4f810c80f96.rlib,libicu_properties_data-e4a73c51738cded1.rlib,libicu_locid_transform-01239affc995dfff.rlib,libicu_locid_transform_data-a3aabc0c2a2e8ea4.rlib,libicu_collections-f2f9f6eb67df46b6.rlib,libicu_provider-8a315ea184aed30f.rlib,libicu_locid-d347026ec9d576dd.rlib,liblitemap-64fec81763898b17.rlib,libtinystr-f4e9f9f0573e8927.rlib,libzerovec-702df5e195d473c7.rlib,libwriteable-185a3831d9113684.rlib,libyoke-1d2c6381b4570283.rlib,libzerofrom-aa666b5420c8028d.rlib,libstable_deref_trait-6ea37ae420112eee.rlib,libform_urlencoded-15a074f68b3f9381.rlib,libpercent_encoding-68d8dbd3afa04ab5.rlib,libhttp-bc84ffa0ce9e08c1.rlib,libfnv-b7b4eec70cbc12ab.rlib,libtokio-7f2140e2d46f9f38.rlib,libsocket2-4da8fc9c33e6ed8e.rlib,libmio-35391971456a4897.rlib,libfutures-6c6dc4a54fc59485.rlib,libfutures_executor-915c9d91881d9f43.rlib,libfutures_util-5311e28df3adcbe0.rlib,libfutures_io-79e971d42e88061a.rlib,libslab-15ce33a5326b04e6.rlib,libfutures_channel-88df6a0f03d53ee4.rlib,libpin_project_lite-489eb5afe2d3bddf.rlib,libfutures_sink-06a4bc4e92cdd000.rlib,libfutures_task-28cf6c7d15f75dd5.rlib,libpin_utils-5adeda489b1522e2.rlib,libfutures_core-2a3a0b2e17309ffd.rlib,libthrift-6159d4a647b12694.rlib,libordered_float-6176f7a81d9a317b.rlib,libinteger_encoding-a3e43144135fec03.rlib,libbyteorder-8ff8374bf7425247.rlib,libarrow-a2738ebfd85392d9.rlib,libarrow_row-897eb4482e5489c7.rlib,libarrow_json-07bfda9723ef2199.rlib,libsimdutf8-26f60240de48a049.rlib,libindexmap-9a85cd7b101e1bbc.rlib,libarrow_ipc-6a67810d84e8a810.rlib,libzstd-ea44ec4522e0cd47.rlib,libzstd_safe-26deab1d6e67ab84.rlib,libzstd_sys-977ce85befaec3bc.rlib,liblz4_flex-aabf97b021ca5493.rlib,libtwox_hash-05221e7aad31da82.rlib,libflatbuffers-5eb5ae9fdda5378d.rlib,libarrow_csv-293d33fbc8e873f8.rlib,libcsv-cff7551305684edf.rlib,libcsv_core-3fb1a9b7acb9c599.rlib,libarrow_string-0c1f0b7a9c1251a9.rlib,libregex-e04a0c8a2ff6ee99.rlib,libregex_automata-b57cdc8c881edcd8.rlib,libaho_corasick-95067eed765e3382.rlib,libregex_syntax-1e8a369a74e060a6.rlib,libarrow_cast-e96e7e8379516f77.rlib,libatoi-a318f52d49aab69b.rlib,libbase64-654283100a0b6a3e.rlib,libcomfy_table-0496356df8c190c7.rlib,libunicode_segmentation-327c34f04d57bab3.rlib,libunicode_width-f4f39ef0af0e2973.rlib,liblexical_core-3e3d4cff9cdc290c.rlib,liblexical_write_float-5ecd9d8445606c4b.rlib,liblexical_write_integer-004da0c116ce0a7f.rlib,liblexical_parse_float-9c5e3f12c1f48dcb.rlib,liblexical_parse_integer-a244548e8e44c3d9.rlib,liblexical_util-d9b40effd5c58a28.rlib,libstatic_assertions-bbd866f8d82ca97d.rlib,libarrow_arith-abc56fc0f5716135.rlib,libarrow_ord-a7fad86acc8ae8ab.rlib,libarrow_select-64ed9a488bd2e6a4.rlib,libarrow_array-6fe7e9e725e9ad18.rlib,libchrono_tz-590c90f2117449ae.rlib,libphf-0d5ff6ccb6ac8fa4.rlib,libphf_shared-ec91fad29bef0c65.rlib,libsiphasher-56d7cc3f9276421a.rlib,libahash-c4ca5540cbf09434.rlib,libgetrandom-f46fed3fc4e131a3.rlib,libonce_cell-b19178b062812169.rlib,libzerocopy-95928029d98453da.rlib,libhashbrown-f46a9b443634d9f9.rlib,libfoldhash-c0fbacf39535c1a5.rlib,libequivalent-23a75fce747333ae.rlib,liballocator_api2-e178994a0984594a.rlib,libchrono-85cc897a59e31a52.rlib,libiana_time_zone-4ce0ecd1b26187dc.rlib,libarrow_data-438746adf13546f8.rlib,libarrow_schema-4d5a0a2ea69f26bc.rlib,libserde_json-0c1b94d84eed19db.rlib,libmemchr-43e1c146a71885ce.rlib,libitoa-da0e5894b0f1e0a5.rlib,libryu-fd20ddf8b64a1db0.rlib,libbitflags-e43ce81c7956362b.rlib,libarrow_buffer-760f855f69522381.rlib,libbytes-b7f26ff2edee4da7.rlib,libhalf-a520f488e3de4f67.rlib,libnum-0b52a96930e28eb0.rlib,libnum_iter-efd81a4d019c6ce7.rlib,libnum_rational-a7c6c39dbc3b986e.rlib,libnum_complex-a938b0f1221b891d.rlib,libnum_bigint-a801c3be0b179c01.rlib,libserde-40c2de2881464769.rlib,libserde_core-e78d405ae1a16843.rlib,libnum_integer-1769e8f989d68225.rlib,libnum_traits-0c0462975c553d05.rlib,libsqlparser-42cc5a7a4f060e00.rlib,librecursive-563d4bbd7a90f7fb.rlib,libstacker-cffba6ffb8c7e1e0.rlib,libpsm-e4d94a1d7085304f.rlib,liblibc-33634091ba1aaaf5.rlib,libcfg_if-3d86f520ef21fd6a.rlib,liblog-b9fcf50dffa3f048.rlib}.rlib" "<sysroot>/lib/rustlib/aarch64-unknown-linux-gnu/lib/{libstd-*,libpanic_unwind-*,libobject-*,libmemchr-*,libaddr2line-*,libgimli-*,librustc_demangle-*,libstd_detect-*,libhashbrown-*,librustc_std_workspace_alloc-*,libminiz_oxide-*,libadler2-*,libunwind-*,libcfg_if-*,liblibc-*,liballoc-*,librustc_std_workspace_core-*,libcore-*,libcompiler_builtins-*}.rlib" "-Wl,-Bdynamic" "-lpython3.11" "-lssl" "-lcrypto" "-lgcc_s" "-lutil" "-lrt" "-lpthread" "-lm" "-ldl" "-lc" "-Wl,--eh-frame-hdr" "-Wl,-z,noexecstack" "-L" "/work/target/debug/build/zstd-sys-7cb059f3c6ab1cb1/out" "-L" "/work/target/debug/build/ring-8e0c6db8efc0c12d/out" "-L" "/work/target/debug/build/psm-bf4a270ddc91093b/out" "-L" "/work/target/debug/build/bzip2-sys-583c37f52eea31fd/out/lib" "-L" "/work/target/debug/build/lzma-sys-00c33fd18c15f1c2/out" "-L" "/work/target/debug/build/blake3-1fad8c728f960609/out" "-L" "/work/target/debug/build/libduckdb-sys-cbb7fc5191a187e9/out" "-L" "/work/target/debug/build/ring-4931c9dacdf4ca49/out" "-L" "/work/target/debug/build/libsqlite3-sys-8c6e1b900a0dc541/out" "-L" "/usr/lib/aarch64-linux-gnu" "-L" "<sysroot>/lib/rustlib/aarch64-unknown-linux-gnu/lib" "-o" "/work/target/debug/deps/integration_pyiceberg-c302407207c5ecd9" "-Wl,--gc-sections" "-pie" "-Wl,-z,relro,-z,now" "-nodefaultlibs"[0m
[0m  [0m[0m[1m[38;5;12m= [0m[0m[1mnote[0m[0m: some arguments are omitted. use `--verbose` to show all linker arguments[0m
[0m  [0m[0m[1m[38;5;12m= [0m[0m[1mnote[0m[0m: /usr/bin/ld: cannot find -lpython3.11: No such file or directory[0m
[0m          collect2: error: ld returned 1 exit status[0m
[0m          [0m

[1m[31merror[0m[1m:[0m could not compile `datafusion_iceberg` (test "integration_pyiceberg") due to 1 previous error
[1m[33mwarning[0m[1m:[0m build failed, waiting for other jobs to finish...
make: *** [Makefile:10: test-datafusion_iceberg] Error 101
cargo test -p iceberg-rest-catalog --lib && cargo clean -p iceberg-rest-catalog
[1m[32m Downloading[0m crates ...
[1m[32m  Downloaded[0m sharded-slab v0.1.7
[1m[32m  Downloaded[0m overload v0.1.1
[1m[32m  Downloaded[0m thread_local v1.1.8
[1m[32m  Downloaded[0m nu-ansi-term v0.46.0
[1m[32m  Downloaded[0m tracing-log v0.2.0
[1m[32m  Downloaded[0m tracing-subscriber v0.3.19
[1m[32m   Compiling[0m getrandom v0.2.16
[1m[32m   Compiling[0m serde_json v1.0.140
[1m[32m   Compiling[0m smallvec v1.15.0
[1m[32m   Compiling[0m chrono-tz v0.10.3
[1m[32m   Compiling[0m tracing-core v0.1.33
[1m[32m   Compiling[0m futures-io v0.3.31
[1m[32m   Compiling[0m log v0.4.27
[1m[32m   Compiling[0m bitflags v2.9.0
[1m[32m   Compiling[0m either v1.15.0
[1m[32m   Compiling[0m digest v0.10.7
[1m[32m   Compiling[0m arrow-data v56.1.0
[1m[32m   Compiling[0m serde v1.0.225
[1m[32m   Compiling[0m futures-util v0.3.31
[1m[32m   Compiling[0m ahash v0.8.11
[1m[32m   Compiling[0m ring v0.17.14
[1m[32m   Compiling[0m icu_normalizer v1.5.0
[1m[32m   Compiling[0m parking_lot_core v0.9.10
[1m[32m   Compiling[0m itertools v0.14.0
[1m[32m   Compiling[0m tracing v0.1.41
[1m[32m   Compiling[0m flatbuffers v25.2.10
[1m[32m   Compiling[0m arrow-schema v56.1.0
[1m[32m   Compiling[0m md-5 v0.10.6
[1m[32m   Compiling[0m parking_lot v0.12.3
[1m[32m   Compiling[0m hashbrown v0.14.5
[1m[32m   Compiling[0m sqlparser v0.58.0
[1m[32m   Compiling[0m h2 v0.4.10
[1m[32m   Compiling[0m rustls-webpki v0.103.2
[1m[32m   Compiling[0m idna_adapter v1.2.0
[1m[32m   Compiling[0m csv v1.3.1
[1m[32m   Compiling[0m futures-executor v0.3.31
[1m[32m   Compiling[0m tower v0.5.2
[1m[32m   Compiling[0m idna v1.1.0
[1m[32m   Compiling[0m rustls v0.23.27
[1m[32m   Compiling[0m rustix v1.0.7
[1m[32m   Compiling[0m futures v0.3.31
[1m[32m   Compiling[0m dashmap v6.1.0
[1m[32m   Compiling[0m hyper v1.6.0
[1m[32m   Compiling[0m bigdecimal v0.4.8
[1m[32m   Compiling[0m url v2.5.7
[1m[32m   Compiling[0m blake3 v1.8.2
[1m[32m   Compiling[0m sha2 v0.10.9
[1m[32m   Compiling[0m blake2 v0.10.6
[1m[32m   Compiling[0m datafusion-common-runtime v50.0.0
[1m[32m   Compiling[0m tempfile v3.19.1
[1m[32m   Compiling[0m tokio-rustls v0.26.2
[1m[32m   Compiling[0m hyper-util v0.1.11
[1m[32m   Compiling[0m lazy_static v1.5.0
[1m[32m   Compiling[0m apache-avro v0.18.0
[1m[32m   Compiling[0m xattr v1.5.0
[1m[32m   Compiling[0m tokio-stream v0.1.17
[1m[32m   Compiling[0m docker_credential v1.3.2
[1m[32m   Compiling[0m ring v0.16.20
[1m[32m   Compiling[0m hyper v0.14.32
[1m[32m   Compiling[0m bytes-utils v0.1.4
[1m[32m   Compiling[0m overload v0.1.1
[1m[32m   Compiling[0m sharded-slab v0.1.7
[1m[32m   Compiling[0m hyper-rustls v0.27.5
[1m[32m   Compiling[0m hyperlocal v0.9.1
[1m[32m   Compiling[0m iceberg-rust-spec v0.9.0 (/work/iceberg-rust-spec)
[1m[32m   Compiling[0m tokio-tar v0.3.1
[1m[32m   Compiling[0m aws-smithy-http v0.33.1
[1m[32m   Compiling[0m nu-ansi-term v0.46.0
[1m[32m   Compiling[0m tracing-log v0.2.0
[1m[32m   Compiling[0m reqwest v0.12.15
[1m[32m   Compiling[0m bollard v0.18.1
[1m[32m   Compiling[0m thread_local v1.1.8
[1m[32m   Compiling[0m tracing-futures v0.2.5
[1m[32m   Compiling[0m aws-sigv4 v0.3.1
[1m[32m   Compiling[0m tracing-subscriber v0.3.19
[1m[32m   Compiling[0m object_store v0.12.3
[1m[32m   Compiling[0m testcontainers v0.23.3
[1m[32m   Compiling[0m testcontainers-modules v0.11.6
[1m[32m   Compiling[0m arrow-array v56.1.0
[1m[32m   Compiling[0m arrow-select v56.1.0
[1m[32m   Compiling[0m arrow-row v56.1.0
[1m[32m   Compiling[0m arrow-arith v56.1.0
[1m[32m   Compiling[0m arrow-cast v56.1.0
[1m[32m   Compiling[0m arrow-ipc v56.1.0
[1m[32m   Compiling[0m arrow-ord v56.1.0
[1m[32m   Compiling[0m arrow-string v56.1.0
[1m[32m   Compiling[0m arrow-json v56.1.0
[1m[32m   Compiling[0m arrow-csv v56.1.0
[1m[32m   Compiling[0m parquet v56.1.0
[1m[32m   Compiling[0m arrow v56.1.0
[1m[32m   Compiling[0m datafusion-common v50.0.0
[1m[32m   Compiling[0m iceberg-rust v0.9.0 (/work/iceberg-rust)
[1m[32m   Compiling[0m datafusion-expr-common v50.0.0
[1m[32m   Compiling[0m datafusion-physical-expr-common v50.0.0
[1m[32m   Compiling[0m datafusion-functions-aggregate-common v50.0.0
[1m[32m   Compiling[0m datafusion-functions-window-common v50.0.0
[1m[32m   Compiling[0m datafusion-expr v50.0.0
[1m[32m   Compiling[0m datafusion-macros v50.0.0
[1m[32m   Compiling[0m datafusion-physical-expr v50.0.0
[1m[32m   Compiling[0m datafusion-execution v50.0.0
[1m[32m   Compiling[0m datafusion-sql v50.0.0
[1m[32m   Compiling[0m datafusion-physical-plan v50.0.0
[1m[32m   Compiling[0m datafusion-optimizer v50.0.0
[1m[32m   Compiling[0m datafusion-functions v50.0.0
[1m[32m   Compiling[0m datafusion-functions-aggregate v50.0.0
[1m[32m   Compiling[0m datafusion-functions-window v50.0.0
[1m[32m   Compiling[0m datafusion-session v50.0.0
[1m[32m   Compiling[0m datafusion-physical-expr-adapter v50.0.0
[1m[32m   Compiling[0m datafusion-functions-nested v50.0.0
[1m[32m   Compiling[0m datafusion-datasource v50.0.0
[1m[32m   Compiling[0m datafusion-catalog v50.0.0
[1m[32m   Compiling[0m datafusion-pruning v50.0.0
[1m[32m   Compiling[0m datafusion-physical-optimizer v50.0.0
[1m[32m   Compiling[0m datafusion-datasource-parquet v50.0.0
[1m[32m   Compiling[0m datafusion-catalog-listing v50.0.0
[1m[32m   Compiling[0m datafusion-datasource-json v50.0.0
[1m[32m   Compiling[0m datafusion-functions-table v50.0.0
[1m[32m   Compiling[0m datafusion-datasource-csv v50.0.0
[1m[32m   Compiling[0m datafusion v50.0.0
[1m[32m   Compiling[0m datafusion_iceberg v0.9.0 (/work/datafusion_iceberg)
[1m[32m   Compiling[0m iceberg-rest-catalog v0.9.0 (/work/catalogs/iceberg-rest-catalog)
[1m[32m    Finished[0m `test` profile [unoptimized + debuginfo] target(s) in 3m 07s
[1m[32m     Running[0m unittests src/lib.rs (target/debug/deps/iceberg_rest_catalog-231c5cbea225131f)

running 3 tests
test models::list_tables_response::tests::test_list_tables_response_serialization ... ok
test models::list_tables_response::tests::test_list_tables_response_deserialization ... ok
test catalog::tests::test_create_update_drop_table ... ok

test result: ok. 3 passed; 0 failed; 0 ignored; 0 measured; 0 filtered out; finished in 15.93s

[1m[32m     Removed[0m 3964 files, 2.4GiB total
cargo test -p iceberg-file-catalog --lib && cargo clean -p iceberg-file-catalog
[1m[32m   Compiling[0m num-bigint v0.4.6
[1m[32m   Compiling[0m chrono-tz v0.10.3
[1m[32m   Compiling[0m tracing v0.1.41
[1m[32m   Compiling[0m serde v1.0.225
[1m[32m   Compiling[0m datafusion-common-runtime v50.0.0
[1m[32m   Compiling[0m serde_with v3.12.0
[1m[32m   Compiling[0m h2 v0.4.10
[1m[32m   Compiling[0m csv v1.3.1
[1m[32m   Compiling[0m serde_json v1.0.140
[1m[32m   Compiling[0m num-rational v0.4.2
[1m[32m   Compiling[0m bigdecimal v0.4.8
[1m[32m   Compiling[0m bollard-stubs v1.47.1-rc.27.3.1
[1m[32m   Compiling[0m num v0.4.3
[1m[32m   Compiling[0m hyper v1.6.0
[1m[32m   Compiling[0m apache-avro v0.18.0
[1m[32m   Compiling[0m arrow-buffer v56.1.0
[1m[32m   Compiling[0m hyper-util v0.1.11
[1m[32m   Compiling[0m arrow-data v56.1.0
[1m[32m   Compiling[0m iceberg-rust-spec v0.9.0 (/work/iceberg-rust-spec)
[1m[32m   Compiling[0m arrow-array v56.1.0
[1m[32m   Compiling[0m hyper-rustls v0.27.5
[1m[32m   Compiling[0m hyperlocal v0.9.1
[1m[32m   Compiling[0m reqwest v0.12.15
[1m[32m   Compiling[0m bollard v0.18.1
[1m[32m   Compiling[0m arrow-select v56.1.0
[1m[32m   Compiling[0m arrow-row v56.1.0
[1m[32m   Compiling[0m arrow-arith v56.1.0
[1m[32m   Compiling[0m object_store v0.12.3
[1m[32m   Compiling[0m arrow-cast v56.1.0
[1m[32m   Compiling[0m arrow-string v56.1.0
[1m[32m   Compiling[0m arrow-ipc v56.1.0
[1m[32m   Compiling[0m arrow-ord v56.1.0
[1m[32m   Compiling[0m arrow-csv v56.1.0
[1m[32m   Compiling[0m arrow-json v56.1.0
[1m[32m   Compiling[0m testcontainers v0.23.3
[1m[32m   Compiling[0m arrow v56.1.0
[1m[32m   Compiling[0m parquet v56.1.0
[1m[32m   Compiling[0m datafusion-common v50.0.0
[1m[32m   Compiling[0m testcontainers-modules v0.11.6
[1m[32m   Compiling[0m datafusion-expr-common v50.0.0
[1m[32m   Compiling[0m datafusion-physical-expr-common v50.0.0
[1m[32m   Compiling[0m datafusion-functions-window-common v50.0.0
[1m[32m   Compiling[0m datafusion-functions-aggregate-common v50.0.0
[1m[32m   Compiling[0m iceberg-rust v0.9.0 (/work/iceberg-rust)
[1m[32m   Compiling[0m datafusion-expr v50.0.0
[1m[32m   Compiling[0m datafusion-macros v50.0.0
[1m[32m   Compiling[0m datafusion-physical-expr v50.0.0
[1m[32m   Compiling[0m datafusion-execution v50.0.0
[1m[32m   Compiling[0m datafusion-sql v50.0.0
[1m[32m   Compiling[0m datafusion-physical-plan v50.0.0
[1m[32m   Compiling[0m datafusion-optimizer v50.0.0
[1m[32m   Compiling[0m datafusion-functions v50.0.0
[1m[32m   Compiling[0m datafusion-functions-aggregate v50.0.0
[1m[32m   Compiling[0m datafusion-functions-window v50.0.0
[1m[32m   Compiling[0m datafusion-session v50.0.0
[1m[32m   Compiling[0m datafusion-physical-expr-adapter v50.0.0
[1m[32m   Compiling[0m datafusion-functions-nested v50.0.0
[1m[32m   Compiling[0m datafusion-datasource v50.0.0
[1m[32m   Compiling[0m datafusion-catalog v50.0.0
[1m[32m   Compiling[0m datafusion-pruning v50.0.0
[1m[32m   Compiling[0m datafusion-physical-optimizer v50.0.0
[1m[32m   Compiling[0m datafusion-functions-table v50.0.0
[1m[32m   Compiling[0m datafusion-datasource-json v50.0.0
[1m[32m   Compiling[0m datafusion-catalog-listing v50.0.0
[1m[32m   Compiling[0m datafusion-datasource-csv v50.0.0
[1m[32m   Compiling[0m datafusion-datasource-parquet v50.0.0
[1m[32m   Compiling[0m datafusion v50.0.0
[1m[32m   Compiling[0m datafusion_iceberg v0.9.0 (/work/datafusion_iceberg)
[1m[32m   Compiling[0m iceberg-file-catalog v0.9.0 (/work/catalogs/iceberg-file-catalog)
[1m[32m    Finished[0m `test` profile [unoptimized + debuginfo] target(s) in 2m 50s
[1m[32m     Running[0m unittests src/lib.rs (target/debug/deps/iceberg_file_catalog-9fa63ed870e0273d)

running 5 tests
test tests::test_namespace_path_s3 ... ok
test tests::test_namespace_path_normal_case ... ok
test tests::test_namespace_normal_case ... ok
test tests::test_identifier_normal_case ... ok
test tests::test_create_update_drop_table ... ok

test result: ok. 5 passed; 0 failed; 0 ignored; 0 measured; 0 filtered out; finished in 12.71s

[1m[32m     Removed[0m 2104 files, 1.8GiB total
cargo test -p iceberg-sql-catalog --lib && cargo clean -p iceberg-sql-catalog
[1m[32m   Compiling[0m arrow-schema v56.1.0
[1m[32m   Compiling[0m ahash v0.8.11
[1m[32m   Compiling[0m reqwest v0.12.15
[1m[32m   Compiling[0m bigdecimal v0.4.8
[1m[32m   Compiling[0m tokio-stream v0.1.17
[1m[32m   Compiling[0m num-bigint-dig v0.8.4
[1m[32m   Compiling[0m bollard v0.18.1
[1m[32m   Compiling[0m arrow-array v56.1.0
[1m[32m   Compiling[0m hashbrown v0.14.5
[1m[32m   Compiling[0m sqlx-core v0.8.5
[1m[32m   Compiling[0m tokio-tar v0.3.1
[1m[32m   Compiling[0m apache-avro v0.18.0
[1m[32m   Compiling[0m arrow-data v56.1.0
[1m[32m   Compiling[0m rsa v0.9.8
[1m[32m   Compiling[0m object_store v0.12.3
[1m[32m   Compiling[0m arrow-select v56.1.0
[1m[32m   Compiling[0m arrow-row v56.1.0
[1m[32m   Compiling[0m arrow-arith v56.1.0
[1m[32m   Compiling[0m testcontainers v0.23.3
[1m[32m   Compiling[0m iceberg-rust-spec v0.9.0 (/work/iceberg-rust-spec)
[1m[32m   Compiling[0m sqlx-sqlite v0.8.5
[1m[32m   Compiling[0m sqlx-mysql v0.8.5
[1m[32m   Compiling[0m sqlx-postgres v0.8.5
[1m[32m   Compiling[0m arrow-cast v56.1.0
[1m[32m   Compiling[0m arrow-ipc v56.1.0
[1m[32m   Compiling[0m arrow-ord v56.1.0
[1m[32m   Compiling[0m arrow-json v56.1.0
[1m[32m   Compiling[0m arrow-string v56.1.0
[1m[32m   Compiling[0m arrow-csv v56.1.0
[1m[32m   Compiling[0m parquet v56.1.0
[1m[32m   Compiling[0m sqlx v0.8.5
[1m[32m   Compiling[0m testcontainers-modules v0.11.6
[1m[32m   Compiling[0m arrow v56.1.0
[1m[32m   Compiling[0m datafusion-common v50.0.0
[1m[32m   Compiling[0m iceberg-rust v0.9.0 (/work/iceberg-rust)
[1m[32m   Compiling[0m datafusion-expr-common v50.0.0
[1m[32m   Compiling[0m datafusion-physical-expr-common v50.0.0
[1m[32m   Compiling[0m datafusion-functions-aggregate-common v50.0.0
[1m[32m   Compiling[0m datafusion-functions-window-common v50.0.0
[1m[32m   Compiling[0m datafusion-expr v50.0.0
[1m[32m   Compiling[0m datafusion-macros v50.0.0
[1m[32m   Compiling[0m datafusion-physical-expr v50.0.0
[1m[32m   Compiling[0m datafusion-execution v50.0.0
[1m[32m   Compiling[0m datafusion-sql v50.0.0
[1m[32m   Compiling[0m datafusion-physical-plan v50.0.0
[1m[32m   Compiling[0m datafusion-optimizer v50.0.0
[1m[32m   Compiling[0m datafusion-functions v50.0.0
[1m[32m   Compiling[0m datafusion-functions-aggregate v50.0.0
[1m[32m   Compiling[0m datafusion-functions-window v50.0.0
[1m[32m   Compiling[0m datafusion-session v50.0.0
[1m[32m   Compiling[0m datafusion-physical-expr-adapter v50.0.0
[1m[32m   Compiling[0m datafusion-functions-nested v50.0.0
[1m[32m   Compiling[0m datafusion-datasource v50.0.0
[1m[32m   Compiling[0m datafusion-catalog v50.0.0
[1m[32m   Compiling[0m datafusion-pruning v50.0.0
[1m[32m   Compiling[0m datafusion-physical-optimizer v50.0.0
[1m[32m   Compiling[0m datafusion-datasource-json v50.0.0
[1m[32m   Compiling[0m datafusion-functions-table v50.0.0
[1m[32m   Compiling[0m datafusion-datasource-parquet v50.0.0
[1m[32m   Compiling[0m datafusion-datasource-csv v50.0.0
[1m[32m   Compiling[0m datafusion-catalog-listing v50.0.0
[1m[32m   Compiling[0m datafusion v50.0.0
[1m[32m   Compiling[0m datafusion_iceberg v0.9.0 (/work/datafusion_iceberg)
[1m[32m   Compiling[0m iceberg-sql-catalog v0.9.0 (/work/catalogs/iceberg-sql-catalog)
[1m[32m    Finished[0m `test` profile [unoptimized + debuginfo] target(s) in 3m 05s
[1m[32m     Running[0m unittests src/lib.rs (target/debug/deps/iceberg_sql_catalog-7f05de18eeae8704)

running 1 test
test tests::test_create_update_drop_table ... ok

test result: ok. 1 passed; 0 failed; 0 ignored; 0 measured; 0 filtered out; finished in 27.31s

[1m[36m    Blocking[0m waiting for file lock on build directory
[1m[32m     Removed[0m 4014 files, 2.1GiB total
CI_SUMMARY 0 0 0 2 0 0 0
